166.357, 1901, Jan Average, Tanzania, United Republic of, TZA
166.161, 1901, Feb Average, Tanzania, United Republic of, TZA
103.281, 1901, Mar Average, Tanzania, United Republic of, TZA
180.862, 1901, Apr Average, Tanzania, United Republic of, TZA
52.8278, 1901, May Average, Tanzania, United Republic of, TZA
8.08646, 1901, Jun Average, Tanzania, United Republic of, TZA
10.0832, 1901, Jul Average, Tanzania, United Republic of, TZA
3.86589, 1901, Aug Average, Tanzania, United Republic of, TZA
11.049, 1901, Sep Average, Tanzania, United Republic of, TZA
12.6252, 1901, Oct Average, Tanzania, United Republic of, TZA
39.7178, 1901, Nov Average, Tanzania, United Republic of, TZA
67.2781, 1901, Dec Average, Tanzania, United Republic of, TZA
94.8326, 1902, Jan Average, Tanzania, United Republic of, TZA
108.253, 1902, Feb Average, Tanzania, United Republic of, TZA
135.151, 1902, Mar Average, Tanzania, United Republic of, TZA
147.236, 1902, Apr Average, Tanzania, United Republic of, TZA
64.7818, 1902, May Average, Tanzania, United Republic of, TZA
25.5401, 1902, Jun Average, Tanzania, United Republic of, TZA
9.56615, 1902, Jul Average, Tanzania, United Republic of, TZA
8.44384, 1902, Aug Average, Tanzania, United Republic of, TZA
21.3168, 1902, Sep Average, Tanzania, United Republic of, TZA
33.5926, 1902, Oct Average, Tanzania, United Republic of, TZA
94.2432, 1902, Nov Average, Tanzania, United Republic of, TZA
147.684, 1902, Dec Average, Tanzania, United Republic of, TZA
169.84, 1903, Jan Average, Tanzania, United Republic of, TZA
187.396, 1903, Feb Average, Tanzania, United Republic of, TZA
186.179, 1903, Mar Average, Tanzania, United Republic of, TZA
209.441, 1903, Apr Average, Tanzania, United Republic of, TZA
103.761, 1903, May Average, Tanzania, United Republic of, TZA
16.9276, 1903, Jun Average, Tanzania, United Republic of, TZA
6.15252, 1903, Jul Average, Tanzania, United Republic of, TZA
10.8954, 1903, Aug Average, Tanzania, United Republic of, TZA
18.5365, 1903, Sep Average, Tanzania, United Republic of, TZA
24.7114, 1903, Oct Average, Tanzania, United Republic of, TZA
53.8257, 1903, Nov Average, Tanzania, United Republic of, TZA
158.101, 1903, Dec Average, Tanzania, United Republic of, TZA
200.781, 1904, Jan Average, Tanzania, United Republic of, TZA
151.093, 1904, Feb Average, Tanzania, United Republic of, TZA
201.578, 1904, Mar Average, Tanzania, United Republic of, TZA
217.994, 1904, Apr Average, Tanzania, United Republic of, TZA
100.362, 1904, May Average, Tanzania, United Republic of, TZA
18.7436, 1904, Jun Average, Tanzania, United Republic of, TZA
9.26081, 1904, Jul Average, Tanzania, United Republic of, TZA
10.6462, 1904, Aug Average, Tanzania, United Republic of, TZA
10.3515, 1904, Sep Average, Tanzania, United Republic of, TZA
20.1025, 1904, Oct Average, Tanzania, United Republic of, TZA
78.0002, 1904, Nov Average, Tanzania, United Republic of, TZA
146.256, 1904, Dec Average, Tanzania, United Republic of, TZA
164.523, 1905, Jan Average, Tanzania, United Republic of, TZA
73.0673, 1905, Feb Average, Tanzania, United Republic of, TZA
185.649, 1905, Mar Average, Tanzania, United Republic of, TZA
226.361, 1905, Apr Average, Tanzania, United Republic of, TZA
39.3506, 1905, May Average, Tanzania, United Republic of, TZA
9.05232, 1905, Jun Average, Tanzania, United Republic of, TZA
7.5545, 1905, Jul Average, Tanzania, United Republic of, TZA
8.35918, 1905, Aug Average, Tanzania, United Republic of, TZA
25.2543, 1905, Sep Average, Tanzania, United Republic of, TZA
20.1339, 1905, Oct Average, Tanzania, United Republic of, TZA
128.674, 1905, Nov Average, Tanzania, United Republic of, TZA
209.27, 1905, Dec Average, Tanzania, United Republic of, TZA
192.31, 1906, Jan Average, Tanzania, United Republic of, TZA
180.238, 1906, Feb Average, Tanzania, United Republic of, TZA
287.968, 1906, Mar Average, Tanzania, United Republic of, TZA
185.841, 1906, Apr Average, Tanzania, United Republic of, TZA
65.4019, 1906, May Average, Tanzania, United Republic of, TZA
18.4192, 1906, Jun Average, Tanzania, United Republic of, TZA
5.85051, 1906, Jul Average, Tanzania, United Republic of, TZA
6.06911, 1906, Aug Average, Tanzania, United Republic of, TZA
15.5098, 1906, Sep Average, Tanzania, United Republic of, TZA
35.0915, 1906, Oct Average, Tanzania, United Republic of, TZA
48.0724, 1906, Nov Average, Tanzania, United Republic of, TZA
136.714, 1906, Dec Average, Tanzania, United Republic of, TZA
118.299, 1907, Jan Average, Tanzania, United Republic of, TZA
144.998, 1907, Feb Average, Tanzania, United Republic of, TZA
106.983, 1907, Mar Average, Tanzania, United Republic of, TZA
223.78, 1907, Apr Average, Tanzania, United Republic of, TZA
78.654, 1907, May Average, Tanzania, United Republic of, TZA
11.7222, 1907, Jun Average, Tanzania, United Republic of, TZA
3.77901, 1907, Jul Average, Tanzania, United Republic of, TZA
5.69762, 1907, Aug Average, Tanzania, United Republic of, TZA
12.5469, 1907, Sep Average, Tanzania, United Republic of, TZA
20.4965, 1907, Oct Average, Tanzania, United Republic of, TZA
73.9071, 1907, Nov Average, Tanzania, United Republic of, TZA
86.8078, 1907, Dec Average, Tanzania, United Republic of, TZA
139.79, 1908, Jan Average, Tanzania, United Republic of, TZA
138.955, 1908, Feb Average, Tanzania, United Republic of, TZA
145.361, 1908, Mar Average, Tanzania, United Republic of, TZA
180.465, 1908, Apr Average, Tanzania, United Republic of, TZA
82.9574, 1908, May Average, Tanzania, United Republic of, TZA
23.0153, 1908, Jun Average, Tanzania, United Republic of, TZA
13.4083, 1908, Jul Average, Tanzania, United Republic of, TZA
10.8595, 1908, Aug Average, Tanzania, United Republic of, TZA
12.4735, 1908, Sep Average, Tanzania, United Republic of, TZA
20.307, 1908, Oct Average, Tanzania, United Republic of, TZA
86.7141, 1908, Nov Average, Tanzania, United Republic of, TZA
136.873, 1908, Dec Average, Tanzania, United Republic of, TZA
133.053, 1909, Jan Average, Tanzania, United Republic of, TZA
74.4027, 1909, Feb Average, Tanzania, United Republic of, TZA
147.185, 1909, Mar Average, Tanzania, United Republic of, TZA
151.636, 1909, Apr Average, Tanzania, United Republic of, TZA
43.2602, 1909, May Average, Tanzania, United Republic of, TZA
7.67965, 1909, Jun Average, Tanzania, United Republic of, TZA
16.9075, 1909, Jul Average, Tanzania, United Republic of, TZA
12.2521, 1909, Aug Average, Tanzania, United Republic of, TZA
26.324, 1909, Sep Average, Tanzania, United Republic of, TZA
18.8846, 1909, Oct Average, Tanzania, United Republic of, TZA
43.7001, 1909, Nov Average, Tanzania, United Republic of, TZA
77.303, 1909, Dec Average, Tanzania, United Republic of, TZA
184.777, 1910, Jan Average, Tanzania, United Republic of, TZA
86.1119, 1910, Feb Average, Tanzania, United Republic of, TZA
122.308, 1910, Mar Average, Tanzania, United Republic of, TZA
198.819, 1910, Apr Average, Tanzania, United Republic of, TZA
59.2756, 1910, May Average, Tanzania, United Republic of, TZA
4.81199, 1910, Jun Average, Tanzania, United Republic of, TZA
12.8704, 1910, Jul Average, Tanzania, United Republic of, TZA
7.42291, 1910, Aug Average, Tanzania, United Republic of, TZA
8.4808, 1910, Sep Average, Tanzania, United Republic of, TZA
13.136, 1910, Oct Average, Tanzania, United Republic of, TZA
64.7653, 1910, Nov Average, Tanzania, United Republic of, TZA
114.051, 1910, Dec Average, Tanzania, United Republic of, TZA
92.9267, 1911, Jan Average, Tanzania, United Republic of, TZA
100.956, 1911, Feb Average, Tanzania, United Republic of, TZA
193.869, 1911, Mar Average, Tanzania, United Republic of, TZA
190.256, 1911, Apr Average, Tanzania, United Republic of, TZA
68.039, 1911, May Average, Tanzania, United Republic of, TZA
10.2986, 1911, Jun Average, Tanzania, United Republic of, TZA
11.7592, 1911, Jul Average, Tanzania, United Republic of, TZA
10.8273, 1911, Aug Average, Tanzania, United Republic of, TZA
6.06335, 1911, Sep Average, Tanzania, United Republic of, TZA
14.4902, 1911, Oct Average, Tanzania, United Republic of, TZA
137.946, 1911, Nov Average, Tanzania, United Republic of, TZA
119.182, 1911, Dec Average, Tanzania, United Republic of, TZA
141.189, 1912, Jan Average, Tanzania, United Republic of, TZA
193.595, 1912, Feb Average, Tanzania, United Republic of, TZA
142.992, 1912, Mar Average, Tanzania, United Republic of, TZA
200.126, 1912, Apr Average, Tanzania, United Republic of, TZA
33.2027, 1912, May Average, Tanzania, United Republic of, TZA
10.6639, 1912, Jun Average, Tanzania, United Republic of, TZA
6.16838, 1912, Jul Average, Tanzania, United Republic of, TZA
12.8767, 1912, Aug Average, Tanzania, United Republic of, TZA
29.3205, 1912, Sep Average, Tanzania, United Republic of, TZA
25.2448, 1912, Oct Average, Tanzania, United Republic of, TZA
81.7335, 1912, Nov Average, Tanzania, United Republic of, TZA
145.175, 1912, Dec Average, Tanzania, United Republic of, TZA
112.787, 1913, Jan Average, Tanzania, United Republic of, TZA
151.154, 1913, Feb Average, Tanzania, United Republic of, TZA
262.44, 1913, Mar Average, Tanzania, United Republic of, TZA
164.503, 1913, Apr Average, Tanzania, United Republic of, TZA
90.4317, 1913, May Average, Tanzania, United Republic of, TZA
15.6841, 1913, Jun Average, Tanzania, United Republic of, TZA
3.8982, 1913, Jul Average, Tanzania, United Republic of, TZA
3.76939, 1913, Aug Average, Tanzania, United Republic of, TZA
10.2615, 1913, Sep Average, Tanzania, United Republic of, TZA
29.3587, 1913, Oct Average, Tanzania, United Republic of, TZA
64.2896, 1913, Nov Average, Tanzania, United Republic of, TZA
140.779, 1913, Dec Average, Tanzania, United Republic of, TZA
162.163, 1914, Jan Average, Tanzania, United Republic of, TZA
119.036, 1914, Feb Average, Tanzania, United Republic of, TZA
180.444, 1914, Mar Average, Tanzania, United Republic of, TZA
129.084, 1914, Apr Average, Tanzania, United Republic of, TZA
54.1303, 1914, May Average, Tanzania, United Republic of, TZA
9.8292, 1914, Jun Average, Tanzania, United Republic of, TZA
7.25837, 1914, Jul Average, Tanzania, United Republic of, TZA
13.2742, 1914, Aug Average, Tanzania, United Republic of, TZA
17.1845, 1914, Sep Average, Tanzania, United Republic of, TZA
25.2102, 1914, Oct Average, Tanzania, United Republic of, TZA
85.3327, 1914, Nov Average, Tanzania, United Republic of, TZA
111.418, 1914, Dec Average, Tanzania, United Republic of, TZA
96.4977, 1915, Jan Average, Tanzania, United Republic of, TZA
106.969, 1915, Feb Average, Tanzania, United Republic of, TZA
178.847, 1915, Mar Average, Tanzania, United Republic of, TZA
187.335, 1915, Apr Average, Tanzania, United Republic of, TZA
71.3241, 1915, May Average, Tanzania, United Republic of, TZA
24.0473, 1915, Jun Average, Tanzania, United Republic of, TZA
8.1758, 1915, Jul Average, Tanzania, United Republic of, TZA
3.80759, 1915, Aug Average, Tanzania, United Republic of, TZA
16.6637, 1915, Sep Average, Tanzania, United Republic of, TZA
25.5162, 1915, Oct Average, Tanzania, United Republic of, TZA
62.8792, 1915, Nov Average, Tanzania, United Republic of, TZA
152.965, 1915, Dec Average, Tanzania, United Republic of, TZA
122.225, 1916, Jan Average, Tanzania, United Republic of, TZA
172.537, 1916, Feb Average, Tanzania, United Republic of, TZA
130.057, 1916, Mar Average, Tanzania, United Republic of, TZA
227.684, 1916, Apr Average, Tanzania, United Republic of, TZA
104.572, 1916, May Average, Tanzania, United Republic of, TZA
12.3592, 1916, Jun Average, Tanzania, United Republic of, TZA
4.27522, 1916, Jul Average, Tanzania, United Republic of, TZA
8.54547, 1916, Aug Average, Tanzania, United Republic of, TZA
23.7721, 1916, Sep Average, Tanzania, United Republic of, TZA
24.0664, 1916, Oct Average, Tanzania, United Republic of, TZA
67.2855, 1916, Nov Average, Tanzania, United Republic of, TZA
129.839, 1916, Dec Average, Tanzania, United Republic of, TZA
149.045, 1917, Jan Average, Tanzania, United Republic of, TZA
204.07, 1917, Feb Average, Tanzania, United Republic of, TZA
182.688, 1917, Mar Average, Tanzania, United Republic of, TZA
196.013, 1917, Apr Average, Tanzania, United Republic of, TZA
66.3775, 1917, May Average, Tanzania, United Republic of, TZA
17.7827, 1917, Jun Average, Tanzania, United Republic of, TZA
4.67437, 1917, Jul Average, Tanzania, United Republic of, TZA
11.1499, 1917, Aug Average, Tanzania, United Republic of, TZA
15.6723, 1917, Sep Average, Tanzania, United Republic of, TZA
25.9088, 1917, Oct Average, Tanzania, United Republic of, TZA
64.5128, 1917, Nov Average, Tanzania, United Republic of, TZA
68.1002, 1917, Dec Average, Tanzania, United Republic of, TZA
144.614, 1918, Jan Average, Tanzania, United Republic of, TZA
82.8529, 1918, Feb Average, Tanzania, United Republic of, TZA
112.041, 1918, Mar Average, Tanzania, United Republic of, TZA
140.988, 1918, Apr Average, Tanzania, United Republic of, TZA
47.8509, 1918, May Average, Tanzania, United Republic of, TZA
18.1473, 1918, Jun Average, Tanzania, United Republic of, TZA
12.4118, 1918, Jul Average, Tanzania, United Republic of, TZA
5.31007, 1918, Aug Average, Tanzania, United Republic of, TZA
12.8341, 1918, Sep Average, Tanzania, United Republic of, TZA
21.5347, 1918, Oct Average, Tanzania, United Republic of, TZA
46.0172, 1918, Nov Average, Tanzania, United Republic of, TZA
95.9986, 1918, Dec Average, Tanzania, United Republic of, TZA
130.923, 1919, Jan Average, Tanzania, United Republic of, TZA
158.711, 1919, Feb Average, Tanzania, United Republic of, TZA
169.654, 1919, Mar Average, Tanzania, United Republic of, TZA
149.878, 1919, Apr Average, Tanzania, United Republic of, TZA
42.1414, 1919, May Average, Tanzania, United Republic of, TZA
7.45591, 1919, Jun Average, Tanzania, United Republic of, TZA
9.61623, 1919, Jul Average, Tanzania, United Republic of, TZA
8.6247, 1919, Aug Average, Tanzania, United Republic of, TZA
17.0642, 1919, Sep Average, Tanzania, United Republic of, TZA
30.7867, 1919, Oct Average, Tanzania, United Republic of, TZA
81.6973, 1919, Nov Average, Tanzania, United Republic of, TZA
126.449, 1919, Dec Average, Tanzania, United Republic of, TZA
100.183, 1920, Jan Average, Tanzania, United Republic of, TZA
69.6711, 1920, Feb Average, Tanzania, United Republic of, TZA
189.656, 1920, Mar Average, Tanzania, United Republic of, TZA
135.389, 1920, Apr Average, Tanzania, United Republic of, TZA
68.5225, 1920, May Average, Tanzania, United Republic of, TZA
7.83231, 1920, Jun Average, Tanzania, United Republic of, TZA
5.24856, 1920, Jul Average, Tanzania, United Republic of, TZA
3.60897, 1920, Aug Average, Tanzania, United Republic of, TZA
12.6149, 1920, Sep Average, Tanzania, United Republic of, TZA
48.7394, 1920, Oct Average, Tanzania, United Republic of, TZA
84.3487, 1920, Nov Average, Tanzania, United Republic of, TZA
171.305, 1920, Dec Average, Tanzania, United Republic of, TZA
112.994, 1921, Jan Average, Tanzania, United Republic of, TZA
117.668, 1921, Feb Average, Tanzania, United Republic of, TZA
153.576, 1921, Mar Average, Tanzania, United Republic of, TZA
154.837, 1921, Apr Average, Tanzania, United Republic of, TZA
39.7136, 1921, May Average, Tanzania, United Republic of, TZA
9.31561, 1921, Jun Average, Tanzania, United Republic of, TZA
7.56632, 1921, Jul Average, Tanzania, United Republic of, TZA
5.65883, 1921, Aug Average, Tanzania, United Republic of, TZA
8.15463, 1921, Sep Average, Tanzania, United Republic of, TZA
22.6775, 1921, Oct Average, Tanzania, United Republic of, TZA
80.7328, 1921, Nov Average, Tanzania, United Republic of, TZA
116.035, 1921, Dec Average, Tanzania, United Republic of, TZA
116.449, 1922, Jan Average, Tanzania, United Republic of, TZA
138.739, 1922, Feb Average, Tanzania, United Republic of, TZA
229.7, 1922, Mar Average, Tanzania, United Republic of, TZA
81.557, 1922, Apr Average, Tanzania, United Republic of, TZA
85.801, 1922, May Average, Tanzania, United Republic of, TZA
12.5799, 1922, Jun Average, Tanzania, United Republic of, TZA
4.88465, 1922, Jul Average, Tanzania, United Republic of, TZA
14.4146, 1922, Aug Average, Tanzania, United Republic of, TZA
13.5611, 1922, Sep Average, Tanzania, United Republic of, TZA
36.6743, 1922, Oct Average, Tanzania, United Republic of, TZA
74.5252, 1922, Nov Average, Tanzania, United Republic of, TZA
103.512, 1922, Dec Average, Tanzania, United Republic of, TZA
115.136, 1923, Jan Average, Tanzania, United Republic of, TZA
177.384, 1923, Feb Average, Tanzania, United Republic of, TZA
126.887, 1923, Mar Average, Tanzania, United Republic of, TZA
281.408, 1923, Apr Average, Tanzania, United Republic of, TZA
77.3078, 1923, May Average, Tanzania, United Republic of, TZA
7.15564, 1923, Jun Average, Tanzania, United Republic of, TZA
9.38604, 1923, Jul Average, Tanzania, United Republic of, TZA
8.36935, 1923, Aug Average, Tanzania, United Republic of, TZA
17.0574, 1923, Sep Average, Tanzania, United Republic of, TZA
16.5863, 1923, Oct Average, Tanzania, United Republic of, TZA
54.214, 1923, Nov Average, Tanzania, United Republic of, TZA
205.708, 1923, Dec Average, Tanzania, United Republic of, TZA
125.14, 1924, Jan Average, Tanzania, United Republic of, TZA
190.409, 1924, Feb Average, Tanzania, United Republic of, TZA
151.251, 1924, Mar Average, Tanzania, United Republic of, TZA
129.033, 1924, Apr Average, Tanzania, United Republic of, TZA
27.7896, 1924, May Average, Tanzania, United Republic of, TZA
17.4119, 1924, Jun Average, Tanzania, United Republic of, TZA
4.3449, 1924, Jul Average, Tanzania, United Republic of, TZA
9.16759, 1924, Aug Average, Tanzania, United Republic of, TZA
13.435, 1924, Sep Average, Tanzania, United Republic of, TZA
15.0185, 1924, Oct Average, Tanzania, United Republic of, TZA
44.6037, 1924, Nov Average, Tanzania, United Republic of, TZA
59.5715, 1924, Dec Average, Tanzania, United Republic of, TZA
207.915, 1925, Jan Average, Tanzania, United Republic of, TZA
150.318, 1925, Feb Average, Tanzania, United Republic of, TZA
157.945, 1925, Mar Average, Tanzania, United Republic of, TZA
95.0366, 1925, Apr Average, Tanzania, United Republic of, TZA
63.0271, 1925, May Average, Tanzania, United Republic of, TZA
20.0921, 1925, Jun Average, Tanzania, United Republic of, TZA
8.5209, 1925, Jul Average, Tanzania, United Republic of, TZA
10.1007, 1925, Aug Average, Tanzania, United Republic of, TZA
13.1523, 1925, Sep Average, Tanzania, United Republic of, TZA
39.4501, 1925, Oct Average, Tanzania, United Republic of, TZA
163.811, 1925, Nov Average, Tanzania, United Republic of, TZA
150.778, 1925, Dec Average, Tanzania, United Republic of, TZA
137.276, 1926, Jan Average, Tanzania, United Republic of, TZA
125.911, 1926, Feb Average, Tanzania, United Republic of, TZA
169.012, 1926, Mar Average, Tanzania, United Republic of, TZA
167.751, 1926, Apr Average, Tanzania, United Republic of, TZA
46.7725, 1926, May Average, Tanzania, United Republic of, TZA
5.57968, 1926, Jun Average, Tanzania, United Republic of, TZA
6.84171, 1926, Jul Average, Tanzania, United Republic of, TZA
7.15908, 1926, Aug Average, Tanzania, United Republic of, TZA
31.1475, 1926, Sep Average, Tanzania, United Republic of, TZA
31.2468, 1926, Oct Average, Tanzania, United Republic of, TZA
82.7569, 1926, Nov Average, Tanzania, United Republic of, TZA
128.137, 1926, Dec Average, Tanzania, United Republic of, TZA
175.383, 1927, Jan Average, Tanzania, United Republic of, TZA
101.255, 1927, Feb Average, Tanzania, United Republic of, TZA
228.192, 1927, Mar Average, Tanzania, United Republic of, TZA
162.97, 1927, Apr Average, Tanzania, United Republic of, TZA
43.8256, 1927, May Average, Tanzania, United Republic of, TZA
6.49441, 1927, Jun Average, Tanzania, United Republic of, TZA
3.38082, 1927, Jul Average, Tanzania, United Republic of, TZA
5.73179, 1927, Aug Average, Tanzania, United Republic of, TZA
10.8063, 1927, Sep Average, Tanzania, United Republic of, TZA
23.0538, 1927, Oct Average, Tanzania, United Republic of, TZA
45.8436, 1927, Nov Average, Tanzania, United Republic of, TZA
175.355, 1927, Dec Average, Tanzania, United Republic of, TZA
87.3116, 1928, Jan Average, Tanzania, United Republic of, TZA
135.626, 1928, Feb Average, Tanzania, United Republic of, TZA
208.667, 1928, Mar Average, Tanzania, United Republic of, TZA
151.363, 1928, Apr Average, Tanzania, United Republic of, TZA
71.9227, 1928, May Average, Tanzania, United Republic of, TZA
20.621, 1928, Jun Average, Tanzania, United Republic of, TZA
3.3018, 1928, Jul Average, Tanzania, United Republic of, TZA
9.23453, 1928, Aug Average, Tanzania, United Republic of, TZA
14.865, 1928, Sep Average, Tanzania, United Republic of, TZA
36.9091, 1928, Oct Average, Tanzania, United Republic of, TZA
52.0757, 1928, Nov Average, Tanzania, United Republic of, TZA
136.139, 1928, Dec Average, Tanzania, United Republic of, TZA
117.224, 1929, Jan Average, Tanzania, United Republic of, TZA
74.4809, 1929, Feb Average, Tanzania, United Republic of, TZA
174.612, 1929, Mar Average, Tanzania, United Republic of, TZA
139.615, 1929, Apr Average, Tanzania, United Republic of, TZA
35.2172, 1929, May Average, Tanzania, United Republic of, TZA
18.8969, 1929, Jun Average, Tanzania, United Republic of, TZA
12.064, 1929, Jul Average, Tanzania, United Republic of, TZA
6.79241, 1929, Aug Average, Tanzania, United Republic of, TZA
12.8607, 1929, Sep Average, Tanzania, United Republic of, TZA
29.3125, 1929, Oct Average, Tanzania, United Republic of, TZA
47.642, 1929, Nov Average, Tanzania, United Republic of, TZA
177.643, 1929, Dec Average, Tanzania, United Republic of, TZA
186.524, 1930, Jan Average, Tanzania, United Republic of, TZA
202.695, 1930, Feb Average, Tanzania, United Republic of, TZA
299.866, 1930, Mar Average, Tanzania, United Republic of, TZA
211.939, 1930, Apr Average, Tanzania, United Republic of, TZA
47.8733, 1930, May Average, Tanzania, United Republic of, TZA
6.62907, 1930, Jun Average, Tanzania, United Republic of, TZA
6.14142, 1930, Jul Average, Tanzania, United Republic of, TZA
9.04233, 1930, Aug Average, Tanzania, United Republic of, TZA
32.3918, 1930, Sep Average, Tanzania, United Republic of, TZA
21.643, 1930, Oct Average, Tanzania, United Republic of, TZA
82.451, 1930, Nov Average, Tanzania, United Republic of, TZA
77.6326, 1930, Dec Average, Tanzania, United Republic of, TZA
143.111, 1931, Jan Average, Tanzania, United Republic of, TZA
137.398, 1931, Feb Average, Tanzania, United Republic of, TZA
213.535, 1931, Mar Average, Tanzania, United Republic of, TZA
188.281, 1931, Apr Average, Tanzania, United Republic of, TZA
69.5454, 1931, May Average, Tanzania, United Republic of, TZA
11.6957, 1931, Jun Average, Tanzania, United Republic of, TZA
7.18165, 1931, Jul Average, Tanzania, United Republic of, TZA
7.17656, 1931, Aug Average, Tanzania, United Republic of, TZA
14.5659, 1931, Sep Average, Tanzania, United Republic of, TZA
11.4053, 1931, Oct Average, Tanzania, United Republic of, TZA
75.8548, 1931, Nov Average, Tanzania, United Republic of, TZA
193.674, 1931, Dec Average, Tanzania, United Republic of, TZA
112.818, 1932, Jan Average, Tanzania, United Republic of, TZA
157.849, 1932, Feb Average, Tanzania, United Republic of, TZA
222.583, 1932, Mar Average, Tanzania, United Republic of, TZA
187.931, 1932, Apr Average, Tanzania, United Republic of, TZA
77.5534, 1932, May Average, Tanzania, United Republic of, TZA
11.3653, 1932, Jun Average, Tanzania, United Republic of, TZA
6.1682, 1932, Jul Average, Tanzania, United Republic of, TZA
4.37039, 1932, Aug Average, Tanzania, United Republic of, TZA
30.3041, 1932, Sep Average, Tanzania, United Republic of, TZA
15.8434, 1932, Oct Average, Tanzania, United Republic of, TZA
44.6188, 1932, Nov Average, Tanzania, United Republic of, TZA
143.265, 1932, Dec Average, Tanzania, United Republic of, TZA
227.736, 1933, Jan Average, Tanzania, United Republic of, TZA
164.765, 1933, Feb Average, Tanzania, United Republic of, TZA
144.523, 1933, Mar Average, Tanzania, United Republic of, TZA
106.591, 1933, Apr Average, Tanzania, United Republic of, TZA
34.1151, 1933, May Average, Tanzania, United Republic of, TZA
7.25774, 1933, Jun Average, Tanzania, United Republic of, TZA
8.30386, 1933, Jul Average, Tanzania, United Republic of, TZA
12.943, 1933, Aug Average, Tanzania, United Republic of, TZA
15.0331, 1933, Sep Average, Tanzania, United Republic of, TZA
26.4533, 1933, Oct Average, Tanzania, United Republic of, TZA
38.0266, 1933, Nov Average, Tanzania, United Republic of, TZA
138.087, 1933, Dec Average, Tanzania, United Republic of, TZA
166.063, 1934, Jan Average, Tanzania, United Republic of, TZA
117.805, 1934, Feb Average, Tanzania, United Republic of, TZA
171.164, 1934, Mar Average, Tanzania, United Republic of, TZA
123.596, 1934, Apr Average, Tanzania, United Republic of, TZA
86.856, 1934, May Average, Tanzania, United Republic of, TZA
29.327, 1934, Jun Average, Tanzania, United Republic of, TZA
13.6549, 1934, Jul Average, Tanzania, United Republic of, TZA
8.06596, 1934, Aug Average, Tanzania, United Republic of, TZA
9.32427, 1934, Sep Average, Tanzania, United Republic of, TZA
25.4344, 1934, Oct Average, Tanzania, United Republic of, TZA
67.5996, 1934, Nov Average, Tanzania, United Republic of, TZA
168.602, 1934, Dec Average, Tanzania, United Republic of, TZA
114.16, 1935, Jan Average, Tanzania, United Republic of, TZA
210.069, 1935, Feb Average, Tanzania, United Republic of, TZA
153.971, 1935, Mar Average, Tanzania, United Republic of, TZA
120.707, 1935, Apr Average, Tanzania, United Republic of, TZA
103.46, 1935, May Average, Tanzania, United Republic of, TZA
22.7866, 1935, Jun Average, Tanzania, United Republic of, TZA
1.56895, 1935, Jul Average, Tanzania, United Republic of, TZA
10.7574, 1935, Aug Average, Tanzania, United Republic of, TZA
21.8255, 1935, Sep Average, Tanzania, United Republic of, TZA
22.2943, 1935, Oct Average, Tanzania, United Republic of, TZA
75.426, 1935, Nov Average, Tanzania, United Republic of, TZA
161.069, 1935, Dec Average, Tanzania, United Republic of, TZA
203.627, 1936, Jan Average, Tanzania, United Republic of, TZA
166.108, 1936, Feb Average, Tanzania, United Republic of, TZA
204.705, 1936, Mar Average, Tanzania, United Republic of, TZA
245.956, 1936, Apr Average, Tanzania, United Republic of, TZA
69.5816, 1936, May Average, Tanzania, United Republic of, TZA
41.6153, 1936, Jun Average, Tanzania, United Republic of, TZA
3.80494, 1936, Jul Average, Tanzania, United Republic of, TZA
10.8751, 1936, Aug Average, Tanzania, United Republic of, TZA
21.6061, 1936, Sep Average, Tanzania, United Republic of, TZA
16.5761, 1936, Oct Average, Tanzania, United Republic of, TZA
37.0467, 1936, Nov Average, Tanzania, United Republic of, TZA
188.209, 1936, Dec Average, Tanzania, United Republic of, TZA
141.33, 1937, Jan Average, Tanzania, United Republic of, TZA
124.313, 1937, Feb Average, Tanzania, United Republic of, TZA
240.426, 1937, Mar Average, Tanzania, United Republic of, TZA
221.146, 1937, Apr Average, Tanzania, United Republic of, TZA
93.0221, 1937, May Average, Tanzania, United Republic of, TZA
9.60134, 1937, Jun Average, Tanzania, United Republic of, TZA
3.3301, 1937, Jul Average, Tanzania, United Republic of, TZA
7.83834, 1937, Aug Average, Tanzania, United Republic of, TZA
15.7211, 1937, Sep Average, Tanzania, United Republic of, TZA
42.9902, 1937, Oct Average, Tanzania, United Republic of, TZA
98.8345, 1937, Nov Average, Tanzania, United Republic of, TZA
93.7723, 1937, Dec Average, Tanzania, United Republic of, TZA
82.1589, 1938, Jan Average, Tanzania, United Republic of, TZA
128.388, 1938, Feb Average, Tanzania, United Republic of, TZA
225.491, 1938, Mar Average, Tanzania, United Republic of, TZA
137.436, 1938, Apr Average, Tanzania, United Republic of, TZA
59.4237, 1938, May Average, Tanzania, United Republic of, TZA
11.9365, 1938, Jun Average, Tanzania, United Republic of, TZA
4.98095, 1938, Jul Average, Tanzania, United Republic of, TZA
4.51927, 1938, Aug Average, Tanzania, United Republic of, TZA
13.3096, 1938, Sep Average, Tanzania, United Republic of, TZA
38.1467, 1938, Oct Average, Tanzania, United Republic of, TZA
77.5291, 1938, Nov Average, Tanzania, United Republic of, TZA
105.761, 1938, Dec Average, Tanzania, United Republic of, TZA
106.521, 1939, Jan Average, Tanzania, United Republic of, TZA
96.2201, 1939, Feb Average, Tanzania, United Republic of, TZA
200.329, 1939, Mar Average, Tanzania, United Republic of, TZA
202.911, 1939, Apr Average, Tanzania, United Republic of, TZA
80.5451, 1939, May Average, Tanzania, United Republic of, TZA
13.3895, 1939, Jun Average, Tanzania, United Republic of, TZA
4.82933, 1939, Jul Average, Tanzania, United Republic of, TZA
9.68971, 1939, Aug Average, Tanzania, United Republic of, TZA
16.8719, 1939, Sep Average, Tanzania, United Republic of, TZA
10.6615, 1939, Oct Average, Tanzania, United Republic of, TZA
67.1922, 1939, Nov Average, Tanzania, United Republic of, TZA
98.3727, 1939, Dec Average, Tanzania, United Republic of, TZA
209.845, 1940, Jan Average, Tanzania, United Republic of, TZA
154.745, 1940, Feb Average, Tanzania, United Republic of, TZA
227.289, 1940, Mar Average, Tanzania, United Republic of, TZA
170.684, 1940, Apr Average, Tanzania, United Republic of, TZA
63.2253, 1940, May Average, Tanzania, United Republic of, TZA
7.76641, 1940, Jun Average, Tanzania, United Republic of, TZA
11.7764, 1940, Jul Average, Tanzania, United Republic of, TZA
8.06806, 1940, Aug Average, Tanzania, United Republic of, TZA
9.65094, 1940, Sep Average, Tanzania, United Republic of, TZA
25.2281, 1940, Oct Average, Tanzania, United Republic of, TZA
73.2085, 1940, Nov Average, Tanzania, United Republic of, TZA
106.824, 1940, Dec Average, Tanzania, United Republic of, TZA
160.212, 1941, Jan Average, Tanzania, United Republic of, TZA
114.693, 1941, Feb Average, Tanzania, United Republic of, TZA
185.016, 1941, Mar Average, Tanzania, United Republic of, TZA
129.037, 1941, Apr Average, Tanzania, United Republic of, TZA
63.5194, 1941, May Average, Tanzania, United Republic of, TZA
15.7872, 1941, Jun Average, Tanzania, United Republic of, TZA
4.05238, 1941, Jul Average, Tanzania, United Republic of, TZA
13.7391, 1941, Aug Average, Tanzania, United Republic of, TZA
14.6642, 1941, Sep Average, Tanzania, United Republic of, TZA
20.6933, 1941, Oct Average, Tanzania, United Republic of, TZA
188.474, 1941, Nov Average, Tanzania, United Republic of, TZA
214.511, 1941, Dec Average, Tanzania, United Republic of, TZA
161.127, 1942, Jan Average, Tanzania, United Republic of, TZA
78.4787, 1942, Feb Average, Tanzania, United Republic of, TZA
275.587, 1942, Mar Average, Tanzania, United Republic of, TZA
196.93, 1942, Apr Average, Tanzania, United Republic of, TZA
80.881, 1942, May Average, Tanzania, United Republic of, TZA
8.47444, 1942, Jun Average, Tanzania, United Republic of, TZA
3.98413, 1942, Jul Average, Tanzania, United Republic of, TZA
14.5762, 1942, Aug Average, Tanzania, United Republic of, TZA
4.25772, 1942, Sep Average, Tanzania, United Republic of, TZA
23.8498, 1942, Oct Average, Tanzania, United Republic of, TZA
70.3749, 1942, Nov Average, Tanzania, United Republic of, TZA
143.118, 1942, Dec Average, Tanzania, United Republic of, TZA
108.646, 1943, Jan Average, Tanzania, United Republic of, TZA
177.313, 1943, Feb Average, Tanzania, United Republic of, TZA
129.665, 1943, Mar Average, Tanzania, United Republic of, TZA
166.141, 1943, Apr Average, Tanzania, United Republic of, TZA
85.7927, 1943, May Average, Tanzania, United Republic of, TZA
18.7881, 1943, Jun Average, Tanzania, United Republic of, TZA
8.49731, 1943, Jul Average, Tanzania, United Republic of, TZA
10.8665, 1943, Aug Average, Tanzania, United Republic of, TZA
11.1575, 1943, Sep Average, Tanzania, United Republic of, TZA
8.94085, 1943, Oct Average, Tanzania, United Republic of, TZA
34.9956, 1943, Nov Average, Tanzania, United Republic of, TZA
80.1015, 1943, Dec Average, Tanzania, United Republic of, TZA
152.994, 1944, Jan Average, Tanzania, United Republic of, TZA
108.007, 1944, Feb Average, Tanzania, United Republic of, TZA
193.827, 1944, Mar Average, Tanzania, United Republic of, TZA
177.682, 1944, Apr Average, Tanzania, United Republic of, TZA
61.7066, 1944, May Average, Tanzania, United Republic of, TZA
11.9463, 1944, Jun Average, Tanzania, United Republic of, TZA
6.77936, 1944, Jul Average, Tanzania, United Republic of, TZA
7.15422, 1944, Aug Average, Tanzania, United Republic of, TZA
28.9279, 1944, Sep Average, Tanzania, United Republic of, TZA
43.9347, 1944, Oct Average, Tanzania, United Republic of, TZA
156.183, 1944, Nov Average, Tanzania, United Republic of, TZA
154.657, 1944, Dec Average, Tanzania, United Republic of, TZA
180.745, 1945, Jan Average, Tanzania, United Republic of, TZA
155.954, 1945, Feb Average, Tanzania, United Republic of, TZA
163.014, 1945, Mar Average, Tanzania, United Republic of, TZA
148.713, 1945, Apr Average, Tanzania, United Republic of, TZA
128.318, 1945, May Average, Tanzania, United Republic of, TZA
10.2544, 1945, Jun Average, Tanzania, United Republic of, TZA
5.48572, 1945, Jul Average, Tanzania, United Republic of, TZA
10.8257, 1945, Aug Average, Tanzania, United Republic of, TZA
14.3946, 1945, Sep Average, Tanzania, United Republic of, TZA
14.4968, 1945, Oct Average, Tanzania, United Republic of, TZA
65.8498, 1945, Nov Average, Tanzania, United Republic of, TZA
142.875, 1945, Dec Average, Tanzania, United Republic of, TZA
83.625, 1946, Jan Average, Tanzania, United Republic of, TZA
69.6822, 1946, Feb Average, Tanzania, United Republic of, TZA
114.644, 1946, Mar Average, Tanzania, United Republic of, TZA
204.475, 1946, Apr Average, Tanzania, United Republic of, TZA
66.211, 1946, May Average, Tanzania, United Republic of, TZA
6.97968, 1946, Jun Average, Tanzania, United Republic of, TZA
5.4762, 1946, Jul Average, Tanzania, United Republic of, TZA
8.85666, 1946, Aug Average, Tanzania, United Republic of, TZA
27.7745, 1946, Sep Average, Tanzania, United Republic of, TZA
31.7679, 1946, Oct Average, Tanzania, United Republic of, TZA
94.7595, 1946, Nov Average, Tanzania, United Republic of, TZA
146.112, 1946, Dec Average, Tanzania, United Republic of, TZA
190.102, 1947, Jan Average, Tanzania, United Republic of, TZA
155.155, 1947, Feb Average, Tanzania, United Republic of, TZA
190.759, 1947, Mar Average, Tanzania, United Republic of, TZA
257.571, 1947, Apr Average, Tanzania, United Republic of, TZA
88.258, 1947, May Average, Tanzania, United Republic of, TZA
20.5818, 1947, Jun Average, Tanzania, United Republic of, TZA
6.54294, 1947, Jul Average, Tanzania, United Republic of, TZA
5.65819, 1947, Aug Average, Tanzania, United Republic of, TZA
22.2818, 1947, Sep Average, Tanzania, United Republic of, TZA
22.9688, 1947, Oct Average, Tanzania, United Republic of, TZA
54.9716, 1947, Nov Average, Tanzania, United Republic of, TZA
138.976, 1947, Dec Average, Tanzania, United Republic of, TZA
178.871, 1948, Jan Average, Tanzania, United Republic of, TZA
97.8394, 1948, Feb Average, Tanzania, United Republic of, TZA
180.897, 1948, Mar Average, Tanzania, United Republic of, TZA
153.202, 1948, Apr Average, Tanzania, United Republic of, TZA
57.2366, 1948, May Average, Tanzania, United Republic of, TZA
14.2942, 1948, Jun Average, Tanzania, United Republic of, TZA
8.86974, 1948, Jul Average, Tanzania, United Republic of, TZA
10.4924, 1948, Aug Average, Tanzania, United Republic of, TZA
16.3768, 1948, Sep Average, Tanzania, United Republic of, TZA
39, 1948, Oct Average, Tanzania, United Republic of, TZA
52.8161, 1948, Nov Average, Tanzania, United Republic of, TZA
109.414, 1948, Dec Average, Tanzania, United Republic of, TZA
90.7345, 1949, Jan Average, Tanzania, United Republic of, TZA
142.122, 1949, Feb Average, Tanzania, United Republic of, TZA
92.3868, 1949, Mar Average, Tanzania, United Republic of, TZA
137.856, 1949, Apr Average, Tanzania, United Republic of, TZA
56.5074, 1949, May Average, Tanzania, United Republic of, TZA
9.16621, 1949, Jun Average, Tanzania, United Republic of, TZA
14.0007, 1949, Jul Average, Tanzania, United Republic of, TZA
8.05497, 1949, Aug Average, Tanzania, United Republic of, TZA
10.7591, 1949, Sep Average, Tanzania, United Republic of, TZA
17.8072, 1949, Oct Average, Tanzania, United Republic of, TZA
29.222, 1949, Nov Average, Tanzania, United Republic of, TZA
130.468, 1949, Dec Average, Tanzania, United Republic of, TZA
162.022, 1950, Jan Average, Tanzania, United Republic of, TZA
132.846, 1950, Feb Average, Tanzania, United Republic of, TZA
243.786, 1950, Mar Average, Tanzania, United Republic of, TZA
152.897, 1950, Apr Average, Tanzania, United Republic of, TZA
70.4211, 1950, May Average, Tanzania, United Republic of, TZA
7.2226, 1950, Jun Average, Tanzania, United Republic of, TZA
7.27565, 1950, Jul Average, Tanzania, United Republic of, TZA
12.5121, 1950, Aug Average, Tanzania, United Republic of, TZA
14.9257, 1950, Sep Average, Tanzania, United Republic of, TZA
44.6413, 1950, Oct Average, Tanzania, United Republic of, TZA
54.6477, 1950, Nov Average, Tanzania, United Republic of, TZA
113.909, 1950, Dec Average, Tanzania, United Republic of, TZA
158.356, 1951, Jan Average, Tanzania, United Republic of, TZA
173.333, 1951, Feb Average, Tanzania, United Republic of, TZA
168.428, 1951, Mar Average, Tanzania, United Republic of, TZA
225.818, 1951, Apr Average, Tanzania, United Republic of, TZA
70.4844, 1951, May Average, Tanzania, United Republic of, TZA
16.6756, 1951, Jun Average, Tanzania, United Republic of, TZA
7.67831, 1951, Jul Average, Tanzania, United Republic of, TZA
8.08146, 1951, Aug Average, Tanzania, United Republic of, TZA
9.05824, 1951, Sep Average, Tanzania, United Republic of, TZA
37.7558, 1951, Oct Average, Tanzania, United Republic of, TZA
145.653, 1951, Nov Average, Tanzania, United Republic of, TZA
218.457, 1951, Dec Average, Tanzania, United Republic of, TZA
105.053, 1952, Jan Average, Tanzania, United Republic of, TZA
180.419, 1952, Feb Average, Tanzania, United Republic of, TZA
190.584, 1952, Mar Average, Tanzania, United Republic of, TZA
177.054, 1952, Apr Average, Tanzania, United Republic of, TZA
101.885, 1952, May Average, Tanzania, United Republic of, TZA
10.4158, 1952, Jun Average, Tanzania, United Republic of, TZA
2.94488, 1952, Jul Average, Tanzania, United Republic of, TZA
7.22972, 1952, Aug Average, Tanzania, United Republic of, TZA
22.438, 1952, Sep Average, Tanzania, United Republic of, TZA
24.3531, 1952, Oct Average, Tanzania, United Republic of, TZA
68.4255, 1952, Nov Average, Tanzania, United Republic of, TZA
40.4702, 1952, Dec Average, Tanzania, United Republic of, TZA
139.986, 1953, Jan Average, Tanzania, United Republic of, TZA
62.3973, 1953, Feb Average, Tanzania, United Republic of, TZA
167.629, 1953, Mar Average, Tanzania, United Republic of, TZA
163.71, 1953, Apr Average, Tanzania, United Republic of, TZA
61.3813, 1953, May Average, Tanzania, United Republic of, TZA
10.0691, 1953, Jun Average, Tanzania, United Republic of, TZA
7.97625, 1953, Jul Average, Tanzania, United Republic of, TZA
11.4996, 1953, Aug Average, Tanzania, United Republic of, TZA
23.311, 1953, Sep Average, Tanzania, United Republic of, TZA
23.6105, 1953, Oct Average, Tanzania, United Republic of, TZA
57.0688, 1953, Nov Average, Tanzania, United Republic of, TZA
169.827, 1953, Dec Average, Tanzania, United Republic of, TZA
148.245, 1954, Jan Average, Tanzania, United Republic of, TZA
112.612, 1954, Feb Average, Tanzania, United Republic of, TZA
106.412, 1954, Mar Average, Tanzania, United Republic of, TZA
171.594, 1954, Apr Average, Tanzania, United Republic of, TZA
82.056, 1954, May Average, Tanzania, United Republic of, TZA
8.315, 1954, Jun Average, Tanzania, United Republic of, TZA
5.73808, 1954, Jul Average, Tanzania, United Republic of, TZA
8.10899, 1954, Aug Average, Tanzania, United Republic of, TZA
16.1755, 1954, Sep Average, Tanzania, United Republic of, TZA
20.4483, 1954, Oct Average, Tanzania, United Republic of, TZA
47.3519, 1954, Nov Average, Tanzania, United Republic of, TZA
129.45, 1954, Dec Average, Tanzania, United Republic of, TZA
117.812, 1955, Jan Average, Tanzania, United Republic of, TZA
206.659, 1955, Feb Average, Tanzania, United Republic of, TZA
150.002, 1955, Mar Average, Tanzania, United Republic of, TZA
161.647, 1955, Apr Average, Tanzania, United Republic of, TZA
93.6735, 1955, May Average, Tanzania, United Republic of, TZA
19.3401, 1955, Jun Average, Tanzania, United Republic of, TZA
9.7672, 1955, Jul Average, Tanzania, United Republic of, TZA
5.63897, 1955, Aug Average, Tanzania, United Republic of, TZA
16.5045, 1955, Sep Average, Tanzania, United Republic of, TZA
13.1954, 1955, Oct Average, Tanzania, United Republic of, TZA
46.9297, 1955, Nov Average, Tanzania, United Republic of, TZA
148.824, 1955, Dec Average, Tanzania, United Republic of, TZA
226.592, 1956, Jan Average, Tanzania, United Republic of, TZA
148.944, 1956, Feb Average, Tanzania, United Republic of, TZA
152.685, 1956, Mar Average, Tanzania, United Republic of, TZA
201.837, 1956, Apr Average, Tanzania, United Republic of, TZA
54.2468, 1956, May Average, Tanzania, United Republic of, TZA
12.0315, 1956, Jun Average, Tanzania, United Republic of, TZA
4.63203, 1956, Jul Average, Tanzania, United Republic of, TZA
6.70457, 1956, Aug Average, Tanzania, United Republic of, TZA
16.5856, 1956, Sep Average, Tanzania, United Republic of, TZA
18.7403, 1956, Oct Average, Tanzania, United Republic of, TZA
55.8582, 1956, Nov Average, Tanzania, United Republic of, TZA
130.641, 1956, Dec Average, Tanzania, United Republic of, TZA
190.78, 1957, Jan Average, Tanzania, United Republic of, TZA
136.828, 1957, Feb Average, Tanzania, United Republic of, TZA
169.433, 1957, Mar Average, Tanzania, United Republic of, TZA
215.628, 1957, Apr Average, Tanzania, United Republic of, TZA
104.731, 1957, May Average, Tanzania, United Republic of, TZA
11.2658, 1957, Jun Average, Tanzania, United Republic of, TZA
9.11542, 1957, Jul Average, Tanzania, United Republic of, TZA
5.37768, 1957, Aug Average, Tanzania, United Republic of, TZA
12.8553, 1957, Sep Average, Tanzania, United Republic of, TZA
28.4054, 1957, Oct Average, Tanzania, United Republic of, TZA
58.2982, 1957, Nov Average, Tanzania, United Republic of, TZA
170.864, 1957, Dec Average, Tanzania, United Republic of, TZA
95.7718, 1958, Jan Average, Tanzania, United Republic of, TZA
159.947, 1958, Feb Average, Tanzania, United Republic of, TZA
230.62, 1958, Mar Average, Tanzania, United Republic of, TZA
135.828, 1958, Apr Average, Tanzania, United Republic of, TZA
48.3176, 1958, May Average, Tanzania, United Republic of, TZA
18.0646, 1958, Jun Average, Tanzania, United Republic of, TZA
5.63319, 1958, Jul Average, Tanzania, United Republic of, TZA
7.60373, 1958, Aug Average, Tanzania, United Republic of, TZA
10.3729, 1958, Sep Average, Tanzania, United Republic of, TZA
18.428, 1958, Oct Average, Tanzania, United Republic of, TZA
41.7561, 1958, Nov Average, Tanzania, United Republic of, TZA
150.395, 1958, Dec Average, Tanzania, United Republic of, TZA
126.895, 1959, Jan Average, Tanzania, United Republic of, TZA
151.111, 1959, Feb Average, Tanzania, United Republic of, TZA
181.581, 1959, Mar Average, Tanzania, United Republic of, TZA
99.534, 1959, Apr Average, Tanzania, United Republic of, TZA
39.8872, 1959, May Average, Tanzania, United Republic of, TZA
6.22612, 1959, Jun Average, Tanzania, United Republic of, TZA
8.59268, 1959, Jul Average, Tanzania, United Republic of, TZA
12.3261, 1959, Aug Average, Tanzania, United Republic of, TZA
10.5868, 1959, Sep Average, Tanzania, United Republic of, TZA
35.3146, 1959, Oct Average, Tanzania, United Republic of, TZA
108.854, 1959, Nov Average, Tanzania, United Republic of, TZA
139.66, 1959, Dec Average, Tanzania, United Republic of, TZA
180.361, 1960, Jan Average, Tanzania, United Republic of, TZA
165.788, 1960, Feb Average, Tanzania, United Republic of, TZA
218.1, 1960, Mar Average, Tanzania, United Republic of, TZA
201.251, 1960, Apr Average, Tanzania, United Republic of, TZA
29.9166, 1960, May Average, Tanzania, United Republic of, TZA
15.5044, 1960, Jun Average, Tanzania, United Republic of, TZA
4.59436, 1960, Jul Average, Tanzania, United Republic of, TZA
3.95114, 1960, Aug Average, Tanzania, United Republic of, TZA
13.0693, 1960, Sep Average, Tanzania, United Republic of, TZA
22.6528, 1960, Oct Average, Tanzania, United Republic of, TZA
40.5138, 1960, Nov Average, Tanzania, United Republic of, TZA
62.7718, 1960, Dec Average, Tanzania, United Republic of, TZA
99.2241, 1961, Jan Average, Tanzania, United Republic of, TZA
180.191, 1961, Feb Average, Tanzania, United Republic of, TZA
155.081, 1961, Mar Average, Tanzania, United Republic of, TZA
159.353, 1961, Apr Average, Tanzania, United Republic of, TZA
55.9996, 1961, May Average, Tanzania, United Republic of, TZA
11.6651, 1961, Jun Average, Tanzania, United Republic of, TZA
25.8895, 1961, Jul Average, Tanzania, United Republic of, TZA
8.19079, 1961, Aug Average, Tanzania, United Republic of, TZA
23.0993, 1961, Sep Average, Tanzania, United Republic of, TZA
82.5565, 1961, Oct Average, Tanzania, United Republic of, TZA
241.711, 1961, Nov Average, Tanzania, United Republic of, TZA
256.161, 1961, Dec Average, Tanzania, United Republic of, TZA
220.778, 1962, Jan Average, Tanzania, United Republic of, TZA
142.537, 1962, Feb Average, Tanzania, United Republic of, TZA
189.416, 1962, Mar Average, Tanzania, United Republic of, TZA
170.709, 1962, Apr Average, Tanzania, United Republic of, TZA
61.5929, 1962, May Average, Tanzania, United Republic of, TZA
14.7083, 1962, Jun Average, Tanzania, United Republic of, TZA
6.30171, 1962, Jul Average, Tanzania, United Republic of, TZA
15.6035, 1962, Aug Average, Tanzania, United Republic of, TZA
15.7588, 1962, Sep Average, Tanzania, United Republic of, TZA
54.2327, 1962, Oct Average, Tanzania, United Republic of, TZA
78.6929, 1962, Nov Average, Tanzania, United Republic of, TZA
128.796, 1962, Dec Average, Tanzania, United Republic of, TZA
208.762, 1963, Jan Average, Tanzania, United Republic of, TZA
156.911, 1963, Feb Average, Tanzania, United Republic of, TZA
204.506, 1963, Mar Average, Tanzania, United Republic of, TZA
191.121, 1963, Apr Average, Tanzania, United Republic of, TZA
54.2732, 1963, May Average, Tanzania, United Republic of, TZA
16.3872, 1963, Jun Average, Tanzania, United Republic of, TZA
5.21742, 1963, Jul Average, Tanzania, United Republic of, TZA
3.38283, 1963, Aug Average, Tanzania, United Republic of, TZA
6.43009, 1963, Sep Average, Tanzania, United Republic of, TZA
12.3336, 1963, Oct Average, Tanzania, United Republic of, TZA
216.939, 1963, Nov Average, Tanzania, United Republic of, TZA
178.591, 1963, Dec Average, Tanzania, United Republic of, TZA
171.36, 1964, Jan Average, Tanzania, United Republic of, TZA
185.156, 1964, Feb Average, Tanzania, United Republic of, TZA
221.831, 1964, Mar Average, Tanzania, United Republic of, TZA
176.242, 1964, Apr Average, Tanzania, United Republic of, TZA
23.4242, 1964, May Average, Tanzania, United Republic of, TZA
14.1016, 1964, Jun Average, Tanzania, United Republic of, TZA
8.29346, 1964, Jul Average, Tanzania, United Republic of, TZA
8.64275, 1964, Aug Average, Tanzania, United Republic of, TZA
11.4956, 1964, Sep Average, Tanzania, United Republic of, TZA
21.9449, 1964, Oct Average, Tanzania, United Republic of, TZA
45.5907, 1964, Nov Average, Tanzania, United Republic of, TZA
117.814, 1964, Dec Average, Tanzania, United Republic of, TZA
111.387, 1965, Jan Average, Tanzania, United Republic of, TZA
137.742, 1965, Feb Average, Tanzania, United Republic of, TZA
186.767, 1965, Mar Average, Tanzania, United Republic of, TZA
158.659, 1965, Apr Average, Tanzania, United Republic of, TZA
43.0596, 1965, May Average, Tanzania, United Republic of, TZA
4.88164, 1965, Jun Average, Tanzania, United Republic of, TZA
3.22591, 1965, Jul Average, Tanzania, United Republic of, TZA
5.94727, 1965, Aug Average, Tanzania, United Republic of, TZA
21.9528, 1965, Sep Average, Tanzania, United Republic of, TZA
43.7625, 1965, Oct Average, Tanzania, United Republic of, TZA
78.7443, 1965, Nov Average, Tanzania, United Republic of, TZA
189.785, 1965, Dec Average, Tanzania, United Republic of, TZA
107.872, 1966, Jan Average, Tanzania, United Republic of, TZA
156.706, 1966, Feb Average, Tanzania, United Republic of, TZA
212.729, 1966, Mar Average, Tanzania, United Republic of, TZA
130.758, 1966, Apr Average, Tanzania, United Republic of, TZA
39.1887, 1966, May Average, Tanzania, United Republic of, TZA
18.1539, 1966, Jun Average, Tanzania, United Republic of, TZA
4.23075, 1966, Jul Average, Tanzania, United Republic of, TZA
9.94287, 1966, Aug Average, Tanzania, United Republic of, TZA
17.8233, 1966, Sep Average, Tanzania, United Republic of, TZA
28.9994, 1966, Oct Average, Tanzania, United Republic of, TZA
83.2029, 1966, Nov Average, Tanzania, United Republic of, TZA
119.782, 1966, Dec Average, Tanzania, United Republic of, TZA
94.3212, 1967, Jan Average, Tanzania, United Republic of, TZA
123.272, 1967, Feb Average, Tanzania, United Republic of, TZA
145.005, 1967, Mar Average, Tanzania, United Republic of, TZA
220.398, 1967, Apr Average, Tanzania, United Republic of, TZA
115.112, 1967, May Average, Tanzania, United Republic of, TZA
18.8772, 1967, Jun Average, Tanzania, United Republic of, TZA
22.9338, 1967, Jul Average, Tanzania, United Republic of, TZA
13.8259, 1967, Aug Average, Tanzania, United Republic of, TZA
40.9371, 1967, Sep Average, Tanzania, United Republic of, TZA
39.1923, 1967, Oct Average, Tanzania, United Republic of, TZA
149.207, 1967, Nov Average, Tanzania, United Republic of, TZA
245.394, 1967, Dec Average, Tanzania, United Republic of, TZA
131.245, 1968, Jan Average, Tanzania, United Republic of, TZA
206.813, 1968, Feb Average, Tanzania, United Republic of, TZA
244.3, 1968, Mar Average, Tanzania, United Republic of, TZA
239.24, 1968, Apr Average, Tanzania, United Republic of, TZA
55.7394, 1968, May Average, Tanzania, United Republic of, TZA
29.6564, 1968, Jun Average, Tanzania, United Republic of, TZA
4.25218, 1968, Jul Average, Tanzania, United Republic of, TZA
4.61434, 1968, Aug Average, Tanzania, United Republic of, TZA
11.7854, 1968, Sep Average, Tanzania, United Republic of, TZA
26.1358, 1968, Oct Average, Tanzania, United Republic of, TZA
104.838, 1968, Nov Average, Tanzania, United Republic of, TZA
168.473, 1968, Dec Average, Tanzania, United Republic of, TZA
128.225, 1969, Jan Average, Tanzania, United Republic of, TZA
150.647, 1969, Feb Average, Tanzania, United Republic of, TZA
141.463, 1969, Mar Average, Tanzania, United Republic of, TZA
133.657, 1969, Apr Average, Tanzania, United Republic of, TZA
60.5144, 1969, May Average, Tanzania, United Republic of, TZA
8.86052, 1969, Jun Average, Tanzania, United Republic of, TZA
6.39988, 1969, Jul Average, Tanzania, United Republic of, TZA
11.1017, 1969, Aug Average, Tanzania, United Republic of, TZA
12.2792, 1969, Sep Average, Tanzania, United Republic of, TZA
29.3957, 1969, Oct Average, Tanzania, United Republic of, TZA
95.8671, 1969, Nov Average, Tanzania, United Republic of, TZA
92.2853, 1969, Dec Average, Tanzania, United Republic of, TZA
211.858, 1970, Jan Average, Tanzania, United Republic of, TZA
170.507, 1970, Feb Average, Tanzania, United Republic of, TZA
223.671, 1970, Mar Average, Tanzania, United Republic of, TZA
132.093, 1970, Apr Average, Tanzania, United Republic of, TZA
34.0054, 1970, May Average, Tanzania, United Republic of, TZA
4.02174, 1970, Jun Average, Tanzania, United Republic of, TZA
7.15881, 1970, Jul Average, Tanzania, United Republic of, TZA
5.98249, 1970, Aug Average, Tanzania, United Republic of, TZA
20.5476, 1970, Sep Average, Tanzania, United Republic of, TZA
19.8868, 1970, Oct Average, Tanzania, United Republic of, TZA
52.9988, 1970, Nov Average, Tanzania, United Republic of, TZA
183.454, 1970, Dec Average, Tanzania, United Republic of, TZA
135.362, 1971, Jan Average, Tanzania, United Republic of, TZA
134.15, 1971, Feb Average, Tanzania, United Republic of, TZA
134.033, 1971, Mar Average, Tanzania, United Republic of, TZA
198.245, 1971, Apr Average, Tanzania, United Republic of, TZA
53.3633, 1971, May Average, Tanzania, United Republic of, TZA
12.8119, 1971, Jun Average, Tanzania, United Republic of, TZA
12.2293, 1971, Jul Average, Tanzania, United Republic of, TZA
7.38342, 1971, Aug Average, Tanzania, United Republic of, TZA
11.5405, 1971, Sep Average, Tanzania, United Republic of, TZA
26.3917, 1971, Oct Average, Tanzania, United Republic of, TZA
76.9389, 1971, Nov Average, Tanzania, United Republic of, TZA
137.028, 1971, Dec Average, Tanzania, United Republic of, TZA
136.627, 1972, Jan Average, Tanzania, United Republic of, TZA
158.971, 1972, Feb Average, Tanzania, United Republic of, TZA
162.187, 1972, Mar Average, Tanzania, United Republic of, TZA
142.307, 1972, Apr Average, Tanzania, United Republic of, TZA
102.803, 1972, May Average, Tanzania, United Republic of, TZA
14.2784, 1972, Jun Average, Tanzania, United Republic of, TZA
6.81772, 1972, Jul Average, Tanzania, United Republic of, TZA
8.58763, 1972, Aug Average, Tanzania, United Republic of, TZA
23.3189, 1972, Sep Average, Tanzania, United Republic of, TZA
58.7134, 1972, Oct Average, Tanzania, United Republic of, TZA
133.784, 1972, Nov Average, Tanzania, United Republic of, TZA
165.083, 1972, Dec Average, Tanzania, United Republic of, TZA
188.164, 1973, Jan Average, Tanzania, United Republic of, TZA
143.287, 1973, Feb Average, Tanzania, United Republic of, TZA
129.239, 1973, Mar Average, Tanzania, United Republic of, TZA
172.306, 1973, Apr Average, Tanzania, United Republic of, TZA
47.2967, 1973, May Average, Tanzania, United Republic of, TZA
11.6069, 1973, Jun Average, Tanzania, United Republic of, TZA
3.82971, 1973, Jul Average, Tanzania, United Republic of, TZA
7.95289, 1973, Aug Average, Tanzania, United Republic of, TZA
17.6341, 1973, Sep Average, Tanzania, United Republic of, TZA
23.5559, 1973, Oct Average, Tanzania, United Republic of, TZA
82.3719, 1973, Nov Average, Tanzania, United Republic of, TZA
111.27, 1973, Dec Average, Tanzania, United Republic of, TZA
134.425, 1974, Jan Average, Tanzania, United Republic of, TZA
80.0536, 1974, Feb Average, Tanzania, United Republic of, TZA
171.227, 1974, Mar Average, Tanzania, United Republic of, TZA
255.193, 1974, Apr Average, Tanzania, United Republic of, TZA
89.4718, 1974, May Average, Tanzania, United Republic of, TZA
20.4681, 1974, Jun Average, Tanzania, United Republic of, TZA
20.4647, 1974, Jul Average, Tanzania, United Republic of, TZA
5.11414, 1974, Aug Average, Tanzania, United Republic of, TZA
9.85722, 1974, Sep Average, Tanzania, United Republic of, TZA
18.149, 1974, Oct Average, Tanzania, United Republic of, TZA
55.4548, 1974, Nov Average, Tanzania, United Republic of, TZA
119.831, 1974, Dec Average, Tanzania, United Republic of, TZA
124.483, 1975, Jan Average, Tanzania, United Republic of, TZA
100.183, 1975, Feb Average, Tanzania, United Republic of, TZA
194.191, 1975, Mar Average, Tanzania, United Republic of, TZA
164.42, 1975, Apr Average, Tanzania, United Republic of, TZA
60.2078, 1975, May Average, Tanzania, United Republic of, TZA
14.1337, 1975, Jun Average, Tanzania, United Republic of, TZA
11.1383, 1975, Jul Average, Tanzania, United Republic of, TZA
5.25408, 1975, Aug Average, Tanzania, United Republic of, TZA
34.1235, 1975, Sep Average, Tanzania, United Republic of, TZA
26.1991, 1975, Oct Average, Tanzania, United Republic of, TZA
42.0223, 1975, Nov Average, Tanzania, United Republic of, TZA
139.761, 1975, Dec Average, Tanzania, United Republic of, TZA
120.265, 1976, Jan Average, Tanzania, United Republic of, TZA
134.452, 1976, Feb Average, Tanzania, United Republic of, TZA
176.999, 1976, Mar Average, Tanzania, United Republic of, TZA
146.003, 1976, Apr Average, Tanzania, United Republic of, TZA
67.9, 1976, May Average, Tanzania, United Republic of, TZA
26.9849, 1976, Jun Average, Tanzania, United Republic of, TZA
11.4283, 1976, Jul Average, Tanzania, United Republic of, TZA
8.72331, 1976, Aug Average, Tanzania, United Republic of, TZA
19.5341, 1976, Sep Average, Tanzania, United Republic of, TZA
26.7639, 1976, Oct Average, Tanzania, United Republic of, TZA
47.2647, 1976, Nov Average, Tanzania, United Republic of, TZA
95.5102, 1976, Dec Average, Tanzania, United Republic of, TZA
187.571, 1977, Jan Average, Tanzania, United Republic of, TZA
117.215, 1977, Feb Average, Tanzania, United Republic of, TZA
126.268, 1977, Mar Average, Tanzania, United Republic of, TZA
207.647, 1977, Apr Average, Tanzania, United Republic of, TZA
74.9736, 1977, May Average, Tanzania, United Republic of, TZA
7.70087, 1977, Jun Average, Tanzania, United Republic of, TZA
5.29247, 1977, Jul Average, Tanzania, United Republic of, TZA
13.4452, 1977, Aug Average, Tanzania, United Republic of, TZA
21.9749, 1977, Sep Average, Tanzania, United Republic of, TZA
38.8948, 1977, Oct Average, Tanzania, United Republic of, TZA
124.513, 1977, Nov Average, Tanzania, United Republic of, TZA
169.01, 1977, Dec Average, Tanzania, United Republic of, TZA
147.441, 1978, Jan Average, Tanzania, United Republic of, TZA
143.647, 1978, Feb Average, Tanzania, United Republic of, TZA
269.12, 1978, Mar Average, Tanzania, United Republic of, TZA
167.82, 1978, Apr Average, Tanzania, United Republic of, TZA
32.0629, 1978, May Average, Tanzania, United Republic of, TZA
10.7425, 1978, Jun Average, Tanzania, United Republic of, TZA
3.76782, 1978, Jul Average, Tanzania, United Republic of, TZA
7.75699, 1978, Aug Average, Tanzania, United Republic of, TZA
10.0241, 1978, Sep Average, Tanzania, United Republic of, TZA
26.9878, 1978, Oct Average, Tanzania, United Republic of, TZA
160.64, 1978, Nov Average, Tanzania, United Republic of, TZA
211.748, 1978, Dec Average, Tanzania, United Republic of, TZA
186.455, 1979, Jan Average, Tanzania, United Republic of, TZA
212.25, 1979, Feb Average, Tanzania, United Republic of, TZA
214.149, 1979, Mar Average, Tanzania, United Republic of, TZA
227.581, 1979, Apr Average, Tanzania, United Republic of, TZA
79.8637, 1979, May Average, Tanzania, United Republic of, TZA
20.058, 1979, Jun Average, Tanzania, United Republic of, TZA
8.32452, 1979, Jul Average, Tanzania, United Republic of, TZA
5.82492, 1979, Aug Average, Tanzania, United Republic of, TZA
7.98655, 1979, Sep Average, Tanzania, United Republic of, TZA
15.8904, 1979, Oct Average, Tanzania, United Republic of, TZA
79.3073, 1979, Nov Average, Tanzania, United Republic of, TZA
183.73, 1979, Dec Average, Tanzania, United Republic of, TZA
159.072, 1980, Jan Average, Tanzania, United Republic of, TZA
87.2073, 1980, Feb Average, Tanzania, United Republic of, TZA
190.143, 1980, Mar Average, Tanzania, United Republic of, TZA
193.687, 1980, Apr Average, Tanzania, United Republic of, TZA
87.8754, 1980, May Average, Tanzania, United Republic of, TZA
2.55652, 1980, Jun Average, Tanzania, United Republic of, TZA
3.66292, 1980, Jul Average, Tanzania, United Republic of, TZA
13.3979, 1980, Aug Average, Tanzania, United Republic of, TZA
15.2959, 1980, Sep Average, Tanzania, United Republic of, TZA
29.6364, 1980, Oct Average, Tanzania, United Republic of, TZA
96.0599, 1980, Nov Average, Tanzania, United Republic of, TZA
149.506, 1980, Dec Average, Tanzania, United Republic of, TZA
121.026, 1981, Jan Average, Tanzania, United Republic of, TZA
126.489, 1981, Feb Average, Tanzania, United Republic of, TZA
195.905, 1981, Mar Average, Tanzania, United Republic of, TZA
146.363, 1981, Apr Average, Tanzania, United Republic of, TZA
92.0377, 1981, May Average, Tanzania, United Republic of, TZA
8.88558, 1981, Jun Average, Tanzania, United Republic of, TZA
4.82391, 1981, Jul Average, Tanzania, United Republic of, TZA
11.2116, 1981, Aug Average, Tanzania, United Republic of, TZA
17.1467, 1981, Sep Average, Tanzania, United Republic of, TZA
31.9585, 1981, Oct Average, Tanzania, United Republic of, TZA
49.9158, 1981, Nov Average, Tanzania, United Republic of, TZA
159.995, 1981, Dec Average, Tanzania, United Republic of, TZA
114.319, 1982, Jan Average, Tanzania, United Republic of, TZA
103.837, 1982, Feb Average, Tanzania, United Republic of, TZA
143.277, 1982, Mar Average, Tanzania, United Republic of, TZA
152.501, 1982, Apr Average, Tanzania, United Republic of, TZA
112.389, 1982, May Average, Tanzania, United Republic of, TZA
23.5929, 1982, Jun Average, Tanzania, United Republic of, TZA
14.0156, 1982, Jul Average, Tanzania, United Republic of, TZA
8.11412, 1982, Aug Average, Tanzania, United Republic of, TZA
18.8772, 1982, Sep Average, Tanzania, United Republic of, TZA
88.9083, 1982, Oct Average, Tanzania, United Republic of, TZA
201.592, 1982, Nov Average, Tanzania, United Republic of, TZA
185.589, 1982, Dec Average, Tanzania, United Republic of, TZA
138.133, 1983, Jan Average, Tanzania, United Republic of, TZA
100.562, 1983, Feb Average, Tanzania, United Republic of, TZA
157.89, 1983, Mar Average, Tanzania, United Republic of, TZA
128.399, 1983, Apr Average, Tanzania, United Republic of, TZA
84.8721, 1983, May Average, Tanzania, United Republic of, TZA
15.9835, 1983, Jun Average, Tanzania, United Republic of, TZA
9.52168, 1983, Jul Average, Tanzania, United Republic of, TZA
10.4338, 1983, Aug Average, Tanzania, United Republic of, TZA
12.8715, 1983, Sep Average, Tanzania, United Republic of, TZA
36.006, 1983, Oct Average, Tanzania, United Republic of, TZA
55.9311, 1983, Nov Average, Tanzania, United Republic of, TZA
161.881, 1983, Dec Average, Tanzania, United Republic of, TZA
175.099, 1984, Jan Average, Tanzania, United Republic of, TZA
135.503, 1984, Feb Average, Tanzania, United Republic of, TZA
130.232, 1984, Mar Average, Tanzania, United Republic of, TZA
178.168, 1984, Apr Average, Tanzania, United Republic of, TZA
43.0958, 1984, May Average, Tanzania, United Republic of, TZA
20.5983, 1984, Jun Average, Tanzania, United Republic of, TZA
13.4977, 1984, Jul Average, Tanzania, United Republic of, TZA
5.82155, 1984, Aug Average, Tanzania, United Republic of, TZA
7.53674, 1984, Sep Average, Tanzania, United Republic of, TZA
39.4205, 1984, Oct Average, Tanzania, United Republic of, TZA
129.578, 1984, Nov Average, Tanzania, United Republic of, TZA
175.116, 1984, Dec Average, Tanzania, United Republic of, TZA
104.712, 1985, Jan Average, Tanzania, United Republic of, TZA
190.433, 1985, Feb Average, Tanzania, United Republic of, TZA
153.023, 1985, Mar Average, Tanzania, United Republic of, TZA
161.325, 1985, Apr Average, Tanzania, United Republic of, TZA
55.4341, 1985, May Average, Tanzania, United Republic of, TZA
6.84697, 1985, Jun Average, Tanzania, United Republic of, TZA
12.412, 1985, Jul Average, Tanzania, United Republic of, TZA
5.84999, 1985, Aug Average, Tanzania, United Republic of, TZA
13.5934, 1985, Sep Average, Tanzania, United Republic of, TZA
19.8342, 1985, Oct Average, Tanzania, United Republic of, TZA
130.521, 1985, Nov Average, Tanzania, United Republic of, TZA
148.188, 1985, Dec Average, Tanzania, United Republic of, TZA
175.312, 1986, Jan Average, Tanzania, United Republic of, TZA
105.933, 1986, Feb Average, Tanzania, United Republic of, TZA
168.921, 1986, Mar Average, Tanzania, United Republic of, TZA
184.505, 1986, Apr Average, Tanzania, United Republic of, TZA
80.5001, 1986, May Average, Tanzania, United Republic of, TZA
9.96663, 1986, Jun Average, Tanzania, United Republic of, TZA
3.04548, 1986, Jul Average, Tanzania, United Republic of, TZA
6.38256, 1986, Aug Average, Tanzania, United Republic of, TZA
8.29548, 1986, Sep Average, Tanzania, United Republic of, TZA
52.1437, 1986, Oct Average, Tanzania, United Republic of, TZA
103.214, 1986, Nov Average, Tanzania, United Republic of, TZA
228.328, 1986, Dec Average, Tanzania, United Republic of, TZA
169.938, 1987, Jan Average, Tanzania, United Republic of, TZA
139.927, 1987, Feb Average, Tanzania, United Republic of, TZA
149.414, 1987, Mar Average, Tanzania, United Republic of, TZA
129.248, 1987, Apr Average, Tanzania, United Republic of, TZA
72.1367, 1987, May Average, Tanzania, United Republic of, TZA
10.0615, 1987, Jun Average, Tanzania, United Republic of, TZA
7.4349, 1987, Jul Average, Tanzania, United Republic of, TZA
10.15, 1987, Aug Average, Tanzania, United Republic of, TZA
15.9868, 1987, Sep Average, Tanzania, United Republic of, TZA
26.6451, 1987, Oct Average, Tanzania, United Republic of, TZA
80.8397, 1987, Nov Average, Tanzania, United Republic of, TZA
76.1315, 1987, Dec Average, Tanzania, United Republic of, TZA
192.385, 1988, Jan Average, Tanzania, United Republic of, TZA
120.175, 1988, Feb Average, Tanzania, United Republic of, TZA
216.156, 1988, Mar Average, Tanzania, United Republic of, TZA
138.687, 1988, Apr Average, Tanzania, United Republic of, TZA
30.0285, 1988, May Average, Tanzania, United Republic of, TZA
18.7014, 1988, Jun Average, Tanzania, United Republic of, TZA
7.08646, 1988, Jul Average, Tanzania, United Republic of, TZA
14.622, 1988, Aug Average, Tanzania, United Republic of, TZA
19.6794, 1988, Sep Average, Tanzania, United Republic of, TZA
28.6525, 1988, Oct Average, Tanzania, United Republic of, TZA
83.445, 1988, Nov Average, Tanzania, United Republic of, TZA
162.649, 1988, Dec Average, Tanzania, United Republic of, TZA
195.236, 1989, Jan Average, Tanzania, United Republic of, TZA
101.723, 1989, Feb Average, Tanzania, United Republic of, TZA
185.999, 1989, Mar Average, Tanzania, United Republic of, TZA
202.122, 1989, Apr Average, Tanzania, United Republic of, TZA
89.6972, 1989, May Average, Tanzania, United Republic of, TZA
19.211, 1989, Jun Average, Tanzania, United Republic of, TZA
7.959, 1989, Jul Average, Tanzania, United Republic of, TZA
11.7764, 1989, Aug Average, Tanzania, United Republic of, TZA
16.2058, 1989, Sep Average, Tanzania, United Republic of, TZA
34.2255, 1989, Oct Average, Tanzania, United Republic of, TZA
96.203, 1989, Nov Average, Tanzania, United Republic of, TZA
214.239, 1989, Dec Average, Tanzania, United Republic of, TZA
100.632, 1990, Jan Average, Tanzania, United Republic of, TZA
174.91, 1990, Feb Average, Tanzania, United Republic of, TZA
220.146, 1990, Mar Average, Tanzania, United Republic of, TZA
188.975, 1990, Apr Average, Tanzania, United Republic of, TZA
46.3288, 1990, May Average, Tanzania, United Republic of, TZA
4.67913, 1990, Jun Average, Tanzania, United Republic of, TZA
3.46471, 1990, Jul Average, Tanzania, United Republic of, TZA
5.02028, 1990, Aug Average, Tanzania, United Republic of, TZA
13.7374, 1990, Sep Average, Tanzania, United Republic of, TZA
30.0815, 1990, Oct Average, Tanzania, United Republic of, TZA
75.6834, 1990, Nov Average, Tanzania, United Republic of, TZA
125.627, 1990, Dec Average, Tanzania, United Republic of, TZA
189.55, 1991, Jan Average, Tanzania, United Republic of, TZA
112.109, 1991, Feb Average, Tanzania, United Republic of, TZA
197.159, 1991, Mar Average, Tanzania, United Republic of, TZA
151.026, 1991, Apr Average, Tanzania, United Republic of, TZA
82.8311, 1991, May Average, Tanzania, United Republic of, TZA
9.43056, 1991, Jun Average, Tanzania, United Republic of, TZA
9.55096, 1991, Jul Average, Tanzania, United Republic of, TZA
8.17598, 1991, Aug Average, Tanzania, United Republic of, TZA
14.2885, 1991, Sep Average, Tanzania, United Republic of, TZA
43.9668, 1991, Oct Average, Tanzania, United Republic of, TZA
81.5788, 1991, Nov Average, Tanzania, United Republic of, TZA
167.593, 1991, Dec Average, Tanzania, United Republic of, TZA
90.1893, 1992, Jan Average, Tanzania, United Republic of, TZA
143.049, 1992, Feb Average, Tanzania, United Republic of, TZA
128.725, 1992, Mar Average, Tanzania, United Republic of, TZA
182.558, 1992, Apr Average, Tanzania, United Republic of, TZA
73.9676, 1992, May Average, Tanzania, United Republic of, TZA
15.1946, 1992, Jun Average, Tanzania, United Republic of, TZA
8.29667, 1992, Jul Average, Tanzania, United Republic of, TZA
4.18528, 1992, Aug Average, Tanzania, United Republic of, TZA
12.0556, 1992, Sep Average, Tanzania, United Republic of, TZA
30.2789, 1992, Oct Average, Tanzania, United Republic of, TZA
120.326, 1992, Nov Average, Tanzania, United Republic of, TZA
151.898, 1992, Dec Average, Tanzania, United Republic of, TZA
171.3, 1993, Jan Average, Tanzania, United Republic of, TZA
143.037, 1993, Feb Average, Tanzania, United Republic of, TZA
175.642, 1993, Mar Average, Tanzania, United Republic of, TZA
153.517, 1993, Apr Average, Tanzania, United Republic of, TZA
62.8034, 1993, May Average, Tanzania, United Republic of, TZA
12.8529, 1993, Jun Average, Tanzania, United Republic of, TZA
5.76061, 1993, Jul Average, Tanzania, United Republic of, TZA
8.95719, 1993, Aug Average, Tanzania, United Republic of, TZA
6.61319, 1993, Sep Average, Tanzania, United Republic of, TZA
16.9775, 1993, Oct Average, Tanzania, United Republic of, TZA
59.5686, 1993, Nov Average, Tanzania, United Republic of, TZA
51.6446, 1993, Dec Average, Tanzania, United Republic of, TZA
166.442, 1994, Jan Average, Tanzania, United Republic of, TZA
171.197, 1994, Feb Average, Tanzania, United Republic of, TZA
185.011, 1994, Mar Average, Tanzania, United Republic of, TZA
121.202, 1994, Apr Average, Tanzania, United Republic of, TZA
60.0556, 1994, May Average, Tanzania, United Republic of, TZA
7.11365, 1994, Jun Average, Tanzania, United Republic of, TZA
10.082, 1994, Jul Average, Tanzania, United Republic of, TZA
10.8051, 1994, Aug Average, Tanzania, United Republic of, TZA
8.65605, 1994, Sep Average, Tanzania, United Republic of, TZA
30.6484, 1994, Oct Average, Tanzania, United Republic of, TZA
90.0906, 1994, Nov Average, Tanzania, United Republic of, TZA
149.261, 1994, Dec Average, Tanzania, United Republic of, TZA
153.085, 1995, Jan Average, Tanzania, United Republic of, TZA
160.654, 1995, Feb Average, Tanzania, United Republic of, TZA
201.858, 1995, Mar Average, Tanzania, United Republic of, TZA
130.175, 1995, Apr Average, Tanzania, United Republic of, TZA
79.8466, 1995, May Average, Tanzania, United Republic of, TZA
6.84641, 1995, Jun Average, Tanzania, United Republic of, TZA
3.3684, 1995, Jul Average, Tanzania, United Republic of, TZA
12.0057, 1995, Aug Average, Tanzania, United Republic of, TZA
17.171, 1995, Sep Average, Tanzania, United Republic of, TZA
38.7939, 1995, Oct Average, Tanzania, United Republic of, TZA
32.4053, 1995, Nov Average, Tanzania, United Republic of, TZA
113.471, 1995, Dec Average, Tanzania, United Republic of, TZA
137.776, 1996, Jan Average, Tanzania, United Republic of, TZA
223.183, 1996, Feb Average, Tanzania, United Republic of, TZA
191.186, 1996, Mar Average, Tanzania, United Republic of, TZA
132.75, 1996, Apr Average, Tanzania, United Republic of, TZA
72.9495, 1996, May Average, Tanzania, United Republic of, TZA
6.18287, 1996, Jun Average, Tanzania, United Republic of, TZA
7.6822, 1996, Jul Average, Tanzania, United Republic of, TZA
6.1952, 1996, Aug Average, Tanzania, United Republic of, TZA
13.7074, 1996, Sep Average, Tanzania, United Republic of, TZA
22.3603, 1996, Oct Average, Tanzania, United Republic of, TZA
46.7393, 1996, Nov Average, Tanzania, United Republic of, TZA
92.8502, 1996, Dec Average, Tanzania, United Republic of, TZA
111.655, 1997, Jan Average, Tanzania, United Republic of, TZA
105.651, 1997, Feb Average, Tanzania, United Republic of, TZA
161.855, 1997, Mar Average, Tanzania, United Republic of, TZA
188.742, 1997, Apr Average, Tanzania, United Republic of, TZA
60.7435, 1997, May Average, Tanzania, United Republic of, TZA
28.6652, 1997, Jun Average, Tanzania, United Republic of, TZA
6.76379, 1997, Jul Average, Tanzania, United Republic of, TZA
4.08814, 1997, Aug Average, Tanzania, United Republic of, TZA
3.1552, 1997, Sep Average, Tanzania, United Republic of, TZA
61.6584, 1997, Oct Average, Tanzania, United Republic of, TZA
152.23, 1997, Nov Average, Tanzania, United Republic of, TZA
267.428, 1997, Dec Average, Tanzania, United Republic of, TZA
258.534, 1998, Jan Average, Tanzania, United Republic of, TZA
184.91, 1998, Feb Average, Tanzania, United Republic of, TZA
153.761, 1998, Mar Average, Tanzania, United Republic of, TZA
195.798, 1998, Apr Average, Tanzania, United Republic of, TZA
65.2294, 1998, May Average, Tanzania, United Republic of, TZA
11.1376, 1998, Jun Average, Tanzania, United Republic of, TZA
3.74077, 1998, Jul Average, Tanzania, United Republic of, TZA
4.33337, 1998, Aug Average, Tanzania, United Republic of, TZA
14.9856, 1998, Sep Average, Tanzania, United Republic of, TZA
23.9682, 1998, Oct Average, Tanzania, United Republic of, TZA
44.6506, 1998, Nov Average, Tanzania, United Republic of, TZA
52.1769, 1998, Dec Average, Tanzania, United Republic of, TZA
158.396, 1999, Jan Average, Tanzania, United Republic of, TZA
78.6559, 1999, Feb Average, Tanzania, United Republic of, TZA
263.679, 1999, Mar Average, Tanzania, United Republic of, TZA
167.51, 1999, Apr Average, Tanzania, United Republic of, TZA
38.9683, 1999, May Average, Tanzania, United Republic of, TZA
21.9958, 1999, Jun Average, Tanzania, United Republic of, TZA
10.1546, 1999, Jul Average, Tanzania, United Republic of, TZA
13.9779, 1999, Aug Average, Tanzania, United Republic of, TZA
13.8494, 1999, Sep Average, Tanzania, United Republic of, TZA
17.2308, 1999, Oct Average, Tanzania, United Republic of, TZA
102.748, 1999, Nov Average, Tanzania, United Republic of, TZA
99.742, 1999, Dec Average, Tanzania, United Republic of, TZA
87.5101, 2000, Jan Average, Tanzania, United Republic of, TZA
76.1479, 2000, Feb Average, Tanzania, United Republic of, TZA
183.653, 2000, Mar Average, Tanzania, United Republic of, TZA
104.61, 2000, Apr Average, Tanzania, United Republic of, TZA
38.0731, 2000, May Average, Tanzania, United Republic of, TZA
18.1722, 2000, Jun Average, Tanzania, United Republic of, TZA
4.52536, 2000, Jul Average, Tanzania, United Republic of, TZA
12.235, 2000, Aug Average, Tanzania, United Republic of, TZA
8.34864, 2000, Sep Average, Tanzania, United Republic of, TZA
21.0767, 2000, Oct Average, Tanzania, United Republic of, TZA
142.386, 2000, Nov Average, Tanzania, United Republic of, TZA
198.603, 2000, Dec Average, Tanzania, United Republic of, TZA
226.168, 2001, Jan Average, Tanzania, United Republic of, TZA
116.949, 2001, Feb Average, Tanzania, United Republic of, TZA
158.833, 2001, Mar Average, Tanzania, United Republic of, TZA
130.489, 2001, Apr Average, Tanzania, United Republic of, TZA
40.3075, 2001, May Average, Tanzania, United Republic of, TZA
13.8067, 2001, Jun Average, Tanzania, United Republic of, TZA
7.32159, 2001, Jul Average, Tanzania, United Republic of, TZA
7.55591, 2001, Aug Average, Tanzania, United Republic of, TZA
17.2088, 2001, Sep Average, Tanzania, United Republic of, TZA
30.5498, 2001, Oct Average, Tanzania, United Republic of, TZA
56.6257, 2001, Nov Average, Tanzania, United Republic of, TZA
134.795, 2001, Dec Average, Tanzania, United Republic of, TZA
212.903, 2002, Jan Average, Tanzania, United Republic of, TZA
127, 2002, Feb Average, Tanzania, United Republic of, TZA
237.909, 2002, Mar Average, Tanzania, United Republic of, TZA
166.945, 2002, Apr Average, Tanzania, United Republic of, TZA
47.4094, 2002, May Average, Tanzania, United Republic of, TZA
8.62647, 2002, Jun Average, Tanzania, United Republic of, TZA
3.28928, 2002, Jul Average, Tanzania, United Republic of, TZA
12.9645, 2002, Aug Average, Tanzania, United Republic of, TZA
18.822, 2002, Sep Average, Tanzania, United Republic of, TZA
36.4127, 2002, Oct Average, Tanzania, United Republic of, TZA
95.9263, 2002, Nov Average, Tanzania, United Republic of, TZA
178.081, 2002, Dec Average, Tanzania, United Republic of, TZA
137.881, 2003, Jan Average, Tanzania, United Republic of, TZA
94.2762, 2003, Feb Average, Tanzania, United Republic of, TZA
125.169, 2003, Mar Average, Tanzania, United Republic of, TZA
112.749, 2003, Apr Average, Tanzania, United Republic of, TZA
81.4682, 2003, May Average, Tanzania, United Republic of, TZA
10.6031, 2003, Jun Average, Tanzania, United Republic of, TZA
2.41171, 2003, Jul Average, Tanzania, United Republic of, TZA
5.14858, 2003, Aug Average, Tanzania, United Republic of, TZA
14.3118, 2003, Sep Average, Tanzania, United Republic of, TZA
31.1167, 2003, Oct Average, Tanzania, United Republic of, TZA
37.9661, 2003, Nov Average, Tanzania, United Republic of, TZA
117.996, 2003, Dec Average, Tanzania, United Republic of, TZA
144.773, 2004, Jan Average, Tanzania, United Republic of, TZA
179.85, 2004, Feb Average, Tanzania, United Republic of, TZA
150.068, 2004, Mar Average, Tanzania, United Republic of, TZA
169.92, 2004, Apr Average, Tanzania, United Republic of, TZA
10.3264, 2004, May Average, Tanzania, United Republic of, TZA
10.0208, 2004, Jun Average, Tanzania, United Republic of, TZA
0.96025, 2004, Jul Average, Tanzania, United Republic of, TZA
3.14984, 2004, Aug Average, Tanzania, United Republic of, TZA
51.5303, 2004, Sep Average, Tanzania, United Republic of, TZA
39.4939, 2004, Oct Average, Tanzania, United Republic of, TZA
100.524, 2004, Nov Average, Tanzania, United Republic of, TZA
175.496, 2004, Dec Average, Tanzania, United Republic of, TZA
165.341, 2005, Jan Average, Tanzania, United Republic of, TZA
103.738, 2005, Feb Average, Tanzania, United Republic of, TZA
158.271, 2005, Mar Average, Tanzania, United Republic of, TZA
102.109, 2005, Apr Average, Tanzania, United Republic of, TZA
69.9653, 2005, May Average, Tanzania, United Republic of, TZA
3.75021, 2005, Jun Average, Tanzania, United Republic of, TZA
2.01755, 2005, Jul Average, Tanzania, United Republic of, TZA
7.02827, 2005, Aug Average, Tanzania, United Republic of, TZA
11.8336, 2005, Sep Average, Tanzania, United Republic of, TZA
27.4307, 2005, Oct Average, Tanzania, United Republic of, TZA
35.3533, 2005, Nov Average, Tanzania, United Republic of, TZA
70.1465, 2005, Dec Average, Tanzania, United Republic of, TZA
91.5708, 2006, Jan Average, Tanzania, United Republic of, TZA
128.079, 2006, Feb Average, Tanzania, United Republic of, TZA
174.91, 2006, Mar Average, Tanzania, United Republic of, TZA
193.081, 2006, Apr Average, Tanzania, United Republic of, TZA
85.2088, 2006, May Average, Tanzania, United Republic of, TZA
15.4708, 2006, Jun Average, Tanzania, United Republic of, TZA
10.6532, 2006, Jul Average, Tanzania, United Republic of, TZA
9.64865, 2006, Aug Average, Tanzania, United Republic of, TZA
21.0038, 2006, Sep Average, Tanzania, United Republic of, TZA
34.4825, 2006, Oct Average, Tanzania, United Republic of, TZA
166.723, 2006, Nov Average, Tanzania, United Republic of, TZA
267.868, 2006, Dec Average, Tanzania, United Republic of, TZA
175.283, 2007, Jan Average, Tanzania, United Republic of, TZA
133.551, 2007, Feb Average, Tanzania, United Republic of, TZA
155.902, 2007, Mar Average, Tanzania, United Republic of, TZA
107.449, 2007, Apr Average, Tanzania, United Republic of, TZA
51.0482, 2007, May Average, Tanzania, United Republic of, TZA
10.1644, 2007, Jun Average, Tanzania, United Republic of, TZA
8.81773, 2007, Jul Average, Tanzania, United Republic of, TZA
14.2634, 2007, Aug Average, Tanzania, United Republic of, TZA
29.5605, 2007, Sep Average, Tanzania, United Republic of, TZA
28.7704, 2007, Oct Average, Tanzania, United Republic of, TZA
53.5827, 2007, Nov Average, Tanzania, United Republic of, TZA
155.915, 2007, Dec Average, Tanzania, United Republic of, TZA
138.212, 2008, Jan Average, Tanzania, United Republic of, TZA
175.797, 2008, Feb Average, Tanzania, United Republic of, TZA
202.854, 2008, Mar Average, Tanzania, United Republic of, TZA
114.797, 2008, Apr Average, Tanzania, United Republic of, TZA
32.4938, 2008, May Average, Tanzania, United Republic of, TZA
6.61048, 2008, Jun Average, Tanzania, United Republic of, TZA
2.9346, 2008, Jul Average, Tanzania, United Republic of, TZA
2.46052, 2008, Aug Average, Tanzania, United Republic of, TZA
19.7502, 2008, Sep Average, Tanzania, United Republic of, TZA
50.5761, 2008, Oct Average, Tanzania, United Republic of, TZA
94.8757, 2008, Nov Average, Tanzania, United Republic of, TZA
101.559, 2008, Dec Average, Tanzania, United Republic of, TZA
133.061, 2009, Jan Average, Tanzania, United Republic of, TZA
164.79, 2009, Feb Average, Tanzania, United Republic of, TZA
186.286, 2009, Mar Average, Tanzania, United Republic of, TZA
102.721, 2009, Apr Average, Tanzania, United Republic of, TZA
37.1435, 2009, May Average, Tanzania, United Republic of, TZA
7.93347, 2009, Jun Average, Tanzania, United Republic of, TZA
1.95245, 2009, Jul Average, Tanzania, United Republic of, TZA
1.74205, 2009, Aug Average, Tanzania, United Republic of, TZA
13.8697, 2009, Sep Average, Tanzania, United Republic of, TZA
35.7358, 2009, Oct Average, Tanzania, United Republic of, TZA
116.667, 2009, Nov Average, Tanzania, United Republic of, TZA
171.663, 2009, Dec Average, Tanzania, United Republic of, TZA
140.494, 2010, Jan Average, Tanzania, United Republic of, TZA
161.691, 2010, Feb Average, Tanzania, United Republic of, TZA
178.768, 2010, Mar Average, Tanzania, United Republic of, TZA
129.512, 2010, Apr Average, Tanzania, United Republic of, TZA
63.171, 2010, May Average, Tanzania, United Republic of, TZA
22.2705, 2010, Jun Average, Tanzania, United Republic of, TZA
1.39221, 2010, Jul Average, Tanzania, United Republic of, TZA
2.94437, 2010, Aug Average, Tanzania, United Republic of, TZA
9.76374, 2010, Sep Average, Tanzania, United Republic of, TZA
16.5239, 2010, Oct Average, Tanzania, United Republic of, TZA
49.1624, 2010, Nov Average, Tanzania, United Republic of, TZA
116.087, 2010, Dec Average, Tanzania, United Republic of, TZA
101.776, 2011, Jan Average, Tanzania, United Republic of, TZA
138.434, 2011, Feb Average, Tanzania, United Republic of, TZA
176.072, 2011, Mar Average, Tanzania, United Republic of, TZA
131.283, 2011, Apr Average, Tanzania, United Republic of, TZA
51.7223, 2011, May Average, Tanzania, United Republic of, TZA
21.9333, 2011, Jun Average, Tanzania, United Republic of, TZA
3.85908, 2011, Jul Average, Tanzania, United Republic of, TZA
7.1308, 2011, Aug Average, Tanzania, United Republic of, TZA
42.1947, 2011, Sep Average, Tanzania, United Republic of, TZA
41.077, 2011, Oct Average, Tanzania, United Republic of, TZA
120.808, 2011, Nov Average, Tanzania, United Republic of, TZA
207.473, 2011, Dec Average, Tanzania, United Republic of, TZA
101.814, 2012, Jan Average, Tanzania, United Republic of, TZA
91.5278, 2012, Feb Average, Tanzania, United Republic of, TZA
104.581, 2012, Mar Average, Tanzania, United Republic of, TZA
141.309, 2012, Apr Average, Tanzania, United Republic of, TZA
42.0875, 2012, May Average, Tanzania, United Republic of, TZA
19.6995, 2012, Jun Average, Tanzania, United Republic of, TZA
2.34608, 2012, Jul Average, Tanzania, United Republic of, TZA
11.6461, 2012, Aug Average, Tanzania, United Republic of, TZA
9.80791, 2012, Sep Average, Tanzania, United Republic of, TZA
33.4241, 2012, Oct Average, Tanzania, United Republic of, TZA
80.8135, 2012, Nov Average, Tanzania, United Republic of, TZA
158.005, 2012, Dec Average, Tanzania, United Republic of, TZA
157.643, 2013, Jan Average, Tanzania, United Republic of, TZA
75.0285, 2013, Feb Average, Tanzania, United Republic of, TZA
222.333, 2013, Mar Average, Tanzania, United Republic of, TZA
168.927, 2013, Apr Average, Tanzania, United Republic of, TZA
36.5546, 2013, May Average, Tanzania, United Republic of, TZA
2.76643, 2013, Jun Average, Tanzania, United Republic of, TZA
2.39679, 2013, Jul Average, Tanzania, United Republic of, TZA
7.64686, 2013, Aug Average, Tanzania, United Republic of, TZA
33.4599, 2013, Sep Average, Tanzania, United Republic of, TZA
23.8706, 2013, Oct Average, Tanzania, United Republic of, TZA
91.767, 2013, Nov Average, Tanzania, United Republic of, TZA
168.722, 2013, Dec Average, Tanzania, United Republic of, TZA
150.547, 2014, Jan Average, Tanzania, United Republic of, TZA
134.483, 2014, Feb Average, Tanzania, United Republic of, TZA
148.209, 2014, Mar Average, Tanzania, United Republic of, TZA
132.472, 2014, Apr Average, Tanzania, United Republic of, TZA
53.1271, 2014, May Average, Tanzania, United Republic of, TZA
7.91846, 2014, Jun Average, Tanzania, United Republic of, TZA
2.51411, 2014, Jul Average, Tanzania, United Republic of, TZA
8.64984, 2014, Aug Average, Tanzania, United Republic of, TZA
36.9189, 2014, Sep Average, Tanzania, United Republic of, TZA
55.4904, 2014, Oct Average, Tanzania, United Republic of, TZA
115.517, 2014, Nov Average, Tanzania, United Republic of, TZA
157.503, 2014, Dec Average, Tanzania, United Republic of, TZA
148.346, 2015, Jan Average, Tanzania, United Republic of, TZA
69.1067, 2015, Feb Average, Tanzania, United Republic of, TZA
102.202, 2015, Mar Average, Tanzania, United Republic of, TZA
196.944, 2015, Apr Average, Tanzania, United Republic of, TZA
83.1896, 2015, May Average, Tanzania, United Republic of, TZA
18.0186, 2015, Jun Average, Tanzania, United Republic of, TZA
1.06265, 2015, Jul Average, Tanzania, United Republic of, TZA
1.72711, 2015, Aug Average, Tanzania, United Republic of, TZA
14.1884, 2015, Sep Average, Tanzania, United Republic of, TZA
43.3486, 2015, Oct Average, Tanzania, United Republic of, TZA
126.78, 2015, Nov Average, Tanzania, United Republic of, TZA
188.534, 2015, Dec Average, Tanzania, United Republic of, TZA
247.081, 2016, Jan Average, Tanzania, United Republic of, TZA
162.16, 2016, Feb Average, Tanzania, United Republic of, TZA
159.638, 2016, Mar Average, Tanzania, United Republic of, TZA
236.497, 2016, Apr Average, Tanzania, United Republic of, TZA
50.1026, 2016, May Average, Tanzania, United Republic of, TZA
13.2669, 2016, Jun Average, Tanzania, United Republic of, TZA
14.2868, 2016, Jul Average, Tanzania, United Republic of, TZA
7.18494, 2016, Aug Average, Tanzania, United Republic of, TZA
15.7348, 2016, Sep Average, Tanzania, United Republic of, TZA
19.0238, 2016, Oct Average, Tanzania, United Republic of, TZA
67.3688, 2016, Nov Average, Tanzania, United Republic of, TZA
143.873, 2016, Dec Average, Tanzania, United Republic of, TZA
