15.4526, 1901, Jan Average, Kenya, KEN
70.7127, 1901, Feb Average, Kenya, KEN
61.4236, 1901, Mar Average, Kenya, KEN
164.405, 1901, Apr Average, Kenya, KEN
68.4718, 1901, May Average, Kenya, KEN
19.5967, 1901, Jun Average, Kenya, KEN
23.779, 1901, Jul Average, Kenya, KEN
9.97236, 1901, Aug Average, Kenya, KEN
22.5159, 1901, Sep Average, Kenya, KEN
27.3135, 1901, Oct Average, Kenya, KEN
95.5871, 1901, Nov Average, Kenya, KEN
68.2771, 1901, Dec Average, Kenya, KEN
5.52473, 1902, Jan Average, Kenya, KEN
50.254, 1902, Feb Average, Kenya, KEN
33.9062, 1902, Mar Average, Kenya, KEN
112.32, 1902, Apr Average, Kenya, KEN
86.666, 1902, May Average, Kenya, KEN
37.1181, 1902, Jun Average, Kenya, KEN
58.0328, 1902, Jul Average, Kenya, KEN
28.2972, 1902, Aug Average, Kenya, KEN
21.6382, 1902, Sep Average, Kenya, KEN
74.7038, 1902, Oct Average, Kenya, KEN
147.965, 1902, Nov Average, Kenya, KEN
69.7052, 1902, Dec Average, Kenya, KEN
54.0228, 1903, Jan Average, Kenya, KEN
47.7264, 1903, Feb Average, Kenya, KEN
44.5925, 1903, Mar Average, Kenya, KEN
127.974, 1903, Apr Average, Kenya, KEN
84.2513, 1903, May Average, Kenya, KEN
63.5336, 1903, Jun Average, Kenya, KEN
30.755, 1903, Jul Average, Kenya, KEN
19.9303, 1903, Aug Average, Kenya, KEN
37.3855, 1903, Sep Average, Kenya, KEN
39.035, 1903, Oct Average, Kenya, KEN
33.3874, 1903, Nov Average, Kenya, KEN
58.6671, 1903, Dec Average, Kenya, KEN
18.8326, 1904, Jan Average, Kenya, KEN
16.179, 1904, Feb Average, Kenya, KEN
55.9583, 1904, Mar Average, Kenya, KEN
101.123, 1904, Apr Average, Kenya, KEN
112.165, 1904, May Average, Kenya, KEN
39.3593, 1904, Jun Average, Kenya, KEN
32.6727, 1904, Jul Average, Kenya, KEN
36.0399, 1904, Aug Average, Kenya, KEN
20.3187, 1904, Sep Average, Kenya, KEN
54.5315, 1904, Oct Average, Kenya, KEN
118.012, 1904, Nov Average, Kenya, KEN
58.2679, 1904, Dec Average, Kenya, KEN
30.3433, 1905, Jan Average, Kenya, KEN
7.61584, 1905, Feb Average, Kenya, KEN
180.473, 1905, Mar Average, Kenya, KEN
110.18, 1905, Apr Average, Kenya, KEN
83.2168, 1905, May Average, Kenya, KEN
27.7486, 1905, Jun Average, Kenya, KEN
23.3756, 1905, Jul Average, Kenya, KEN
32.4316, 1905, Aug Average, Kenya, KEN
27.7376, 1905, Sep Average, Kenya, KEN
65.9362, 1905, Oct Average, Kenya, KEN
111.866, 1905, Nov Average, Kenya, KEN
46.7703, 1905, Dec Average, Kenya, KEN
9.11599, 1906, Jan Average, Kenya, KEN
63.8647, 1906, Feb Average, Kenya, KEN
134.4, 1906, Mar Average, Kenya, KEN
191.231, 1906, Apr Average, Kenya, KEN
93.4018, 1906, May Average, Kenya, KEN
63.6766, 1906, Jun Average, Kenya, KEN
23.8117, 1906, Jul Average, Kenya, KEN
41.3805, 1906, Aug Average, Kenya, KEN
24.0409, 1906, Sep Average, Kenya, KEN
61.4596, 1906, Oct Average, Kenya, KEN
74.5103, 1906, Nov Average, Kenya, KEN
39.6727, 1906, Dec Average, Kenya, KEN
55.8154, 1907, Jan Average, Kenya, KEN
18.6944, 1907, Feb Average, Kenya, KEN
7.15836, 1907, Mar Average, Kenya, KEN
165.518, 1907, Apr Average, Kenya, KEN
134.432, 1907, May Average, Kenya, KEN
35.5142, 1907, Jun Average, Kenya, KEN
26.1916, 1907, Jul Average, Kenya, KEN
19.6286, 1907, Aug Average, Kenya, KEN
11.0977, 1907, Sep Average, Kenya, KEN
62.1521, 1907, Oct Average, Kenya, KEN
75.6615, 1907, Nov Average, Kenya, KEN
30.6741, 1907, Dec Average, Kenya, KEN
12.8618, 1908, Jan Average, Kenya, KEN
22.3649, 1908, Feb Average, Kenya, KEN
49.9505, 1908, Mar Average, Kenya, KEN
137.746, 1908, Apr Average, Kenya, KEN
101.949, 1908, May Average, Kenya, KEN
39.4678, 1908, Jun Average, Kenya, KEN
36.9712, 1908, Jul Average, Kenya, KEN
38.6092, 1908, Aug Average, Kenya, KEN
19.6404, 1908, Sep Average, Kenya, KEN
65.1604, 1908, Oct Average, Kenya, KEN
79.6777, 1908, Nov Average, Kenya, KEN
48.7584, 1908, Dec Average, Kenya, KEN
17.4402, 1909, Jan Average, Kenya, KEN
4.84566, 1909, Feb Average, Kenya, KEN
28.1533, 1909, Mar Average, Kenya, KEN
152.375, 1909, Apr Average, Kenya, KEN
50.2148, 1909, May Average, Kenya, KEN
26.0479, 1909, Jun Average, Kenya, KEN
39.6653, 1909, Jul Average, Kenya, KEN
38.5057, 1909, Aug Average, Kenya, KEN
35.3694, 1909, Sep Average, Kenya, KEN
46.9068, 1909, Oct Average, Kenya, KEN
108.17, 1909, Nov Average, Kenya, KEN
128.351, 1909, Dec Average, Kenya, KEN
31.4199, 1910, Jan Average, Kenya, KEN
3.00975, 1910, Feb Average, Kenya, KEN
37.6981, 1910, Mar Average, Kenya, KEN
116.03, 1910, Apr Average, Kenya, KEN
88.1062, 1910, May Average, Kenya, KEN
28.857, 1910, Jun Average, Kenya, KEN
43.6849, 1910, Jul Average, Kenya, KEN
23.1258, 1910, Aug Average, Kenya, KEN
12.8305, 1910, Sep Average, Kenya, KEN
31.0841, 1910, Oct Average, Kenya, KEN
86.9037, 1910, Nov Average, Kenya, KEN
51.2807, 1910, Dec Average, Kenya, KEN
7.16112, 1911, Jan Average, Kenya, KEN
18.8375, 1911, Feb Average, Kenya, KEN
54.5374, 1911, Mar Average, Kenya, KEN
157.48, 1911, Apr Average, Kenya, KEN
97.1184, 1911, May Average, Kenya, KEN
32.494, 1911, Jun Average, Kenya, KEN
28.1339, 1911, Jul Average, Kenya, KEN
39.4534, 1911, Aug Average, Kenya, KEN
17.6879, 1911, Sep Average, Kenya, KEN
28.3488, 1911, Oct Average, Kenya, KEN
143.357, 1911, Nov Average, Kenya, KEN
13.984, 1911, Dec Average, Kenya, KEN
25.0841, 1912, Jan Average, Kenya, KEN
106.121, 1912, Feb Average, Kenya, KEN
55.2894, 1912, Mar Average, Kenya, KEN
187.015, 1912, Apr Average, Kenya, KEN
70.2193, 1912, May Average, Kenya, KEN
27.294, 1912, Jun Average, Kenya, KEN
27.6091, 1912, Jul Average, Kenya, KEN
28.7467, 1912, Aug Average, Kenya, KEN
26.6003, 1912, Sep Average, Kenya, KEN
20.2097, 1912, Oct Average, Kenya, KEN
137.624, 1912, Nov Average, Kenya, KEN
88.6917, 1912, Dec Average, Kenya, KEN
9.02835, 1913, Jan Average, Kenya, KEN
41.3324, 1913, Feb Average, Kenya, KEN
116.404, 1913, Mar Average, Kenya, KEN
110.923, 1913, Apr Average, Kenya, KEN
104.948, 1913, May Average, Kenya, KEN
52.1447, 1913, Jun Average, Kenya, KEN
25.4399, 1913, Jul Average, Kenya, KEN
19.0185, 1913, Aug Average, Kenya, KEN
12.2445, 1913, Sep Average, Kenya, KEN
65.1671, 1913, Oct Average, Kenya, KEN
72.832, 1913, Nov Average, Kenya, KEN
31.3848, 1913, Dec Average, Kenya, KEN
59.8082, 1914, Jan Average, Kenya, KEN
14.8251, 1914, Feb Average, Kenya, KEN
54.6149, 1914, Mar Average, Kenya, KEN
95.1173, 1914, Apr Average, Kenya, KEN
120.353, 1914, May Average, Kenya, KEN
34.8004, 1914, Jun Average, Kenya, KEN
34.9543, 1914, Jul Average, Kenya, KEN
47.0732, 1914, Aug Average, Kenya, KEN
30.7524, 1914, Sep Average, Kenya, KEN
44.9827, 1914, Oct Average, Kenya, KEN
135.109, 1914, Nov Average, Kenya, KEN
21.4805, 1914, Dec Average, Kenya, KEN
6.52272, 1915, Jan Average, Kenya, KEN
9.32113, 1915, Feb Average, Kenya, KEN
73.63, 1915, Mar Average, Kenya, KEN
137.297, 1915, Apr Average, Kenya, KEN
125.835, 1915, May Average, Kenya, KEN
63.2482, 1915, Jun Average, Kenya, KEN
23.6553, 1915, Jul Average, Kenya, KEN
14.5697, 1915, Aug Average, Kenya, KEN
29.9574, 1915, Sep Average, Kenya, KEN
39.5108, 1915, Oct Average, Kenya, KEN
114.615, 1915, Nov Average, Kenya, KEN
52.0303, 1915, Dec Average, Kenya, KEN
66.4891, 1916, Jan Average, Kenya, KEN
27.3556, 1916, Feb Average, Kenya, KEN
50.8488, 1916, Mar Average, Kenya, KEN
189.117, 1916, Apr Average, Kenya, KEN
90.409, 1916, May Average, Kenya, KEN
35.3743, 1916, Jun Average, Kenya, KEN
25.5311, 1916, Jul Average, Kenya, KEN
35.3315, 1916, Aug Average, Kenya, KEN
55.3854, 1916, Sep Average, Kenya, KEN
32.8145, 1916, Oct Average, Kenya, KEN
90.6218, 1916, Nov Average, Kenya, KEN
73.6494, 1916, Dec Average, Kenya, KEN
82.9051, 1917, Jan Average, Kenya, KEN
46.9459, 1917, Feb Average, Kenya, KEN
59.5338, 1917, Mar Average, Kenya, KEN
217.548, 1917, Apr Average, Kenya, KEN
113, 1917, May Average, Kenya, KEN
57.207, 1917, Jun Average, Kenya, KEN
27.6263, 1917, Jul Average, Kenya, KEN
46.8164, 1917, Aug Average, Kenya, KEN
27.0388, 1917, Sep Average, Kenya, KEN
59.9601, 1917, Oct Average, Kenya, KEN
32.6043, 1917, Nov Average, Kenya, KEN
5.45751, 1917, Dec Average, Kenya, KEN
17.8741, 1918, Jan Average, Kenya, KEN
9.51685, 1918, Feb Average, Kenya, KEN
15.6723, 1918, Mar Average, Kenya, KEN
137.527, 1918, Apr Average, Kenya, KEN
62.1319, 1918, May Average, Kenya, KEN
31.9031, 1918, Jun Average, Kenya, KEN
36.6333, 1918, Jul Average, Kenya, KEN
19.8272, 1918, Aug Average, Kenya, KEN
17.7875, 1918, Sep Average, Kenya, KEN
42.5537, 1918, Oct Average, Kenya, KEN
49.8393, 1918, Nov Average, Kenya, KEN
47.1274, 1918, Dec Average, Kenya, KEN
4.14617, 1919, Jan Average, Kenya, KEN
36.1811, 1919, Feb Average, Kenya, KEN
91.8985, 1919, Mar Average, Kenya, KEN
116.457, 1919, Apr Average, Kenya, KEN
50.7909, 1919, May Average, Kenya, KEN
32.7446, 1919, Jun Average, Kenya, KEN
44.9167, 1919, Jul Average, Kenya, KEN
26.6055, 1919, Aug Average, Kenya, KEN
37.6226, 1919, Sep Average, Kenya, KEN
86.2914, 1919, Oct Average, Kenya, KEN
62.6359, 1919, Nov Average, Kenya, KEN
18.1169, 1919, Dec Average, Kenya, KEN
7.68216, 1920, Jan Average, Kenya, KEN
3.27954, 1920, Feb Average, Kenya, KEN
110.023, 1920, Mar Average, Kenya, KEN
146.439, 1920, Apr Average, Kenya, KEN
79.4036, 1920, May Average, Kenya, KEN
36.1257, 1920, Jun Average, Kenya, KEN
22.9747, 1920, Jul Average, Kenya, KEN
14.3301, 1920, Aug Average, Kenya, KEN
24.6009, 1920, Sep Average, Kenya, KEN
68.3224, 1920, Oct Average, Kenya, KEN
93.9564, 1920, Nov Average, Kenya, KEN
57.5037, 1920, Dec Average, Kenya, KEN
25.1821, 1921, Jan Average, Kenya, KEN
12.5556, 1921, Feb Average, Kenya, KEN
18.6867, 1921, Mar Average, Kenya, KEN
75.6674, 1921, Apr Average, Kenya, KEN
95.7785, 1921, May Average, Kenya, KEN
28.98, 1921, Jun Average, Kenya, KEN
32.3136, 1921, Jul Average, Kenya, KEN
21.8244, 1921, Aug Average, Kenya, KEN
15.8381, 1921, Sep Average, Kenya, KEN
45.6209, 1921, Oct Average, Kenya, KEN
60.8317, 1921, Nov Average, Kenya, KEN
27.4486, 1921, Dec Average, Kenya, KEN
17.5288, 1922, Jan Average, Kenya, KEN
36.8487, 1922, Feb Average, Kenya, KEN
79.747, 1922, Mar Average, Kenya, KEN
79.4642, 1922, Apr Average, Kenya, KEN
117.782, 1922, May Average, Kenya, KEN
23.2158, 1922, Jun Average, Kenya, KEN
25.0768, 1922, Jul Average, Kenya, KEN
44.2307, 1922, Aug Average, Kenya, KEN
27.7108, 1922, Sep Average, Kenya, KEN
50.6335, 1922, Oct Average, Kenya, KEN
47.8443, 1922, Nov Average, Kenya, KEN
52.5262, 1922, Dec Average, Kenya, KEN
21.8643, 1923, Jan Average, Kenya, KEN
45.4009, 1923, Feb Average, Kenya, KEN
68.4465, 1923, Mar Average, Kenya, KEN
182.424, 1923, Apr Average, Kenya, KEN
142.037, 1923, May Average, Kenya, KEN
39.2025, 1923, Jun Average, Kenya, KEN
38.8165, 1923, Jul Average, Kenya, KEN
17.9716, 1923, Aug Average, Kenya, KEN
35.6198, 1923, Sep Average, Kenya, KEN
78.0289, 1923, Oct Average, Kenya, KEN
93.2566, 1923, Nov Average, Kenya, KEN
41.7787, 1923, Dec Average, Kenya, KEN
9.35989, 1924, Jan Average, Kenya, KEN
34.9883, 1924, Feb Average, Kenya, KEN
52.2813, 1924, Mar Average, Kenya, KEN
130.722, 1924, Apr Average, Kenya, KEN
55.2207, 1924, May Average, Kenya, KEN
54.9436, 1924, Jun Average, Kenya, KEN
22.6801, 1924, Jul Average, Kenya, KEN
40.537, 1924, Aug Average, Kenya, KEN
18.2625, 1924, Sep Average, Kenya, KEN
32.6172, 1924, Oct Average, Kenya, KEN
88.1563, 1924, Nov Average, Kenya, KEN
40.9982, 1924, Dec Average, Kenya, KEN
68.9383, 1925, Jan Average, Kenya, KEN
19.1773, 1925, Feb Average, Kenya, KEN
62.2621, 1925, Mar Average, Kenya, KEN
33.2037, 1925, Apr Average, Kenya, KEN
54.1717, 1925, May Average, Kenya, KEN
34.4638, 1925, Jun Average, Kenya, KEN
38.3244, 1925, Jul Average, Kenya, KEN
28.5582, 1925, Aug Average, Kenya, KEN
12.8076, 1925, Sep Average, Kenya, KEN
74.8284, 1925, Oct Average, Kenya, KEN
173.121, 1925, Nov Average, Kenya, KEN
37.1246, 1925, Dec Average, Kenya, KEN
15.804, 1926, Jan Average, Kenya, KEN
23.6702, 1926, Feb Average, Kenya, KEN
77.7201, 1926, Mar Average, Kenya, KEN
181.874, 1926, Apr Average, Kenya, KEN
132.217, 1926, May Average, Kenya, KEN
29.0776, 1926, Jun Average, Kenya, KEN
38.443, 1926, Jul Average, Kenya, KEN
25.1376, 1926, Aug Average, Kenya, KEN
61.5755, 1926, Sep Average, Kenya, KEN
33.3345, 1926, Oct Average, Kenya, KEN
113.195, 1926, Nov Average, Kenya, KEN
24.0189, 1926, Dec Average, Kenya, KEN
15.9504, 1927, Jan Average, Kenya, KEN
14.4633, 1927, Feb Average, Kenya, KEN
102.499, 1927, Mar Average, Kenya, KEN
106.558, 1927, Apr Average, Kenya, KEN
76.461, 1927, May Average, Kenya, KEN
29.4872, 1927, Jun Average, Kenya, KEN
24.6916, 1927, Jul Average, Kenya, KEN
20.6671, 1927, Aug Average, Kenya, KEN
17.6033, 1927, Sep Average, Kenya, KEN
44.362, 1927, Oct Average, Kenya, KEN
65.1288, 1927, Nov Average, Kenya, KEN
61.206, 1927, Dec Average, Kenya, KEN
31.4259, 1928, Jan Average, Kenya, KEN
9.39305, 1928, Feb Average, Kenya, KEN
32.4812, 1928, Mar Average, Kenya, KEN
102.504, 1928, Apr Average, Kenya, KEN
98.9085, 1928, May Average, Kenya, KEN
47.3148, 1928, Jun Average, Kenya, KEN
15.9658, 1928, Jul Average, Kenya, KEN
21.3676, 1928, Aug Average, Kenya, KEN
14.5454, 1928, Sep Average, Kenya, KEN
41.7492, 1928, Oct Average, Kenya, KEN
127.036, 1928, Nov Average, Kenya, KEN
28.2022, 1928, Dec Average, Kenya, KEN
18.8707, 1929, Jan Average, Kenya, KEN
3.83164, 1929, Feb Average, Kenya, KEN
25.1005, 1929, Mar Average, Kenya, KEN
85.9583, 1929, Apr Average, Kenya, KEN
51.0882, 1929, May Average, Kenya, KEN
42.6768, 1929, Jun Average, Kenya, KEN
48.2362, 1929, Jul Average, Kenya, KEN
25.7775, 1929, Aug Average, Kenya, KEN
45.1069, 1929, Sep Average, Kenya, KEN
78.1474, 1929, Oct Average, Kenya, KEN
82.9386, 1929, Nov Average, Kenya, KEN
99.2086, 1929, Dec Average, Kenya, KEN
54.5843, 1930, Jan Average, Kenya, KEN
32.555, 1930, Feb Average, Kenya, KEN
146.702, 1930, Mar Average, Kenya, KEN
184.772, 1930, Apr Average, Kenya, KEN
89.2654, 1930, May Average, Kenya, KEN
28.9811, 1930, Jun Average, Kenya, KEN
26.7235, 1930, Jul Average, Kenya, KEN
23.1472, 1930, Aug Average, Kenya, KEN
34.6324, 1930, Sep Average, Kenya, KEN
63.0557, 1930, Oct Average, Kenya, KEN
86.5177, 1930, Nov Average, Kenya, KEN
63.0491, 1930, Dec Average, Kenya, KEN
15.7114, 1931, Jan Average, Kenya, KEN
33.7638, 1931, Feb Average, Kenya, KEN
69.8179, 1931, Mar Average, Kenya, KEN
123.208, 1931, Apr Average, Kenya, KEN
91.4145, 1931, May Average, Kenya, KEN
22.4816, 1931, Jun Average, Kenya, KEN
36.1536, 1931, Jul Average, Kenya, KEN
34.0928, 1931, Aug Average, Kenya, KEN
37.5358, 1931, Sep Average, Kenya, KEN
49.0895, 1931, Oct Average, Kenya, KEN
73.7695, 1931, Nov Average, Kenya, KEN
44.2894, 1931, Dec Average, Kenya, KEN
25.4639, 1932, Jan Average, Kenya, KEN
22.9866, 1932, Feb Average, Kenya, KEN
88.3657, 1932, Mar Average, Kenya, KEN
101.625, 1932, Apr Average, Kenya, KEN
120.601, 1932, May Average, Kenya, KEN
34.8497, 1932, Jun Average, Kenya, KEN
34.6719, 1932, Jul Average, Kenya, KEN
35.3647, 1932, Aug Average, Kenya, KEN
46.0728, 1932, Sep Average, Kenya, KEN
23.9569, 1932, Oct Average, Kenya, KEN
60.0358, 1932, Nov Average, Kenya, KEN
87.9, 1932, Dec Average, Kenya, KEN
79.4053, 1933, Jan Average, Kenya, KEN
11.8721, 1933, Feb Average, Kenya, KEN
21.5244, 1933, Mar Average, Kenya, KEN
58.4494, 1933, Apr Average, Kenya, KEN
41.1156, 1933, May Average, Kenya, KEN
21.0833, 1933, Jun Average, Kenya, KEN
31.3593, 1933, Jul Average, Kenya, KEN
42.9451, 1933, Aug Average, Kenya, KEN
28.3867, 1933, Sep Average, Kenya, KEN
49.4357, 1933, Oct Average, Kenya, KEN
83.6088, 1933, Nov Average, Kenya, KEN
67.6058, 1933, Dec Average, Kenya, KEN
5.71495, 1934, Jan Average, Kenya, KEN
8.12939, 1934, Feb Average, Kenya, KEN
25.8825, 1934, Mar Average, Kenya, KEN
104.133, 1934, Apr Average, Kenya, KEN
112.849, 1934, May Average, Kenya, KEN
53.1867, 1934, Jun Average, Kenya, KEN
45.693, 1934, Jul Average, Kenya, KEN
31.7611, 1934, Aug Average, Kenya, KEN
10.9707, 1934, Sep Average, Kenya, KEN
49.5132, 1934, Oct Average, Kenya, KEN
39.5091, 1934, Nov Average, Kenya, KEN
57.6394, 1934, Dec Average, Kenya, KEN
1.86101, 1935, Jan Average, Kenya, KEN
67.1866, 1935, Feb Average, Kenya, KEN
31.0278, 1935, Mar Average, Kenya, KEN
86.4289, 1935, Apr Average, Kenya, KEN
147.362, 1935, May Average, Kenya, KEN
48.7271, 1935, Jun Average, Kenya, KEN
17.4372, 1935, Jul Average, Kenya, KEN
38.7519, 1935, Aug Average, Kenya, KEN
46.7818, 1935, Sep Average, Kenya, KEN
40.259, 1935, Oct Average, Kenya, KEN
93.8057, 1935, Nov Average, Kenya, KEN
60.7487, 1935, Dec Average, Kenya, KEN
54.5398, 1936, Jan Average, Kenya, KEN
71.1991, 1936, Feb Average, Kenya, KEN
73.7236, 1936, Mar Average, Kenya, KEN
170.555, 1936, Apr Average, Kenya, KEN
69.9939, 1936, May Average, Kenya, KEN
69.8874, 1936, Jun Average, Kenya, KEN
26.2498, 1936, Jul Average, Kenya, KEN
29.9145, 1936, Aug Average, Kenya, KEN
34.8064, 1936, Sep Average, Kenya, KEN
54.6765, 1936, Oct Average, Kenya, KEN
60.0484, 1936, Nov Average, Kenya, KEN
63.2803, 1936, Dec Average, Kenya, KEN
25.0229, 1937, Jan Average, Kenya, KEN
18.4512, 1937, Feb Average, Kenya, KEN
90.8451, 1937, Mar Average, Kenya, KEN
166.723, 1937, Apr Average, Kenya, KEN
140.926, 1937, May Average, Kenya, KEN
44.22, 1937, Jun Average, Kenya, KEN
30.391, 1937, Jul Average, Kenya, KEN
29.2286, 1937, Aug Average, Kenya, KEN
15.2693, 1937, Sep Average, Kenya, KEN
92.1774, 1937, Oct Average, Kenya, KEN
107.009, 1937, Nov Average, Kenya, KEN
52.6432, 1937, Dec Average, Kenya, KEN
35.6104, 1938, Jan Average, Kenya, KEN
12.7698, 1938, Feb Average, Kenya, KEN
51.2611, 1938, Mar Average, Kenya, KEN
90.6968, 1938, Apr Average, Kenya, KEN
89.4716, 1938, May Average, Kenya, KEN
34.7278, 1938, Jun Average, Kenya, KEN
40.5711, 1938, Jul Average, Kenya, KEN
34.5007, 1938, Aug Average, Kenya, KEN
23.1561, 1938, Sep Average, Kenya, KEN
67.5338, 1938, Oct Average, Kenya, KEN
67.3826, 1938, Nov Average, Kenya, KEN
68.9252, 1938, Dec Average, Kenya, KEN
18.5495, 1939, Jan Average, Kenya, KEN
19.5223, 1939, Feb Average, Kenya, KEN
37.416, 1939, Mar Average, Kenya, KEN
120.158, 1939, Apr Average, Kenya, KEN
86.4449, 1939, May Average, Kenya, KEN
30.3633, 1939, Jun Average, Kenya, KEN
28.7567, 1939, Jul Average, Kenya, KEN
26.5745, 1939, Aug Average, Kenya, KEN
16.505, 1939, Sep Average, Kenya, KEN
40.6881, 1939, Oct Average, Kenya, KEN
61.3589, 1939, Nov Average, Kenya, KEN
16.5842, 1939, Dec Average, Kenya, KEN
32.9857, 1940, Jan Average, Kenya, KEN
59.8101, 1940, Feb Average, Kenya, KEN
110.138, 1940, Mar Average, Kenya, KEN
181.512, 1940, Apr Average, Kenya, KEN
76.3831, 1940, May Average, Kenya, KEN
25.5239, 1940, Jun Average, Kenya, KEN
32.903, 1940, Jul Average, Kenya, KEN
33.0056, 1940, Aug Average, Kenya, KEN
14.5796, 1940, Sep Average, Kenya, KEN
51.6286, 1940, Oct Average, Kenya, KEN
71.9633, 1940, Nov Average, Kenya, KEN
24.1124, 1940, Dec Average, Kenya, KEN
12.8198, 1941, Jan Average, Kenya, KEN
23.6194, 1941, Feb Average, Kenya, KEN
71.2479, 1941, Mar Average, Kenya, KEN
180.578, 1941, Apr Average, Kenya, KEN
93.6319, 1941, May Average, Kenya, KEN
49.7442, 1941, Jun Average, Kenya, KEN
23.9766, 1941, Jul Average, Kenya, KEN
27.5639, 1941, Aug Average, Kenya, KEN
20.4271, 1941, Sep Average, Kenya, KEN
64.023, 1941, Oct Average, Kenya, KEN
109.245, 1941, Nov Average, Kenya, KEN
95.1491, 1941, Dec Average, Kenya, KEN
16.2784, 1942, Jan Average, Kenya, KEN
12.694, 1942, Feb Average, Kenya, KEN
122.272, 1942, Mar Average, Kenya, KEN
136.456, 1942, Apr Average, Kenya, KEN
124.399, 1942, May Average, Kenya, KEN
32.1036, 1942, Jun Average, Kenya, KEN
23.3571, 1942, Jul Average, Kenya, KEN
35.1298, 1942, Aug Average, Kenya, KEN
13.0698, 1942, Sep Average, Kenya, KEN
22.2846, 1942, Oct Average, Kenya, KEN
76.6366, 1942, Nov Average, Kenya, KEN
25.491, 1942, Dec Average, Kenya, KEN
11.452, 1943, Jan Average, Kenya, KEN
38.5511, 1943, Feb Average, Kenya, KEN
23.3454, 1943, Mar Average, Kenya, KEN
106.143, 1943, Apr Average, Kenya, KEN
93.7849, 1943, May Average, Kenya, KEN
52.3257, 1943, Jun Average, Kenya, KEN
30.7654, 1943, Jul Average, Kenya, KEN
35.1698, 1943, Aug Average, Kenya, KEN
21.0039, 1943, Sep Average, Kenya, KEN
22.1716, 1943, Oct Average, Kenya, KEN
43.6632, 1943, Nov Average, Kenya, KEN
50.9902, 1943, Dec Average, Kenya, KEN
40.0735, 1944, Jan Average, Kenya, KEN
7.40977, 1944, Feb Average, Kenya, KEN
49.373, 1944, Mar Average, Kenya, KEN
125.446, 1944, Apr Average, Kenya, KEN
72.4918, 1944, May Average, Kenya, KEN
30.4578, 1944, Jun Average, Kenya, KEN
39.0185, 1944, Jul Average, Kenya, KEN
31.7514, 1944, Aug Average, Kenya, KEN
39.0178, 1944, Sep Average, Kenya, KEN
65.6033, 1944, Oct Average, Kenya, KEN
100.512, 1944, Nov Average, Kenya, KEN
56.2349, 1944, Dec Average, Kenya, KEN
13.9588, 1945, Jan Average, Kenya, KEN
17.9948, 1945, Feb Average, Kenya, KEN
21.155, 1945, Mar Average, Kenya, KEN
35.9688, 1945, Apr Average, Kenya, KEN
132.741, 1945, May Average, Kenya, KEN
45.2166, 1945, Jun Average, Kenya, KEN
37.1159, 1945, Jul Average, Kenya, KEN
44.2178, 1945, Aug Average, Kenya, KEN
37.1258, 1945, Sep Average, Kenya, KEN
32.5337, 1945, Oct Average, Kenya, KEN
91.5395, 1945, Nov Average, Kenya, KEN
31.5219, 1945, Dec Average, Kenya, KEN
5.46274, 1946, Jan Average, Kenya, KEN
4.19412, 1946, Feb Average, Kenya, KEN
23.2328, 1946, Mar Average, Kenya, KEN
122.606, 1946, Apr Average, Kenya, KEN
81.3824, 1946, May Average, Kenya, KEN
38.6147, 1946, Jun Average, Kenya, KEN
27.9798, 1946, Jul Average, Kenya, KEN
52.7457, 1946, Aug Average, Kenya, KEN
59.0558, 1946, Sep Average, Kenya, KEN
78.9242, 1946, Oct Average, Kenya, KEN
47.3983, 1946, Nov Average, Kenya, KEN
28.0035, 1946, Dec Average, Kenya, KEN
45.5338, 1947, Jan Average, Kenya, KEN
19.9834, 1947, Feb Average, Kenya, KEN
84.2243, 1947, Mar Average, Kenya, KEN
175.386, 1947, Apr Average, Kenya, KEN
111.822, 1947, May Average, Kenya, KEN
42.449, 1947, Jun Average, Kenya, KEN
34.84, 1947, Jul Average, Kenya, KEN
40.9135, 1947, Aug Average, Kenya, KEN
44.0985, 1947, Sep Average, Kenya, KEN
30.6686, 1947, Oct Average, Kenya, KEN
62.2464, 1947, Nov Average, Kenya, KEN
45.6996, 1947, Dec Average, Kenya, KEN
8.27362, 1948, Jan Average, Kenya, KEN
17.3624, 1948, Feb Average, Kenya, KEN
58.3398, 1948, Mar Average, Kenya, KEN
127.601, 1948, Apr Average, Kenya, KEN
59.2628, 1948, May Average, Kenya, KEN
39.9955, 1948, Jun Average, Kenya, KEN
35.7171, 1948, Jul Average, Kenya, KEN
28.8497, 1948, Aug Average, Kenya, KEN
21.6312, 1948, Sep Average, Kenya, KEN
78.0635, 1948, Oct Average, Kenya, KEN
83.3957, 1948, Nov Average, Kenya, KEN
70.1258, 1948, Dec Average, Kenya, KEN
6.59161, 1949, Jan Average, Kenya, KEN
13.7638, 1949, Feb Average, Kenya, KEN
8.30897, 1949, Mar Average, Kenya, KEN
114.329, 1949, Apr Average, Kenya, KEN
69.2477, 1949, May Average, Kenya, KEN
27.0968, 1949, Jun Average, Kenya, KEN
36.113, 1949, Jul Average, Kenya, KEN
28.9946, 1949, Aug Average, Kenya, KEN
28.6309, 1949, Sep Average, Kenya, KEN
23.1409, 1949, Oct Average, Kenya, KEN
34.2251, 1949, Nov Average, Kenya, KEN
61.5189, 1949, Dec Average, Kenya, KEN
16.3721, 1950, Jan Average, Kenya, KEN
8.73961, 1950, Feb Average, Kenya, KEN
93.9962, 1950, Mar Average, Kenya, KEN
134.719, 1950, Apr Average, Kenya, KEN
86.189, 1950, May Average, Kenya, KEN
29.3782, 1950, Jun Average, Kenya, KEN
39.058, 1950, Jul Average, Kenya, KEN
31.1221, 1950, Aug Average, Kenya, KEN
23.4609, 1950, Sep Average, Kenya, KEN
26.3087, 1950, Oct Average, Kenya, KEN
52.3883, 1950, Nov Average, Kenya, KEN
14.6262, 1950, Dec Average, Kenya, KEN
12.0252, 1951, Jan Average, Kenya, KEN
13.2329, 1951, Feb Average, Kenya, KEN
92.4422, 1951, Mar Average, Kenya, KEN
217.192, 1951, Apr Average, Kenya, KEN
136.74, 1951, May Average, Kenya, KEN
38.1791, 1951, Jun Average, Kenya, KEN
40.0851, 1951, Jul Average, Kenya, KEN
27.3755, 1951, Aug Average, Kenya, KEN
19.1487, 1951, Sep Average, Kenya, KEN
112.823, 1951, Oct Average, Kenya, KEN
140.363, 1951, Nov Average, Kenya, KEN
112.578, 1951, Dec Average, Kenya, KEN
6.21634, 1952, Jan Average, Kenya, KEN
19.4962, 1952, Feb Average, Kenya, KEN
33.9973, 1952, Mar Average, Kenya, KEN
133.808, 1952, Apr Average, Kenya, KEN
105.621, 1952, May Average, Kenya, KEN
19.2354, 1952, Jun Average, Kenya, KEN
20.9183, 1952, Jul Average, Kenya, KEN
26.7606, 1952, Aug Average, Kenya, KEN
35.0845, 1952, Sep Average, Kenya, KEN
33.5624, 1952, Oct Average, Kenya, KEN
88.2056, 1952, Nov Average, Kenya, KEN
23.965, 1952, Dec Average, Kenya, KEN
39.6161, 1953, Jan Average, Kenya, KEN
7.34219, 1953, Feb Average, Kenya, KEN
37.1899, 1953, Mar Average, Kenya, KEN
119.419, 1953, Apr Average, Kenya, KEN
107.226, 1953, May Average, Kenya, KEN
32.4058, 1953, Jun Average, Kenya, KEN
27.8461, 1953, Jul Average, Kenya, KEN
32.7169, 1953, Aug Average, Kenya, KEN
22.8063, 1953, Sep Average, Kenya, KEN
83.2923, 1953, Oct Average, Kenya, KEN
96.8459, 1953, Nov Average, Kenya, KEN
37.7218, 1953, Dec Average, Kenya, KEN
10.4727, 1954, Jan Average, Kenya, KEN
11.6896, 1954, Feb Average, Kenya, KEN
19.1005, 1954, Mar Average, Kenya, KEN
169.971, 1954, Apr Average, Kenya, KEN
121.711, 1954, May Average, Kenya, KEN
40.6066, 1954, Jun Average, Kenya, KEN
35.6717, 1954, Jul Average, Kenya, KEN
31.1632, 1954, Aug Average, Kenya, KEN
28.6532, 1954, Sep Average, Kenya, KEN
28.527, 1954, Oct Average, Kenya, KEN
79.6644, 1954, Nov Average, Kenya, KEN
33.658, 1954, Dec Average, Kenya, KEN
33.2919, 1955, Jan Average, Kenya, KEN
37.319, 1955, Feb Average, Kenya, KEN
28.3415, 1955, Mar Average, Kenya, KEN
111.487, 1955, Apr Average, Kenya, KEN
93.4246, 1955, May Average, Kenya, KEN
25.4599, 1955, Jun Average, Kenya, KEN
28.2325, 1955, Jul Average, Kenya, KEN
42.4887, 1955, Aug Average, Kenya, KEN
32.873, 1955, Sep Average, Kenya, KEN
31.7574, 1955, Oct Average, Kenya, KEN
61.791, 1955, Nov Average, Kenya, KEN
62.6375, 1955, Dec Average, Kenya, KEN
84.4238, 1956, Jan Average, Kenya, KEN
21.558, 1956, Feb Average, Kenya, KEN
48.6631, 1956, Mar Average, Kenya, KEN
129.313, 1956, Apr Average, Kenya, KEN
61.4064, 1956, May Average, Kenya, KEN
29.0396, 1956, Jun Average, Kenya, KEN
23.127, 1956, Jul Average, Kenya, KEN
34.6204, 1956, Aug Average, Kenya, KEN
24.3044, 1956, Sep Average, Kenya, KEN
36.729, 1956, Oct Average, Kenya, KEN
97.3727, 1956, Nov Average, Kenya, KEN
41.0417, 1956, Dec Average, Kenya, KEN
53.397, 1957, Jan Average, Kenya, KEN
13.3319, 1957, Feb Average, Kenya, KEN
61.0147, 1957, Mar Average, Kenya, KEN
147.238, 1957, Apr Average, Kenya, KEN
167.816, 1957, May Average, Kenya, KEN
43.9553, 1957, Jun Average, Kenya, KEN
22.341, 1957, Jul Average, Kenya, KEN
22.9054, 1957, Aug Average, Kenya, KEN
20.2999, 1957, Sep Average, Kenya, KEN
49.3146, 1957, Oct Average, Kenya, KEN
121.011, 1957, Nov Average, Kenya, KEN
67.519, 1957, Dec Average, Kenya, KEN
33.3216, 1958, Jan Average, Kenya, KEN
58.5605, 1958, Feb Average, Kenya, KEN
51.3647, 1958, Mar Average, Kenya, KEN
119.773, 1958, Apr Average, Kenya, KEN
104.712, 1958, May Average, Kenya, KEN
57.7729, 1958, Jun Average, Kenya, KEN
48.23, 1958, Jul Average, Kenya, KEN
25.4415, 1958, Aug Average, Kenya, KEN
18.3459, 1958, Sep Average, Kenya, KEN
26.9104, 1958, Oct Average, Kenya, KEN
47.5226, 1958, Nov Average, Kenya, KEN
71.4341, 1958, Dec Average, Kenya, KEN
45.5509, 1959, Jan Average, Kenya, KEN
27.0414, 1959, Feb Average, Kenya, KEN
56.0039, 1959, Mar Average, Kenya, KEN
133.609, 1959, Apr Average, Kenya, KEN
106.394, 1959, May Average, Kenya, KEN
23.2996, 1959, Jun Average, Kenya, KEN
31.5894, 1959, Jul Average, Kenya, KEN
30.322, 1959, Aug Average, Kenya, KEN
22.7115, 1959, Sep Average, Kenya, KEN
36.9701, 1959, Oct Average, Kenya, KEN
90.2361, 1959, Nov Average, Kenya, KEN
33.1189, 1959, Dec Average, Kenya, KEN
26.9321, 1960, Jan Average, Kenya, KEN
19.1184, 1960, Feb Average, Kenya, KEN
123.195, 1960, Mar Average, Kenya, KEN
120.169, 1960, Apr Average, Kenya, KEN
70.3355, 1960, May Average, Kenya, KEN
29.3172, 1960, Jun Average, Kenya, KEN
23.9874, 1960, Jul Average, Kenya, KEN
24.9643, 1960, Aug Average, Kenya, KEN
22.975, 1960, Sep Average, Kenya, KEN
81.7471, 1960, Oct Average, Kenya, KEN
52.6733, 1960, Nov Average, Kenya, KEN
36.0695, 1960, Dec Average, Kenya, KEN
14.535, 1961, Jan Average, Kenya, KEN
25.2117, 1961, Feb Average, Kenya, KEN
37.1204, 1961, Mar Average, Kenya, KEN
118.316, 1961, Apr Average, Kenya, KEN
75.6556, 1961, May Average, Kenya, KEN
32.6944, 1961, Jun Average, Kenya, KEN
49.058, 1961, Jul Average, Kenya, KEN
45.6287, 1961, Aug Average, Kenya, KEN
71.1642, 1961, Sep Average, Kenya, KEN
150.968, 1961, Oct Average, Kenya, KEN
311.408, 1961, Nov Average, Kenya, KEN
101.854, 1961, Dec Average, Kenya, KEN
58.0346, 1962, Jan Average, Kenya, KEN
11.5944, 1962, Feb Average, Kenya, KEN
68.0284, 1962, Mar Average, Kenya, KEN
121.176, 1962, Apr Average, Kenya, KEN
116.621, 1962, May Average, Kenya, KEN
30.7693, 1962, Jun Average, Kenya, KEN
32.4095, 1962, Jul Average, Kenya, KEN
36.3832, 1962, Aug Average, Kenya, KEN
28.529, 1962, Sep Average, Kenya, KEN
59.3113, 1962, Oct Average, Kenya, KEN
77.2013, 1962, Nov Average, Kenya, KEN
60.1518, 1962, Dec Average, Kenya, KEN
37.4482, 1963, Jan Average, Kenya, KEN
40.917, 1963, Feb Average, Kenya, KEN
64.6954, 1963, Mar Average, Kenya, KEN
212.19, 1963, Apr Average, Kenya, KEN
94.8733, 1963, May Average, Kenya, KEN
35.5976, 1963, Jun Average, Kenya, KEN
27.1255, 1963, Jul Average, Kenya, KEN
35.1776, 1963, Aug Average, Kenya, KEN
25.2835, 1963, Sep Average, Kenya, KEN
22.8796, 1963, Oct Average, Kenya, KEN
169.687, 1963, Nov Average, Kenya, KEN
128.942, 1963, Dec Average, Kenya, KEN
42.0857, 1964, Jan Average, Kenya, KEN
42.8172, 1964, Feb Average, Kenya, KEN
65.6308, 1964, Mar Average, Kenya, KEN
177.503, 1964, Apr Average, Kenya, KEN
60.3275, 1964, May Average, Kenya, KEN
34.9861, 1964, Jun Average, Kenya, KEN
39.4067, 1964, Jul Average, Kenya, KEN
34.855, 1964, Aug Average, Kenya, KEN
32.6564, 1964, Sep Average, Kenya, KEN
47.2742, 1964, Oct Average, Kenya, KEN
38.1585, 1964, Nov Average, Kenya, KEN
97.3825, 1964, Dec Average, Kenya, KEN
39.7213, 1965, Jan Average, Kenya, KEN
8.4189, 1965, Feb Average, Kenya, KEN
37.6396, 1965, Mar Average, Kenya, KEN
110.458, 1965, Apr Average, Kenya, KEN
51.4802, 1965, May Average, Kenya, KEN
26.0059, 1965, Jun Average, Kenya, KEN
19.6121, 1965, Jul Average, Kenya, KEN
19.5091, 1965, Aug Average, Kenya, KEN
25.818, 1965, Sep Average, Kenya, KEN
78.3194, 1965, Oct Average, Kenya, KEN
141.14, 1965, Nov Average, Kenya, KEN
29.6648, 1965, Dec Average, Kenya, KEN
22.7499, 1966, Jan Average, Kenya, KEN
52.6283, 1966, Feb Average, Kenya, KEN
93.7559, 1966, Mar Average, Kenya, KEN
169.619, 1966, Apr Average, Kenya, KEN
55.5095, 1966, May Average, Kenya, KEN
34.8349, 1966, Jun Average, Kenya, KEN
23.1821, 1966, Jul Average, Kenya, KEN
41.4905, 1966, Aug Average, Kenya, KEN
26.2204, 1966, Sep Average, Kenya, KEN
78.5428, 1966, Oct Average, Kenya, KEN
80.4334, 1966, Nov Average, Kenya, KEN
15.8411, 1966, Dec Average, Kenya, KEN
9.52829, 1967, Jan Average, Kenya, KEN
10.9289, 1967, Feb Average, Kenya, KEN
43.9636, 1967, Mar Average, Kenya, KEN
181.544, 1967, Apr Average, Kenya, KEN
156.287, 1967, May Average, Kenya, KEN
44.8984, 1967, Jun Average, Kenya, KEN
51.2692, 1967, Jul Average, Kenya, KEN
34.7947, 1967, Aug Average, Kenya, KEN
46.8187, 1967, Sep Average, Kenya, KEN
107.824, 1967, Oct Average, Kenya, KEN
166.183, 1967, Nov Average, Kenya, KEN
20.8776, 1967, Dec Average, Kenya, KEN
2.19745, 1968, Jan Average, Kenya, KEN
77.8546, 1968, Feb Average, Kenya, KEN
128.614, 1968, Mar Average, Kenya, KEN
211.431, 1968, Apr Average, Kenya, KEN
114.16, 1968, May Average, Kenya, KEN
62.7557, 1968, Jun Average, Kenya, KEN
33.8611, 1968, Jul Average, Kenya, KEN
23.5233, 1968, Aug Average, Kenya, KEN
13.5947, 1968, Sep Average, Kenya, KEN
66.4291, 1968, Oct Average, Kenya, KEN
182.139, 1968, Nov Average, Kenya, KEN
81.6521, 1968, Dec Average, Kenya, KEN
58.4336, 1969, Jan Average, Kenya, KEN
69.456, 1969, Feb Average, Kenya, KEN
76.3641, 1969, Mar Average, Kenya, KEN
47.4992, 1969, Apr Average, Kenya, KEN
109.722, 1969, May Average, Kenya, KEN
23.8367, 1969, Jun Average, Kenya, KEN
23.2491, 1969, Jul Average, Kenya, KEN
28.9076, 1969, Aug Average, Kenya, KEN
25.6825, 1969, Sep Average, Kenya, KEN
59.5875, 1969, Oct Average, Kenya, KEN
104.235, 1969, Nov Average, Kenya, KEN
16.6457, 1969, Dec Average, Kenya, KEN
92.9497, 1970, Jan Average, Kenya, KEN
13.8177, 1970, Feb Average, Kenya, KEN
116.353, 1970, Mar Average, Kenya, KEN
157.207, 1970, Apr Average, Kenya, KEN
71.607, 1970, May Average, Kenya, KEN
24.2913, 1970, Jun Average, Kenya, KEN
26.7776, 1970, Jul Average, Kenya, KEN
37.7514, 1970, Aug Average, Kenya, KEN
27.3532, 1970, Sep Average, Kenya, KEN
35.0734, 1970, Oct Average, Kenya, KEN
44.4697, 1970, Nov Average, Kenya, KEN
28.6568, 1970, Dec Average, Kenya, KEN
20.9114, 1971, Jan Average, Kenya, KEN
6.25615, 1971, Feb Average, Kenya, KEN
25.116, 1971, Mar Average, Kenya, KEN
156.301, 1971, Apr Average, Kenya, KEN
105.176, 1971, May Average, Kenya, KEN
58.5229, 1971, Jun Average, Kenya, KEN
31.417, 1971, Jul Average, Kenya, KEN
33.6038, 1971, Aug Average, Kenya, KEN
24.9201, 1971, Sep Average, Kenya, KEN
57.4304, 1971, Oct Average, Kenya, KEN
51.5891, 1971, Nov Average, Kenya, KEN
52.4161, 1971, Dec Average, Kenya, KEN
22.1602, 1972, Jan Average, Kenya, KEN
50.8722, 1972, Feb Average, Kenya, KEN
22.9865, 1972, Mar Average, Kenya, KEN
68.1689, 1972, Apr Average, Kenya, KEN
120.076, 1972, May Average, Kenya, KEN
40.7959, 1972, Jun Average, Kenya, KEN
25.3365, 1972, Jul Average, Kenya, KEN
22.3338, 1972, Aug Average, Kenya, KEN
36.9052, 1972, Sep Average, Kenya, KEN
118.186, 1972, Oct Average, Kenya, KEN
120.45, 1972, Nov Average, Kenya, KEN
35.4977, 1972, Dec Average, Kenya, KEN
42.6663, 1973, Jan Average, Kenya, KEN
35.127, 1973, Feb Average, Kenya, KEN
9.54959, 1973, Mar Average, Kenya, KEN
78.059, 1973, Apr Average, Kenya, KEN
72.502, 1973, May Average, Kenya, KEN
38.4957, 1973, Jun Average, Kenya, KEN
19.2295, 1973, Jul Average, Kenya, KEN
34.0204, 1973, Aug Average, Kenya, KEN
42.1471, 1973, Sep Average, Kenya, KEN
37.8315, 1973, Oct Average, Kenya, KEN
81.7327, 1973, Nov Average, Kenya, KEN
15.2175, 1973, Dec Average, Kenya, KEN
11.9936, 1974, Jan Average, Kenya, KEN
13.9304, 1974, Feb Average, Kenya, KEN
94.7568, 1974, Mar Average, Kenya, KEN
133.3, 1974, Apr Average, Kenya, KEN
63.128, 1974, May Average, Kenya, KEN
38.5998, 1974, Jun Average, Kenya, KEN
55.2178, 1974, Jul Average, Kenya, KEN
30.5984, 1974, Aug Average, Kenya, KEN
24.439, 1974, Sep Average, Kenya, KEN
28.8778, 1974, Oct Average, Kenya, KEN
57.1623, 1974, Nov Average, Kenya, KEN
34.5578, 1974, Dec Average, Kenya, KEN
19.0804, 1975, Jan Average, Kenya, KEN
7.84181, 1975, Feb Average, Kenya, KEN
37.4831, 1975, Mar Average, Kenya, KEN
122.795, 1975, Apr Average, Kenya, KEN
98.9125, 1975, May Average, Kenya, KEN
47.6392, 1975, Jun Average, Kenya, KEN
54.6422, 1975, Jul Average, Kenya, KEN
35.1157, 1975, Aug Average, Kenya, KEN
44.4326, 1975, Sep Average, Kenya, KEN
40.5155, 1975, Oct Average, Kenya, KEN
47.8026, 1975, Nov Average, Kenya, KEN
22.892, 1975, Dec Average, Kenya, KEN
9.759, 1976, Jan Average, Kenya, KEN
23.7232, 1976, Feb Average, Kenya, KEN
18.7264, 1976, Mar Average, Kenya, KEN
99.4296, 1976, Apr Average, Kenya, KEN
75.4723, 1976, May Average, Kenya, KEN
35.9606, 1976, Jun Average, Kenya, KEN
38.783, 1976, Jul Average, Kenya, KEN
27.8725, 1976, Aug Average, Kenya, KEN
40.5496, 1976, Sep Average, Kenya, KEN
26.7051, 1976, Oct Average, Kenya, KEN
67.7405, 1976, Nov Average, Kenya, KEN
46.1479, 1976, Dec Average, Kenya, KEN
44.7029, 1977, Jan Average, Kenya, KEN
21.8782, 1977, Feb Average, Kenya, KEN
44.8814, 1977, Mar Average, Kenya, KEN
202.484, 1977, Apr Average, Kenya, KEN
89.9511, 1977, May Average, Kenya, KEN
38.3149, 1977, Jun Average, Kenya, KEN
31.7709, 1977, Jul Average, Kenya, KEN
38.8771, 1977, Aug Average, Kenya, KEN
24.544, 1977, Sep Average, Kenya, KEN
97.8274, 1977, Oct Average, Kenya, KEN
180.758, 1977, Nov Average, Kenya, KEN
53.9924, 1977, Dec Average, Kenya, KEN
48.9273, 1978, Jan Average, Kenya, KEN
70.8571, 1978, Feb Average, Kenya, KEN
141.382, 1978, Mar Average, Kenya, KEN
136.276, 1978, Apr Average, Kenya, KEN
67.582, 1978, May Average, Kenya, KEN
33.4444, 1978, Jun Average, Kenya, KEN
31.3174, 1978, Jul Average, Kenya, KEN
27.9029, 1978, Aug Average, Kenya, KEN
32.8521, 1978, Sep Average, Kenya, KEN
91.2551, 1978, Oct Average, Kenya, KEN
92.7367, 1978, Nov Average, Kenya, KEN
75.6234, 1978, Dec Average, Kenya, KEN
112.627, 1979, Jan Average, Kenya, KEN
57.1966, 1979, Feb Average, Kenya, KEN
73.7171, 1979, Mar Average, Kenya, KEN
134.544, 1979, Apr Average, Kenya, KEN
122.602, 1979, May Average, Kenya, KEN
62.2508, 1979, Jun Average, Kenya, KEN
31.3445, 1979, Jul Average, Kenya, KEN
22.3616, 1979, Aug Average, Kenya, KEN
19.8972, 1979, Sep Average, Kenya, KEN
31.9904, 1979, Oct Average, Kenya, KEN
80.6136, 1979, Nov Average, Kenya, KEN
50.9128, 1979, Dec Average, Kenya, KEN
22.031, 1980, Jan Average, Kenya, KEN
9.27585, 1980, Feb Average, Kenya, KEN
29.7127, 1980, Mar Average, Kenya, KEN
88.1144, 1980, Apr Average, Kenya, KEN
104.066, 1980, May Average, Kenya, KEN
19.9832, 1980, Jun Average, Kenya, KEN
22.6974, 1980, Jul Average, Kenya, KEN
38.2866, 1980, Aug Average, Kenya, KEN
17.113, 1980, Sep Average, Kenya, KEN
25.6177, 1980, Oct Average, Kenya, KEN
95.6851, 1980, Nov Average, Kenya, KEN
24.494, 1980, Dec Average, Kenya, KEN
7.89198, 1981, Jan Average, Kenya, KEN
11.3742, 1981, Feb Average, Kenya, KEN
156.22, 1981, Mar Average, Kenya, KEN
193.4, 1981, Apr Average, Kenya, KEN
91.5751, 1981, May Average, Kenya, KEN
21.2462, 1981, Jun Average, Kenya, KEN
32.5002, 1981, Jul Average, Kenya, KEN
36.9865, 1981, Aug Average, Kenya, KEN
31.7099, 1981, Sep Average, Kenya, KEN
56.4778, 1981, Oct Average, Kenya, KEN
48.1287, 1981, Nov Average, Kenya, KEN
34.7142, 1981, Dec Average, Kenya, KEN
10.1519, 1982, Jan Average, Kenya, KEN
12.2427, 1982, Feb Average, Kenya, KEN
39.387, 1982, Mar Average, Kenya, KEN
151.37, 1982, Apr Average, Kenya, KEN
154.459, 1982, May Average, Kenya, KEN
32.3864, 1982, Jun Average, Kenya, KEN
30.238, 1982, Jul Average, Kenya, KEN
28.624, 1982, Aug Average, Kenya, KEN
39.5678, 1982, Sep Average, Kenya, KEN
146.28, 1982, Oct Average, Kenya, KEN
143.577, 1982, Nov Average, Kenya, KEN
64.1199, 1982, Dec Average, Kenya, KEN
15.08, 1983, Jan Average, Kenya, KEN
35.3911, 1983, Feb Average, Kenya, KEN
15.9461, 1983, Mar Average, Kenya, KEN
112.545, 1983, Apr Average, Kenya, KEN
93.3409, 1983, May Average, Kenya, KEN
43.2427, 1983, Jun Average, Kenya, KEN
31.5531, 1983, Jul Average, Kenya, KEN
37.3895, 1983, Aug Average, Kenya, KEN
36.6338, 1983, Sep Average, Kenya, KEN
43.3589, 1983, Oct Average, Kenya, KEN
50.5274, 1983, Nov Average, Kenya, KEN
59.4305, 1983, Dec Average, Kenya, KEN
10.7353, 1984, Jan Average, Kenya, KEN
5.39834, 1984, Feb Average, Kenya, KEN
13.2501, 1984, Mar Average, Kenya, KEN
91.6094, 1984, Apr Average, Kenya, KEN
43.9555, 1984, May Average, Kenya, KEN
32.1392, 1984, Jun Average, Kenya, KEN
34.449, 1984, Jul Average, Kenya, KEN
15.6727, 1984, Aug Average, Kenya, KEN
21.6806, 1984, Sep Average, Kenya, KEN
77.3548, 1984, Oct Average, Kenya, KEN
126.728, 1984, Nov Average, Kenya, KEN
46.5226, 1984, Dec Average, Kenya, KEN
22.5217, 1985, Jan Average, Kenya, KEN
38.053, 1985, Feb Average, Kenya, KEN
79.4954, 1985, Mar Average, Kenya, KEN
139.758, 1985, Apr Average, Kenya, KEN
126.344, 1985, May Average, Kenya, KEN
23.7964, 1985, Jun Average, Kenya, KEN
34.118, 1985, Jul Average, Kenya, KEN
22.1775, 1985, Aug Average, Kenya, KEN
20.8639, 1985, Sep Average, Kenya, KEN
44.5258, 1985, Oct Average, Kenya, KEN
70.9361, 1985, Nov Average, Kenya, KEN
32.258, 1985, Dec Average, Kenya, KEN
11.9452, 1986, Jan Average, Kenya, KEN
9.41643, 1986, Feb Average, Kenya, KEN
49.6279, 1986, Mar Average, Kenya, KEN
178.866, 1986, Apr Average, Kenya, KEN
100.688, 1986, May Average, Kenya, KEN
43.6081, 1986, Jun Average, Kenya, KEN
25.5141, 1986, Jul Average, Kenya, KEN
19.6294, 1986, Aug Average, Kenya, KEN
20.3369, 1986, Sep Average, Kenya, KEN
39.7196, 1986, Oct Average, Kenya, KEN
104.28, 1986, Nov Average, Kenya, KEN
61.7493, 1986, Dec Average, Kenya, KEN
28.7751, 1987, Jan Average, Kenya, KEN
16.6959, 1987, Feb Average, Kenya, KEN
34.7146, 1987, Mar Average, Kenya, KEN
112.138, 1987, Apr Average, Kenya, KEN
147.054, 1987, May Average, Kenya, KEN
53.9343, 1987, Jun Average, Kenya, KEN
24.0609, 1987, Jul Average, Kenya, KEN
36.162, 1987, Aug Average, Kenya, KEN
14.937, 1987, Sep Average, Kenya, KEN
17.8841, 1987, Oct Average, Kenya, KEN
82.5172, 1987, Nov Average, Kenya, KEN
12.7506, 1987, Dec Average, Kenya, KEN
42.7405, 1988, Jan Average, Kenya, KEN
13.7497, 1988, Feb Average, Kenya, KEN
63.8699, 1988, Mar Average, Kenya, KEN
212.917, 1988, Apr Average, Kenya, KEN
54.0442, 1988, May Average, Kenya, KEN
52.5529, 1988, Jun Average, Kenya, KEN
43.0378, 1988, Jul Average, Kenya, KEN
43.2523, 1988, Aug Average, Kenya, KEN
53.3071, 1988, Sep Average, Kenya, KEN
44.8905, 1988, Oct Average, Kenya, KEN
88.5825, 1988, Nov Average, Kenya, KEN
66.8288, 1988, Dec Average, Kenya, KEN
50.616, 1989, Jan Average, Kenya, KEN
26.1542, 1989, Feb Average, Kenya, KEN
62.2698, 1989, Mar Average, Kenya, KEN
132.693, 1989, Apr Average, Kenya, KEN
93.7227, 1989, May Average, Kenya, KEN
24.7601, 1989, Jun Average, Kenya, KEN
30.6486, 1989, Jul Average, Kenya, KEN
31.4053, 1989, Aug Average, Kenya, KEN
43.386, 1989, Sep Average, Kenya, KEN
62.352, 1989, Oct Average, Kenya, KEN
111.905, 1989, Nov Average, Kenya, KEN
78.9202, 1989, Dec Average, Kenya, KEN
35.4693, 1990, Jan Average, Kenya, KEN
65.3334, 1990, Feb Average, Kenya, KEN
118.089, 1990, Mar Average, Kenya, KEN
168.197, 1990, Apr Average, Kenya, KEN
58.4204, 1990, May Average, Kenya, KEN
16.612, 1990, Jun Average, Kenya, KEN
15.5286, 1990, Jul Average, Kenya, KEN
21.8171, 1990, Aug Average, Kenya, KEN
21.9918, 1990, Sep Average, Kenya, KEN
56.0918, 1990, Oct Average, Kenya, KEN
89.1568, 1990, Nov Average, Kenya, KEN
78.2266, 1990, Dec Average, Kenya, KEN
38.2847, 1991, Jan Average, Kenya, KEN
12.7492, 1991, Feb Average, Kenya, KEN
73.3656, 1991, Mar Average, Kenya, KEN
83.135, 1991, Apr Average, Kenya, KEN
112.275, 1991, May Average, Kenya, KEN
33.6106, 1991, Jun Average, Kenya, KEN
36.6575, 1991, Jul Average, Kenya, KEN
32.8066, 1991, Aug Average, Kenya, KEN
18.3184, 1991, Sep Average, Kenya, KEN
41.2266, 1991, Oct Average, Kenya, KEN
60.2294, 1991, Nov Average, Kenya, KEN
53.4232, 1991, Dec Average, Kenya, KEN
10.2491, 1992, Jan Average, Kenya, KEN
15.9125, 1992, Feb Average, Kenya, KEN
17.0754, 1992, Mar Average, Kenya, KEN
119.919, 1992, Apr Average, Kenya, KEN
80.6001, 1992, May Average, Kenya, KEN
30.0842, 1992, Jun Average, Kenya, KEN
35.1079, 1992, Jul Average, Kenya, KEN
28.0127, 1992, Aug Average, Kenya, KEN
24.3121, 1992, Sep Average, Kenya, KEN
47.1624, 1992, Oct Average, Kenya, KEN
106.824, 1992, Nov Average, Kenya, KEN
98.4172, 1992, Dec Average, Kenya, KEN
80.9318, 1993, Jan Average, Kenya, KEN
53.6675, 1993, Feb Average, Kenya, KEN
24.0511, 1993, Mar Average, Kenya, KEN
77.5293, 1993, Apr Average, Kenya, KEN
110.664, 1993, May Average, Kenya, KEN
50.2024, 1993, Jun Average, Kenya, KEN
14.9912, 1993, Jul Average, Kenya, KEN
21.9237, 1993, Aug Average, Kenya, KEN
15.6103, 1993, Sep Average, Kenya, KEN
42.0606, 1993, Oct Average, Kenya, KEN
75.1036, 1993, Nov Average, Kenya, KEN
40.1232, 1993, Dec Average, Kenya, KEN
6.64417, 1994, Jan Average, Kenya, KEN
17.6202, 1994, Feb Average, Kenya, KEN
47.8114, 1994, Mar Average, Kenya, KEN
111.038, 1994, Apr Average, Kenya, KEN
82.2793, 1994, May Average, Kenya, KEN
33.7607, 1994, Jun Average, Kenya, KEN
44.5223, 1994, Jul Average, Kenya, KEN
31.9213, 1994, Aug Average, Kenya, KEN
20.1774, 1994, Sep Average, Kenya, KEN
69.6349, 1994, Oct Average, Kenya, KEN
168.397, 1994, Nov Average, Kenya, KEN
54.453, 1994, Dec Average, Kenya, KEN
10.5799, 1995, Jan Average, Kenya, KEN
37.3085, 1995, Feb Average, Kenya, KEN
69.4802, 1995, Mar Average, Kenya, KEN
150.358, 1995, Apr Average, Kenya, KEN
66.9476, 1995, May Average, Kenya, KEN
23.5026, 1995, Jun Average, Kenya, KEN
27.0207, 1995, Jul Average, Kenya, KEN
32.2454, 1995, Aug Average, Kenya, KEN
30.5747, 1995, Sep Average, Kenya, KEN
87.7315, 1995, Oct Average, Kenya, KEN
72.5827, 1995, Nov Average, Kenya, KEN
43.8125, 1995, Dec Average, Kenya, KEN
24.3053, 1996, Jan Average, Kenya, KEN
27.9605, 1996, Feb Average, Kenya, KEN
74.9097, 1996, Mar Average, Kenya, KEN
71.0857, 1996, Apr Average, Kenya, KEN
85.918, 1996, May Average, Kenya, KEN
50.8206, 1996, Jun Average, Kenya, KEN
33.833, 1996, Jul Average, Kenya, KEN
25.6055, 1996, Aug Average, Kenya, KEN
23.9495, 1996, Sep Average, Kenya, KEN
19.2856, 1996, Oct Average, Kenya, KEN
85.853, 1996, Nov Average, Kenya, KEN
6.98666, 1996, Dec Average, Kenya, KEN
8.74094, 1997, Jan Average, Kenya, KEN
1.15765, 1997, Feb Average, Kenya, KEN
45.8383, 1997, Mar Average, Kenya, KEN
188.323, 1997, Apr Average, Kenya, KEN
63.3745, 1997, May Average, Kenya, KEN
46.6663, 1997, Jun Average, Kenya, KEN
29.0068, 1997, Jul Average, Kenya, KEN
28.8858, 1997, Aug Average, Kenya, KEN
7.70611, 1997, Sep Average, Kenya, KEN
179.669, 1997, Oct Average, Kenya, KEN
247.081, 1997, Nov Average, Kenya, KEN
116.062, 1997, Dec Average, Kenya, KEN
76.2871, 1998, Jan Average, Kenya, KEN
59.9695, 1998, Feb Average, Kenya, KEN
50.1806, 1998, Mar Average, Kenya, KEN
115.334, 1998, Apr Average, Kenya, KEN
149.305, 1998, May Average, Kenya, KEN
69.6817, 1998, Jun Average, Kenya, KEN
36.89, 1998, Jul Average, Kenya, KEN
29.2989, 1998, Aug Average, Kenya, KEN
22.4775, 1998, Sep Average, Kenya, KEN
30.0269, 1998, Oct Average, Kenya, KEN
72.004, 1998, Nov Average, Kenya, KEN
12.8653, 1998, Dec Average, Kenya, KEN
17.4185, 1999, Jan Average, Kenya, KEN
3.90971, 1999, Feb Average, Kenya, KEN
85.2266, 1999, Mar Average, Kenya, KEN
95.084, 1999, Apr Average, Kenya, KEN
56.7194, 1999, May Average, Kenya, KEN
30.8994, 1999, Jun Average, Kenya, KEN
34.1242, 1999, Jul Average, Kenya, KEN
37.8536, 1999, Aug Average, Kenya, KEN
22.0581, 1999, Sep Average, Kenya, KEN
62.4518, 1999, Oct Average, Kenya, KEN
105.164, 1999, Nov Average, Kenya, KEN
46.1816, 1999, Dec Average, Kenya, KEN
14.7556, 2000, Jan Average, Kenya, KEN
4.22166, 2000, Feb Average, Kenya, KEN
32.876, 2000, Mar Average, Kenya, KEN
68.5452, 2000, Apr Average, Kenya, KEN
52.9646, 2000, May Average, Kenya, KEN
37.8617, 2000, Jun Average, Kenya, KEN
18.5894, 2000, Jul Average, Kenya, KEN
32.591, 2000, Aug Average, Kenya, KEN
25.9999, 2000, Sep Average, Kenya, KEN
54.8905, 2000, Oct Average, Kenya, KEN
76.8925, 2000, Nov Average, Kenya, KEN
28.327, 2000, Dec Average, Kenya, KEN
73.4348, 2001, Jan Average, Kenya, KEN
9.14876, 2001, Feb Average, Kenya, KEN
60.4919, 2001, Mar Average, Kenya, KEN
102.772, 2001, Apr Average, Kenya, KEN
59.8898, 2001, May Average, Kenya, KEN
39.8834, 2001, Jun Average, Kenya, KEN
30.7087, 2001, Jul Average, Kenya, KEN
27.1292, 2001, Aug Average, Kenya, KEN
21.0991, 2001, Sep Average, Kenya, KEN
40.8778, 2001, Oct Average, Kenya, KEN
130.099, 2001, Nov Average, Kenya, KEN
26.9851, 2001, Dec Average, Kenya, KEN
33.6236, 2002, Jan Average, Kenya, KEN
48.709, 2002, Feb Average, Kenya, KEN
44.18, 2002, Mar Average, Kenya, KEN
179.977, 2002, Apr Average, Kenya, KEN
87.748, 2002, May Average, Kenya, KEN
19.0076, 2002, Jun Average, Kenya, KEN
18.8563, 2002, Jul Average, Kenya, KEN
26.1242, 2002, Aug Average, Kenya, KEN
41.4186, 2002, Sep Average, Kenya, KEN
82.289, 2002, Oct Average, Kenya, KEN
77.2296, 2002, Nov Average, Kenya, KEN
121.69, 2002, Dec Average, Kenya, KEN
10.7769, 2003, Jan Average, Kenya, KEN
4.79105, 2003, Feb Average, Kenya, KEN
44.4622, 2003, Mar Average, Kenya, KEN
194.147, 2003, Apr Average, Kenya, KEN
126.015, 2003, May Average, Kenya, KEN
29.297, 2003, Jun Average, Kenya, KEN
20.7714, 2003, Jul Average, Kenya, KEN
21.4966, 2003, Aug Average, Kenya, KEN
26.1649, 2003, Sep Average, Kenya, KEN
38.9502, 2003, Oct Average, Kenya, KEN
71.3184, 2003, Nov Average, Kenya, KEN
28.6336, 2003, Dec Average, Kenya, KEN
54.7009, 2004, Jan Average, Kenya, KEN
17.7408, 2004, Feb Average, Kenya, KEN
45.8558, 2004, Mar Average, Kenya, KEN
107.349, 2004, Apr Average, Kenya, KEN
50.3418, 2004, May Average, Kenya, KEN
25.4392, 2004, Jun Average, Kenya, KEN
15.2559, 2004, Jul Average, Kenya, KEN
17.5807, 2004, Aug Average, Kenya, KEN
23.9635, 2004, Sep Average, Kenya, KEN
75.8217, 2004, Oct Average, Kenya, KEN
77.5228, 2004, Nov Average, Kenya, KEN
41.0149, 2004, Dec Average, Kenya, KEN
19.1011, 2005, Jan Average, Kenya, KEN
13.6037, 2005, Feb Average, Kenya, KEN
49.6763, 2005, Mar Average, Kenya, KEN
57.2831, 2005, Apr Average, Kenya, KEN
83.5191, 2005, May Average, Kenya, KEN
20.1572, 2005, Jun Average, Kenya, KEN
19.2082, 2005, Jul Average, Kenya, KEN
24.0252, 2005, Aug Average, Kenya, KEN
18.9451, 2005, Sep Average, Kenya, KEN
64.2847, 2005, Oct Average, Kenya, KEN
46.147, 2005, Nov Average, Kenya, KEN
18.656, 2005, Dec Average, Kenya, KEN
22.1909, 2006, Jan Average, Kenya, KEN
22.2449, 2006, Feb Average, Kenya, KEN
82.786, 2006, Mar Average, Kenya, KEN
131.79, 2006, Apr Average, Kenya, KEN
83.3955, 2006, May Average, Kenya, KEN
25.9291, 2006, Jun Average, Kenya, KEN
26.0609, 2006, Jul Average, Kenya, KEN
44.2328, 2006, Aug Average, Kenya, KEN
49.3262, 2006, Sep Average, Kenya, KEN
94.12, 2006, Oct Average, Kenya, KEN
174.698, 2006, Nov Average, Kenya, KEN
79.3671, 2006, Dec Average, Kenya, KEN
34.3716, 2007, Jan Average, Kenya, KEN
25.0993, 2007, Feb Average, Kenya, KEN
50.4786, 2007, Mar Average, Kenya, KEN
105.91, 2007, Apr Average, Kenya, KEN
90.5702, 2007, May Average, Kenya, KEN
23.7514, 2007, Jun Average, Kenya, KEN
39.9548, 2007, Jul Average, Kenya, KEN
64.4247, 2007, Aug Average, Kenya, KEN
66.5627, 2007, Sep Average, Kenya, KEN
46.6673, 2007, Oct Average, Kenya, KEN
57.0503, 2007, Nov Average, Kenya, KEN
48.9737, 2007, Dec Average, Kenya, KEN
26.4445, 2008, Jan Average, Kenya, KEN
28.524, 2008, Feb Average, Kenya, KEN
121.991, 2008, Mar Average, Kenya, KEN
85.7628, 2008, Apr Average, Kenya, KEN
63.9306, 2008, May Average, Kenya, KEN
23.9265, 2008, Jun Average, Kenya, KEN
21.3722, 2008, Jul Average, Kenya, KEN
29.2983, 2008, Aug Average, Kenya, KEN
32.8981, 2008, Sep Average, Kenya, KEN
86.2573, 2008, Oct Average, Kenya, KEN
110.582, 2008, Nov Average, Kenya, KEN
13.715, 2008, Dec Average, Kenya, KEN
32.8746, 2009, Jan Average, Kenya, KEN
28.0516, 2009, Feb Average, Kenya, KEN
22.3291, 2009, Mar Average, Kenya, KEN
92.9484, 2009, Apr Average, Kenya, KEN
72.8358, 2009, May Average, Kenya, KEN
30.4692, 2009, Jun Average, Kenya, KEN
18.3059, 2009, Jul Average, Kenya, KEN
19.4447, 2009, Aug Average, Kenya, KEN
19.6691, 2009, Sep Average, Kenya, KEN
130.978, 2009, Oct Average, Kenya, KEN
77.4053, 2009, Nov Average, Kenya, KEN
89.9905, 2009, Dec Average, Kenya, KEN
46.9243, 2010, Jan Average, Kenya, KEN
44.5868, 2010, Feb Average, Kenya, KEN
96.3101, 2010, Mar Average, Kenya, KEN
109.239, 2010, Apr Average, Kenya, KEN
72.8616, 2010, May Average, Kenya, KEN
45.9529, 2010, Jun Average, Kenya, KEN
16.5458, 2010, Jul Average, Kenya, KEN
33.5338, 2010, Aug Average, Kenya, KEN
16.7171, 2010, Sep Average, Kenya, KEN
50.512, 2010, Oct Average, Kenya, KEN
59.7331, 2010, Nov Average, Kenya, KEN
42.677, 2010, Dec Average, Kenya, KEN
19.4906, 2011, Jan Average, Kenya, KEN
28.7876, 2011, Feb Average, Kenya, KEN
83.5573, 2011, Mar Average, Kenya, KEN
65.3496, 2011, Apr Average, Kenya, KEN
84.732, 2011, May Average, Kenya, KEN
27.0977, 2011, Jun Average, Kenya, KEN
18.9236, 2011, Jul Average, Kenya, KEN
23.6642, 2011, Aug Average, Kenya, KEN
35.2312, 2011, Sep Average, Kenya, KEN
93.8432, 2011, Oct Average, Kenya, KEN
113.547, 2011, Nov Average, Kenya, KEN
42.9499, 2011, Dec Average, Kenya, KEN
46.5721, 2012, Jan Average, Kenya, KEN
15.5346, 2012, Feb Average, Kenya, KEN
23.3394, 2012, Mar Average, Kenya, KEN
107.882, 2012, Apr Average, Kenya, KEN
95.6116, 2012, May Average, Kenya, KEN
38.07, 2012, Jun Average, Kenya, KEN
26.9273, 2012, Jul Average, Kenya, KEN
36.3185, 2012, Aug Average, Kenya, KEN
42.0646, 2012, Sep Average, Kenya, KEN
89.3439, 2012, Oct Average, Kenya, KEN
124.175, 2012, Nov Average, Kenya, KEN
110.374, 2012, Dec Average, Kenya, KEN
42.9715, 2013, Jan Average, Kenya, KEN
16.8768, 2013, Feb Average, Kenya, KEN
145.511, 2013, Mar Average, Kenya, KEN
152.402, 2013, Apr Average, Kenya, KEN
68.7326, 2013, May Average, Kenya, KEN
27.0903, 2013, Jun Average, Kenya, KEN
25.5887, 2013, Jul Average, Kenya, KEN
51.8061, 2013, Aug Average, Kenya, KEN
45.2457, 2013, Sep Average, Kenya, KEN
36.5215, 2013, Oct Average, Kenya, KEN
84.2852, 2013, Nov Average, Kenya, KEN
72.66, 2013, Dec Average, Kenya, KEN
20.1543, 2014, Jan Average, Kenya, KEN
34.7628, 2014, Feb Average, Kenya, KEN
60.4054, 2014, Mar Average, Kenya, KEN
61.9105, 2014, Apr Average, Kenya, KEN
66.4223, 2014, May Average, Kenya, KEN
43.8258, 2014, Jun Average, Kenya, KEN
27.0972, 2014, Jul Average, Kenya, KEN
36.4492, 2014, Aug Average, Kenya, KEN
47.0196, 2014, Sep Average, Kenya, KEN
63.8456, 2014, Oct Average, Kenya, KEN
102.131, 2014, Nov Average, Kenya, KEN
50.6548, 2014, Dec Average, Kenya, KEN
26.2482, 2015, Jan Average, Kenya, KEN
21.8238, 2015, Feb Average, Kenya, KEN
48.4594, 2015, Mar Average, Kenya, KEN
136.338, 2015, Apr Average, Kenya, KEN
101.457, 2015, May Average, Kenya, KEN
70.9284, 2015, Jun Average, Kenya, KEN
20.7931, 2015, Jul Average, Kenya, KEN
17.9734, 2015, Aug Average, Kenya, KEN
36.7493, 2015, Sep Average, Kenya, KEN
64.3615, 2015, Oct Average, Kenya, KEN
163.608, 2015, Nov Average, Kenya, KEN
63.2356, 2015, Dec Average, Kenya, KEN
56.7251, 2016, Jan Average, Kenya, KEN
18.22, 2016, Feb Average, Kenya, KEN
30.4865, 2016, Mar Average, Kenya, KEN
166.705, 2016, Apr Average, Kenya, KEN
70.6712, 2016, May Average, Kenya, KEN
34.905, 2016, Jun Average, Kenya, KEN
34.5489, 2016, Jul Average, Kenya, KEN
25.5342, 2016, Aug Average, Kenya, KEN
15.1428, 2016, Sep Average, Kenya, KEN
40.0055, 2016, Oct Average, Kenya, KEN
121.997, 2016, Nov Average, Kenya, KEN
100.261, 2016, Dec Average, Kenya, KEN
