159.956, 1901, Jan Average, Zimbabwe, ZWE
183.726, 1901, Feb Average, Zimbabwe, ZWE
124.178, 1901, Mar Average, Zimbabwe, ZWE
33.2001, 1901, Apr Average, Zimbabwe, ZWE
4.31437, 1901, May Average, Zimbabwe, ZWE
6.5124, 1901, Jun Average, Zimbabwe, ZWE
0.22457, 1901, Jul Average, Zimbabwe, ZWE
2.11902, 1901, Aug Average, Zimbabwe, ZWE
11.7921, 1901, Sep Average, Zimbabwe, ZWE
17.9302, 1901, Oct Average, Zimbabwe, ZWE
94.633, 1901, Nov Average, Zimbabwe, ZWE
218.093, 1901, Dec Average, Zimbabwe, ZWE
202.861, 1902, Jan Average, Zimbabwe, ZWE
87.001, 1902, Feb Average, Zimbabwe, ZWE
158.297, 1902, Mar Average, Zimbabwe, ZWE
25.8222, 1902, Apr Average, Zimbabwe, ZWE
0.39555, 1902, May Average, Zimbabwe, ZWE
0.63842, 1902, Jun Average, Zimbabwe, ZWE
0.55242, 1902, Jul Average, Zimbabwe, ZWE
0.43716, 1902, Aug Average, Zimbabwe, ZWE
11.8398, 1902, Sep Average, Zimbabwe, ZWE
29.4335, 1902, Oct Average, Zimbabwe, ZWE
105.564, 1902, Nov Average, Zimbabwe, ZWE
32.8075, 1902, Dec Average, Zimbabwe, ZWE
188.648, 1903, Jan Average, Zimbabwe, ZWE
24.9489, 1903, Feb Average, Zimbabwe, ZWE
59.3446, 1903, Mar Average, Zimbabwe, ZWE
13.4766, 1903, Apr Average, Zimbabwe, ZWE
12.3243, 1903, May Average, Zimbabwe, ZWE
0.11192, 1903, Jun Average, Zimbabwe, ZWE
0.36847, 1903, Jul Average, Zimbabwe, ZWE
4.41856, 1903, Aug Average, Zimbabwe, ZWE
1.74863, 1903, Sep Average, Zimbabwe, ZWE
28.8285, 1903, Oct Average, Zimbabwe, ZWE
108.086, 1903, Nov Average, Zimbabwe, ZWE
98.1634, 1903, Dec Average, Zimbabwe, ZWE
219.787, 1904, Jan Average, Zimbabwe, ZWE
80.674, 1904, Feb Average, Zimbabwe, ZWE
122.554, 1904, Mar Average, Zimbabwe, ZWE
13.7177, 1904, Apr Average, Zimbabwe, ZWE
13.6516, 1904, May Average, Zimbabwe, ZWE
5.12284, 1904, Jun Average, Zimbabwe, ZWE
1.65793, 1904, Jul Average, Zimbabwe, ZWE
2.16666, 1904, Aug Average, Zimbabwe, ZWE
0.63471, 1904, Sep Average, Zimbabwe, ZWE
42.1576, 1904, Oct Average, Zimbabwe, ZWE
49.0339, 1904, Nov Average, Zimbabwe, ZWE
147.353, 1904, Dec Average, Zimbabwe, ZWE
99.1428, 1905, Jan Average, Zimbabwe, ZWE
163.747, 1905, Feb Average, Zimbabwe, ZWE
84.95, 1905, Mar Average, Zimbabwe, ZWE
2.20415, 1905, Apr Average, Zimbabwe, ZWE
7.09988, 1905, May Average, Zimbabwe, ZWE
0.27039, 1905, Jun Average, Zimbabwe, ZWE
3.40599, 1905, Jul Average, Zimbabwe, ZWE
0.40522, 1905, Aug Average, Zimbabwe, ZWE
1.7186, 1905, Sep Average, Zimbabwe, ZWE
1.31941, 1905, Oct Average, Zimbabwe, ZWE
36.1132, 1905, Nov Average, Zimbabwe, ZWE
101.593, 1905, Dec Average, Zimbabwe, ZWE
162.076, 1906, Jan Average, Zimbabwe, ZWE
210.697, 1906, Feb Average, Zimbabwe, ZWE
64.059, 1906, Mar Average, Zimbabwe, ZWE
8.1297, 1906, Apr Average, Zimbabwe, ZWE
2.90556, 1906, May Average, Zimbabwe, ZWE
0.78184, 1906, Jun Average, Zimbabwe, ZWE
0.76359, 1906, Jul Average, Zimbabwe, ZWE
0.81078, 1906, Aug Average, Zimbabwe, ZWE
7.5974, 1906, Sep Average, Zimbabwe, ZWE
45.2783, 1906, Oct Average, Zimbabwe, ZWE
89.4927, 1906, Nov Average, Zimbabwe, ZWE
89.2566, 1906, Dec Average, Zimbabwe, ZWE
133.305, 1907, Jan Average, Zimbabwe, ZWE
272.357, 1907, Feb Average, Zimbabwe, ZWE
66.7362, 1907, Mar Average, Zimbabwe, ZWE
36.2342, 1907, Apr Average, Zimbabwe, ZWE
4.30171, 1907, May Average, Zimbabwe, ZWE
2.91596, 1907, Jun Average, Zimbabwe, ZWE
7.73305, 1907, Jul Average, Zimbabwe, ZWE
3.30998, 1907, Aug Average, Zimbabwe, ZWE
4.20365, 1907, Sep Average, Zimbabwe, ZWE
24.1985, 1907, Oct Average, Zimbabwe, ZWE
123.756, 1907, Nov Average, Zimbabwe, ZWE
172.17, 1907, Dec Average, Zimbabwe, ZWE
115.399, 1908, Jan Average, Zimbabwe, ZWE
140.201, 1908, Feb Average, Zimbabwe, ZWE
49.9793, 1908, Mar Average, Zimbabwe, ZWE
14.898, 1908, Apr Average, Zimbabwe, ZWE
3.35176, 1908, May Average, Zimbabwe, ZWE
0.41403, 1908, Jun Average, Zimbabwe, ZWE
1.37057, 1908, Jul Average, Zimbabwe, ZWE
1.24143, 1908, Aug Average, Zimbabwe, ZWE
0.39457, 1908, Sep Average, Zimbabwe, ZWE
17.8742, 1908, Oct Average, Zimbabwe, ZWE
113.982, 1908, Nov Average, Zimbabwe, ZWE
132.353, 1908, Dec Average, Zimbabwe, ZWE
234.712, 1909, Jan Average, Zimbabwe, ZWE
127.842, 1909, Feb Average, Zimbabwe, ZWE
101.696, 1909, Mar Average, Zimbabwe, ZWE
18.1259, 1909, Apr Average, Zimbabwe, ZWE
4.23997, 1909, May Average, Zimbabwe, ZWE
1.23802, 1909, Jun Average, Zimbabwe, ZWE
2.53263, 1909, Jul Average, Zimbabwe, ZWE
1.35214, 1909, Aug Average, Zimbabwe, ZWE
3.14418, 1909, Sep Average, Zimbabwe, ZWE
14.8835, 1909, Oct Average, Zimbabwe, ZWE
34.685, 1909, Nov Average, Zimbabwe, ZWE
125.832, 1909, Dec Average, Zimbabwe, ZWE
75.826, 1910, Jan Average, Zimbabwe, ZWE
151.766, 1910, Feb Average, Zimbabwe, ZWE
181.743, 1910, Mar Average, Zimbabwe, ZWE
17.7002, 1910, Apr Average, Zimbabwe, ZWE
1.56276, 1910, May Average, Zimbabwe, ZWE
4.45839, 1910, Jun Average, Zimbabwe, ZWE
5.86921, 1910, Jul Average, Zimbabwe, ZWE
1.09985, 1910, Aug Average, Zimbabwe, ZWE
0.81214, 1910, Sep Average, Zimbabwe, ZWE
47.6655, 1910, Oct Average, Zimbabwe, ZWE
78.701, 1910, Nov Average, Zimbabwe, ZWE
81.8404, 1910, Dec Average, Zimbabwe, ZWE
260.803, 1911, Jan Average, Zimbabwe, ZWE
171.223, 1911, Feb Average, Zimbabwe, ZWE
88.2173, 1911, Mar Average, Zimbabwe, ZWE
19.0486, 1911, Apr Average, Zimbabwe, ZWE
30.3388, 1911, May Average, Zimbabwe, ZWE
2.68851, 1911, Jun Average, Zimbabwe, ZWE
1.19241, 1911, Jul Average, Zimbabwe, ZWE
2.21831, 1911, Aug Average, Zimbabwe, ZWE
2.51474, 1911, Sep Average, Zimbabwe, ZWE
18.8604, 1911, Oct Average, Zimbabwe, ZWE
36.5371, 1911, Nov Average, Zimbabwe, ZWE
92.2146, 1911, Dec Average, Zimbabwe, ZWE
182.643, 1912, Jan Average, Zimbabwe, ZWE
72.0722, 1912, Feb Average, Zimbabwe, ZWE
34.9081, 1912, Mar Average, Zimbabwe, ZWE
17.6133, 1912, Apr Average, Zimbabwe, ZWE
8.72697, 1912, May Average, Zimbabwe, ZWE
2.593, 1912, Jun Average, Zimbabwe, ZWE
4.47134, 1912, Jul Average, Zimbabwe, ZWE
1.02788, 1912, Aug Average, Zimbabwe, ZWE
1.51569, 1912, Sep Average, Zimbabwe, ZWE
2.44091, 1912, Oct Average, Zimbabwe, ZWE
13.2398, 1912, Nov Average, Zimbabwe, ZWE
137.175, 1912, Dec Average, Zimbabwe, ZWE
80.8332, 1913, Jan Average, Zimbabwe, ZWE
206.916, 1913, Feb Average, Zimbabwe, ZWE
70.2072, 1913, Mar Average, Zimbabwe, ZWE
54.3511, 1913, Apr Average, Zimbabwe, ZWE
14.2906, 1913, May Average, Zimbabwe, ZWE
0.91875, 1913, Jun Average, Zimbabwe, ZWE
0.05176, 1913, Jul Average, Zimbabwe, ZWE
1.36044, 1913, Aug Average, Zimbabwe, ZWE
4.57088, 1913, Sep Average, Zimbabwe, ZWE
21.4531, 1913, Oct Average, Zimbabwe, ZWE
66.4953, 1913, Nov Average, Zimbabwe, ZWE
37.9684, 1913, Dec Average, Zimbabwe, ZWE
131.457, 1914, Jan Average, Zimbabwe, ZWE
199.191, 1914, Feb Average, Zimbabwe, ZWE
32.7789, 1914, Mar Average, Zimbabwe, ZWE
20.918, 1914, Apr Average, Zimbabwe, ZWE
5.94395, 1914, May Average, Zimbabwe, ZWE
3.11301, 1914, Jun Average, Zimbabwe, ZWE
3.9681, 1914, Jul Average, Zimbabwe, ZWE
5.712, 1914, Aug Average, Zimbabwe, ZWE
0.76482, 1914, Sep Average, Zimbabwe, ZWE
0.91342, 1914, Oct Average, Zimbabwe, ZWE
61.015, 1914, Nov Average, Zimbabwe, ZWE
282.086, 1914, Dec Average, Zimbabwe, ZWE
307.845, 1915, Jan Average, Zimbabwe, ZWE
139.441, 1915, Feb Average, Zimbabwe, ZWE
84.1048, 1915, Mar Average, Zimbabwe, ZWE
16.3993, 1915, Apr Average, Zimbabwe, ZWE
7.67198, 1915, May Average, Zimbabwe, ZWE
1.39146, 1915, Jun Average, Zimbabwe, ZWE
1.08332, 1915, Jul Average, Zimbabwe, ZWE
1.06764, 1915, Aug Average, Zimbabwe, ZWE
13.0089, 1915, Sep Average, Zimbabwe, ZWE
20.1628, 1915, Oct Average, Zimbabwe, ZWE
59.207, 1915, Nov Average, Zimbabwe, ZWE
81.8615, 1915, Dec Average, Zimbabwe, ZWE
129.735, 1916, Jan Average, Zimbabwe, ZWE
23.202, 1916, Feb Average, Zimbabwe, ZWE
78.7104, 1916, Mar Average, Zimbabwe, ZWE
15.7711, 1916, Apr Average, Zimbabwe, ZWE
5.63992, 1916, May Average, Zimbabwe, ZWE
0.68963, 1916, Jun Average, Zimbabwe, ZWE
0.45081, 1916, Jul Average, Zimbabwe, ZWE
1.52579, 1916, Aug Average, Zimbabwe, ZWE
4.23372, 1916, Sep Average, Zimbabwe, ZWE
9.48116, 1916, Oct Average, Zimbabwe, ZWE
90.5444, 1916, Nov Average, Zimbabwe, ZWE
214.624, 1916, Dec Average, Zimbabwe, ZWE
96.6736, 1917, Jan Average, Zimbabwe, ZWE
60.0125, 1917, Feb Average, Zimbabwe, ZWE
77.2587, 1917, Mar Average, Zimbabwe, ZWE
35.4078, 1917, Apr Average, Zimbabwe, ZWE
12.1003, 1917, May Average, Zimbabwe, ZWE
1.21975, 1917, Jun Average, Zimbabwe, ZWE
1.14239, 1917, Jul Average, Zimbabwe, ZWE
4.93369, 1917, Aug Average, Zimbabwe, ZWE
2.85567, 1917, Sep Average, Zimbabwe, ZWE
5.11989, 1917, Oct Average, Zimbabwe, ZWE
103.843, 1917, Nov Average, Zimbabwe, ZWE
271.03, 1917, Dec Average, Zimbabwe, ZWE
306.178, 1918, Jan Average, Zimbabwe, ZWE
214.485, 1918, Feb Average, Zimbabwe, ZWE
156.667, 1918, Mar Average, Zimbabwe, ZWE
10.522, 1918, Apr Average, Zimbabwe, ZWE
5.13804, 1918, May Average, Zimbabwe, ZWE
0.26816, 1918, Jun Average, Zimbabwe, ZWE
1.15415, 1918, Jul Average, Zimbabwe, ZWE
2.23359, 1918, Aug Average, Zimbabwe, ZWE
0.45613, 1918, Sep Average, Zimbabwe, ZWE
4.47453, 1918, Oct Average, Zimbabwe, ZWE
90.4569, 1918, Nov Average, Zimbabwe, ZWE
121.939, 1918, Dec Average, Zimbabwe, ZWE
280.761, 1919, Jan Average, Zimbabwe, ZWE
172.608, 1919, Feb Average, Zimbabwe, ZWE
28.407, 1919, Mar Average, Zimbabwe, ZWE
10.9286, 1919, Apr Average, Zimbabwe, ZWE
5.43537, 1919, May Average, Zimbabwe, ZWE
1.66967, 1919, Jun Average, Zimbabwe, ZWE
0.55289, 1919, Jul Average, Zimbabwe, ZWE
0.39018, 1919, Aug Average, Zimbabwe, ZWE
5.78037, 1919, Sep Average, Zimbabwe, ZWE
22.9559, 1919, Oct Average, Zimbabwe, ZWE
77.1901, 1919, Nov Average, Zimbabwe, ZWE
123.772, 1919, Dec Average, Zimbabwe, ZWE
184.231, 1920, Jan Average, Zimbabwe, ZWE
194.25, 1920, Feb Average, Zimbabwe, ZWE
123.532, 1920, Mar Average, Zimbabwe, ZWE
6.40553, 1920, Apr Average, Zimbabwe, ZWE
11.3109, 1920, May Average, Zimbabwe, ZWE
0.43088, 1920, Jun Average, Zimbabwe, ZWE
0.56953, 1920, Jul Average, Zimbabwe, ZWE
0.45062, 1920, Aug Average, Zimbabwe, ZWE
0.34135, 1920, Sep Average, Zimbabwe, ZWE
30.3994, 1920, Oct Average, Zimbabwe, ZWE
39.8184, 1920, Nov Average, Zimbabwe, ZWE
109.661, 1920, Dec Average, Zimbabwe, ZWE
166.15, 1921, Jan Average, Zimbabwe, ZWE
167.802, 1921, Feb Average, Zimbabwe, ZWE
161.161, 1921, Mar Average, Zimbabwe, ZWE
31.4432, 1921, Apr Average, Zimbabwe, ZWE
18.5655, 1921, May Average, Zimbabwe, ZWE
0.97719, 1921, Jun Average, Zimbabwe, ZWE
1.98268, 1921, Jul Average, Zimbabwe, ZWE
1.80188, 1921, Aug Average, Zimbabwe, ZWE
1.43372, 1921, Sep Average, Zimbabwe, ZWE
24.0033, 1921, Oct Average, Zimbabwe, ZWE
112.627, 1921, Nov Average, Zimbabwe, ZWE
132.682, 1921, Dec Average, Zimbabwe, ZWE
28.176, 1922, Jan Average, Zimbabwe, ZWE
83.8132, 1922, Feb Average, Zimbabwe, ZWE
29.1436, 1922, Mar Average, Zimbabwe, ZWE
4.48572, 1922, Apr Average, Zimbabwe, ZWE
14.1091, 1922, May Average, Zimbabwe, ZWE
0.64313, 1922, Jun Average, Zimbabwe, ZWE
1.49422, 1922, Jul Average, Zimbabwe, ZWE
0.25529, 1922, Aug Average, Zimbabwe, ZWE
0.57617, 1922, Sep Average, Zimbabwe, ZWE
49.4006, 1922, Oct Average, Zimbabwe, ZWE
80.7764, 1922, Nov Average, Zimbabwe, ZWE
104.465, 1922, Dec Average, Zimbabwe, ZWE
205.736, 1923, Jan Average, Zimbabwe, ZWE
215.742, 1923, Feb Average, Zimbabwe, ZWE
226.927, 1923, Mar Average, Zimbabwe, ZWE
12.4219, 1923, Apr Average, Zimbabwe, ZWE
3.40807, 1923, May Average, Zimbabwe, ZWE
0.78388, 1923, Jun Average, Zimbabwe, ZWE
3.45669, 1923, Jul Average, Zimbabwe, ZWE
1.80692, 1923, Aug Average, Zimbabwe, ZWE
1.95654, 1923, Sep Average, Zimbabwe, ZWE
4.51339, 1923, Oct Average, Zimbabwe, ZWE
45.7496, 1923, Nov Average, Zimbabwe, ZWE
100.745, 1923, Dec Average, Zimbabwe, ZWE
65.6646, 1924, Jan Average, Zimbabwe, ZWE
79.7106, 1924, Feb Average, Zimbabwe, ZWE
107.849, 1924, Mar Average, Zimbabwe, ZWE
4.40835, 1924, Apr Average, Zimbabwe, ZWE
5.97373, 1924, May Average, Zimbabwe, ZWE
0.86406, 1924, Jun Average, Zimbabwe, ZWE
1.78311, 1924, Jul Average, Zimbabwe, ZWE
1.80763, 1924, Aug Average, Zimbabwe, ZWE
1.5379, 1924, Sep Average, Zimbabwe, ZWE
34.2195, 1924, Oct Average, Zimbabwe, ZWE
104.858, 1924, Nov Average, Zimbabwe, ZWE
246.826, 1924, Dec Average, Zimbabwe, ZWE
288.819, 1925, Jan Average, Zimbabwe, ZWE
201.441, 1925, Feb Average, Zimbabwe, ZWE
225.038, 1925, Mar Average, Zimbabwe, ZWE
56.3638, 1925, Apr Average, Zimbabwe, ZWE
25.735, 1925, May Average, Zimbabwe, ZWE
0.23032, 1925, Jun Average, Zimbabwe, ZWE
5.88102, 1925, Jul Average, Zimbabwe, ZWE
0.14574, 1925, Aug Average, Zimbabwe, ZWE
24.8564, 1925, Sep Average, Zimbabwe, ZWE
21.688, 1925, Oct Average, Zimbabwe, ZWE
30.8707, 1925, Nov Average, Zimbabwe, ZWE
79.3762, 1925, Dec Average, Zimbabwe, ZWE
203.768, 1926, Jan Average, Zimbabwe, ZWE
204.807, 1926, Feb Average, Zimbabwe, ZWE
188.776, 1926, Mar Average, Zimbabwe, ZWE
9.28816, 1926, Apr Average, Zimbabwe, ZWE
6.46042, 1926, May Average, Zimbabwe, ZWE
2.14547, 1926, Jun Average, Zimbabwe, ZWE
3.7482, 1926, Jul Average, Zimbabwe, ZWE
0.30682, 1926, Aug Average, Zimbabwe, ZWE
1.26498, 1926, Sep Average, Zimbabwe, ZWE
4.98075, 1926, Oct Average, Zimbabwe, ZWE
42.799, 1926, Nov Average, Zimbabwe, ZWE
164.959, 1926, Dec Average, Zimbabwe, ZWE
113.562, 1927, Jan Average, Zimbabwe, ZWE
135.47, 1927, Feb Average, Zimbabwe, ZWE
53.7181, 1927, Mar Average, Zimbabwe, ZWE
22.4869, 1927, Apr Average, Zimbabwe, ZWE
2.49887, 1927, May Average, Zimbabwe, ZWE
1.58576, 1927, Jun Average, Zimbabwe, ZWE
5.82294, 1927, Jul Average, Zimbabwe, ZWE
0.61143, 1927, Aug Average, Zimbabwe, ZWE
0.68924, 1927, Sep Average, Zimbabwe, ZWE
37.0769, 1927, Oct Average, Zimbabwe, ZWE
68.6614, 1927, Nov Average, Zimbabwe, ZWE
116.471, 1927, Dec Average, Zimbabwe, ZWE
185.402, 1928, Jan Average, Zimbabwe, ZWE
40.6348, 1928, Feb Average, Zimbabwe, ZWE
83.642, 1928, Mar Average, Zimbabwe, ZWE
21.4058, 1928, Apr Average, Zimbabwe, ZWE
1.49506, 1928, May Average, Zimbabwe, ZWE
0.70234, 1928, Jun Average, Zimbabwe, ZWE
1.97473, 1928, Jul Average, Zimbabwe, ZWE
4.05148, 1928, Aug Average, Zimbabwe, ZWE
4.15085, 1928, Sep Average, Zimbabwe, ZWE
3.19506, 1928, Oct Average, Zimbabwe, ZWE
68.5507, 1928, Nov Average, Zimbabwe, ZWE
201.076, 1928, Dec Average, Zimbabwe, ZWE
259.841, 1929, Jan Average, Zimbabwe, ZWE
146.977, 1929, Feb Average, Zimbabwe, ZWE
147.602, 1929, Mar Average, Zimbabwe, ZWE
4.78056, 1929, Apr Average, Zimbabwe, ZWE
4.69566, 1929, May Average, Zimbabwe, ZWE
4.26666, 1929, Jun Average, Zimbabwe, ZWE
1.39645, 1929, Jul Average, Zimbabwe, ZWE
2.65263, 1929, Aug Average, Zimbabwe, ZWE
0.43791, 1929, Sep Average, Zimbabwe, ZWE
14.5621, 1929, Oct Average, Zimbabwe, ZWE
109.785, 1929, Nov Average, Zimbabwe, ZWE
152.743, 1929, Dec Average, Zimbabwe, ZWE
125.656, 1930, Jan Average, Zimbabwe, ZWE
58.6872, 1930, Feb Average, Zimbabwe, ZWE
111.062, 1930, Mar Average, Zimbabwe, ZWE
71.602, 1930, Apr Average, Zimbabwe, ZWE
6.95597, 1930, May Average, Zimbabwe, ZWE
2.62812, 1930, Jun Average, Zimbabwe, ZWE
2.93981, 1930, Jul Average, Zimbabwe, ZWE
1.48078, 1930, Aug Average, Zimbabwe, ZWE
2.0012, 1930, Sep Average, Zimbabwe, ZWE
2.81003, 1930, Oct Average, Zimbabwe, ZWE
71.6674, 1930, Nov Average, Zimbabwe, ZWE
197.332, 1930, Dec Average, Zimbabwe, ZWE
111.991, 1931, Jan Average, Zimbabwe, ZWE
92.5083, 1931, Feb Average, Zimbabwe, ZWE
65.7392, 1931, Mar Average, Zimbabwe, ZWE
24.3824, 1931, Apr Average, Zimbabwe, ZWE
2.14321, 1931, May Average, Zimbabwe, ZWE
1.81692, 1931, Jun Average, Zimbabwe, ZWE
2.31757, 1931, Jul Average, Zimbabwe, ZWE
0.40938, 1931, Aug Average, Zimbabwe, ZWE
0.86631, 1931, Sep Average, Zimbabwe, ZWE
24.4144, 1931, Oct Average, Zimbabwe, ZWE
112.525, 1931, Nov Average, Zimbabwe, ZWE
115.901, 1931, Dec Average, Zimbabwe, ZWE
135.218, 1932, Jan Average, Zimbabwe, ZWE
116.695, 1932, Feb Average, Zimbabwe, ZWE
182.153, 1932, Mar Average, Zimbabwe, ZWE
50.4745, 1932, Apr Average, Zimbabwe, ZWE
12.4008, 1932, May Average, Zimbabwe, ZWE
0.06262, 1932, Jun Average, Zimbabwe, ZWE
0.28958, 1932, Jul Average, Zimbabwe, ZWE
2.44166, 1932, Aug Average, Zimbabwe, ZWE
2.60675, 1932, Sep Average, Zimbabwe, ZWE
6.52512, 1932, Oct Average, Zimbabwe, ZWE
47.4949, 1932, Nov Average, Zimbabwe, ZWE
217.979, 1932, Dec Average, Zimbabwe, ZWE
226.87, 1933, Jan Average, Zimbabwe, ZWE
75.2394, 1933, Feb Average, Zimbabwe, ZWE
12.534, 1933, Mar Average, Zimbabwe, ZWE
11.6418, 1933, Apr Average, Zimbabwe, ZWE
0.386, 1933, May Average, Zimbabwe, ZWE
6.28415, 1933, Jun Average, Zimbabwe, ZWE
1.12963, 1933, Jul Average, Zimbabwe, ZWE
0.98132, 1933, Aug Average, Zimbabwe, ZWE
1.40478, 1933, Sep Average, Zimbabwe, ZWE
5.80778, 1933, Oct Average, Zimbabwe, ZWE
132.988, 1933, Nov Average, Zimbabwe, ZWE
106.419, 1933, Dec Average, Zimbabwe, ZWE
128.323, 1934, Jan Average, Zimbabwe, ZWE
96.7254, 1934, Feb Average, Zimbabwe, ZWE
73.885, 1934, Mar Average, Zimbabwe, ZWE
37.4899, 1934, Apr Average, Zimbabwe, ZWE
4.32458, 1934, May Average, Zimbabwe, ZWE
8.66818, 1934, Jun Average, Zimbabwe, ZWE
1.16753, 1934, Jul Average, Zimbabwe, ZWE
1.16055, 1934, Aug Average, Zimbabwe, ZWE
3.2835, 1934, Sep Average, Zimbabwe, ZWE
20.5729, 1934, Oct Average, Zimbabwe, ZWE
119.674, 1934, Nov Average, Zimbabwe, ZWE
193.732, 1934, Dec Average, Zimbabwe, ZWE
183.684, 1935, Jan Average, Zimbabwe, ZWE
97.5785, 1935, Feb Average, Zimbabwe, ZWE
54.2921, 1935, Mar Average, Zimbabwe, ZWE
8.42472, 1935, Apr Average, Zimbabwe, ZWE
15.8877, 1935, May Average, Zimbabwe, ZWE
5.18349, 1935, Jun Average, Zimbabwe, ZWE
1.86088, 1935, Jul Average, Zimbabwe, ZWE
5.11534, 1935, Aug Average, Zimbabwe, ZWE
7.7401, 1935, Sep Average, Zimbabwe, ZWE
6.37021, 1935, Oct Average, Zimbabwe, ZWE
31.9368, 1935, Nov Average, Zimbabwe, ZWE
69.7549, 1935, Dec Average, Zimbabwe, ZWE
129.9, 1936, Jan Average, Zimbabwe, ZWE
192.576, 1936, Feb Average, Zimbabwe, ZWE
158.218, 1936, Mar Average, Zimbabwe, ZWE
29.333, 1936, Apr Average, Zimbabwe, ZWE
14.3933, 1936, May Average, Zimbabwe, ZWE
6.28026, 1936, Jun Average, Zimbabwe, ZWE
5.59058, 1936, Jul Average, Zimbabwe, ZWE
3.98899, 1936, Aug Average, Zimbabwe, ZWE
1.8315, 1936, Sep Average, Zimbabwe, ZWE
30.9672, 1936, Oct Average, Zimbabwe, ZWE
115.043, 1936, Nov Average, Zimbabwe, ZWE
93.5338, 1936, Dec Average, Zimbabwe, ZWE
117.655, 1937, Jan Average, Zimbabwe, ZWE
207.201, 1937, Feb Average, Zimbabwe, ZWE
59.6557, 1937, Mar Average, Zimbabwe, ZWE
12.7081, 1937, Apr Average, Zimbabwe, ZWE
1.98826, 1937, May Average, Zimbabwe, ZWE
0.33908, 1937, Jun Average, Zimbabwe, ZWE
1.88614, 1937, Jul Average, Zimbabwe, ZWE
2.3677, 1937, Aug Average, Zimbabwe, ZWE
2.50982, 1937, Sep Average, Zimbabwe, ZWE
11.8619, 1937, Oct Average, Zimbabwe, ZWE
30.949, 1937, Nov Average, Zimbabwe, ZWE
164.022, 1937, Dec Average, Zimbabwe, ZWE
224.959, 1938, Jan Average, Zimbabwe, ZWE
57.0599, 1938, Feb Average, Zimbabwe, ZWE
41.7772, 1938, Mar Average, Zimbabwe, ZWE
39.5742, 1938, Apr Average, Zimbabwe, ZWE
1.53149, 1938, May Average, Zimbabwe, ZWE
3.46009, 1938, Jun Average, Zimbabwe, ZWE
0.39923, 1938, Jul Average, Zimbabwe, ZWE
1.11648, 1938, Aug Average, Zimbabwe, ZWE
2.9932, 1938, Sep Average, Zimbabwe, ZWE
22.4638, 1938, Oct Average, Zimbabwe, ZWE
59.6835, 1938, Nov Average, Zimbabwe, ZWE
260.379, 1938, Dec Average, Zimbabwe, ZWE
154.554, 1939, Jan Average, Zimbabwe, ZWE
289.85, 1939, Feb Average, Zimbabwe, ZWE
186.372, 1939, Mar Average, Zimbabwe, ZWE
12.0955, 1939, Apr Average, Zimbabwe, ZWE
14.8378, 1939, May Average, Zimbabwe, ZWE
8.04907, 1939, Jun Average, Zimbabwe, ZWE
6.49063, 1939, Jul Average, Zimbabwe, ZWE
6.36188, 1939, Aug Average, Zimbabwe, ZWE
21.3935, 1939, Sep Average, Zimbabwe, ZWE
24.9185, 1939, Oct Average, Zimbabwe, ZWE
107.998, 1939, Nov Average, Zimbabwe, ZWE
184.899, 1939, Dec Average, Zimbabwe, ZWE
90.3594, 1940, Jan Average, Zimbabwe, ZWE
166.349, 1940, Feb Average, Zimbabwe, ZWE
131.887, 1940, Mar Average, Zimbabwe, ZWE
39.9735, 1940, Apr Average, Zimbabwe, ZWE
0.67285, 1940, May Average, Zimbabwe, ZWE
13.835, 1940, Jun Average, Zimbabwe, ZWE
4.44497, 1940, Jul Average, Zimbabwe, ZWE
2.39368, 1940, Aug Average, Zimbabwe, ZWE
4.00897, 1940, Sep Average, Zimbabwe, ZWE
30.9246, 1940, Oct Average, Zimbabwe, ZWE
79.4192, 1940, Nov Average, Zimbabwe, ZWE
146.677, 1940, Dec Average, Zimbabwe, ZWE
212.833, 1941, Jan Average, Zimbabwe, ZWE
130.04, 1941, Feb Average, Zimbabwe, ZWE
37.782, 1941, Mar Average, Zimbabwe, ZWE
6.46265, 1941, Apr Average, Zimbabwe, ZWE
0.81083, 1941, May Average, Zimbabwe, ZWE
11.6103, 1941, Jun Average, Zimbabwe, ZWE
0.59331, 1941, Jul Average, Zimbabwe, ZWE
2.58883, 1941, Aug Average, Zimbabwe, ZWE
0.86868, 1941, Sep Average, Zimbabwe, ZWE
27.8364, 1941, Oct Average, Zimbabwe, ZWE
68.5165, 1941, Nov Average, Zimbabwe, ZWE
128.343, 1941, Dec Average, Zimbabwe, ZWE
163.191, 1942, Jan Average, Zimbabwe, ZWE
49.9726, 1942, Feb Average, Zimbabwe, ZWE
73.2067, 1942, Mar Average, Zimbabwe, ZWE
8.34539, 1942, Apr Average, Zimbabwe, ZWE
11.0192, 1942, May Average, Zimbabwe, ZWE
6.35534, 1942, Jun Average, Zimbabwe, ZWE
5.57644, 1942, Jul Average, Zimbabwe, ZWE
1.34241, 1942, Aug Average, Zimbabwe, ZWE
5.6175, 1942, Sep Average, Zimbabwe, ZWE
34.3545, 1942, Oct Average, Zimbabwe, ZWE
43.7354, 1942, Nov Average, Zimbabwe, ZWE
152.536, 1942, Dec Average, Zimbabwe, ZWE
151.416, 1943, Jan Average, Zimbabwe, ZWE
165.615, 1943, Feb Average, Zimbabwe, ZWE
158.753, 1943, Mar Average, Zimbabwe, ZWE
69.6666, 1943, Apr Average, Zimbabwe, ZWE
5.82433, 1943, May Average, Zimbabwe, ZWE
0.9347, 1943, Jun Average, Zimbabwe, ZWE
0.87044, 1943, Jul Average, Zimbabwe, ZWE
6.48995, 1943, Aug Average, Zimbabwe, ZWE
2.02918, 1943, Sep Average, Zimbabwe, ZWE
3.36664, 1943, Oct Average, Zimbabwe, ZWE
86.2057, 1943, Nov Average, Zimbabwe, ZWE
135.349, 1943, Dec Average, Zimbabwe, ZWE
125.097, 1944, Jan Average, Zimbabwe, ZWE
305.912, 1944, Feb Average, Zimbabwe, ZWE
58.1033, 1944, Mar Average, Zimbabwe, ZWE
15.5325, 1944, Apr Average, Zimbabwe, ZWE
1.16621, 1944, May Average, Zimbabwe, ZWE
9.68198, 1944, Jun Average, Zimbabwe, ZWE
0.91009, 1944, Jul Average, Zimbabwe, ZWE
0.22723, 1944, Aug Average, Zimbabwe, ZWE
1.60935, 1944, Sep Average, Zimbabwe, ZWE
27.5631, 1944, Oct Average, Zimbabwe, ZWE
60.8412, 1944, Nov Average, Zimbabwe, ZWE
46.9879, 1944, Dec Average, Zimbabwe, ZWE
148.878, 1945, Jan Average, Zimbabwe, ZWE
149.74, 1945, Feb Average, Zimbabwe, ZWE
141.285, 1945, Mar Average, Zimbabwe, ZWE
12.3466, 1945, Apr Average, Zimbabwe, ZWE
8.3546, 1945, May Average, Zimbabwe, ZWE
0.09698, 1945, Jun Average, Zimbabwe, ZWE
2.83409, 1945, Jul Average, Zimbabwe, ZWE
1.51812, 1945, Aug Average, Zimbabwe, ZWE
1.15438, 1945, Sep Average, Zimbabwe, ZWE
12.9246, 1945, Oct Average, Zimbabwe, ZWE
65.9326, 1945, Nov Average, Zimbabwe, ZWE
113.483, 1945, Dec Average, Zimbabwe, ZWE
274.797, 1946, Jan Average, Zimbabwe, ZWE
160.057, 1946, Feb Average, Zimbabwe, ZWE
68.6902, 1946, Mar Average, Zimbabwe, ZWE
15.8341, 1946, Apr Average, Zimbabwe, ZWE
5.25146, 1946, May Average, Zimbabwe, ZWE
3.14917, 1946, Jun Average, Zimbabwe, ZWE
0.40997, 1946, Jul Average, Zimbabwe, ZWE
0.67424, 1946, Aug Average, Zimbabwe, ZWE
2.28996, 1946, Sep Average, Zimbabwe, ZWE
4.77743, 1946, Oct Average, Zimbabwe, ZWE
68.0979, 1946, Nov Average, Zimbabwe, ZWE
88.7414, 1946, Dec Average, Zimbabwe, ZWE
86.0067, 1947, Jan Average, Zimbabwe, ZWE
54.7718, 1947, Feb Average, Zimbabwe, ZWE
84.6803, 1947, Mar Average, Zimbabwe, ZWE
16.2521, 1947, Apr Average, Zimbabwe, ZWE
1.57925, 1947, May Average, Zimbabwe, ZWE
3.78466, 1947, Jun Average, Zimbabwe, ZWE
2.39742, 1947, Jul Average, Zimbabwe, ZWE
0.05446, 1947, Aug Average, Zimbabwe, ZWE
13.3397, 1947, Sep Average, Zimbabwe, ZWE
24.221, 1947, Oct Average, Zimbabwe, ZWE
79.8967, 1947, Nov Average, Zimbabwe, ZWE
178.315, 1947, Dec Average, Zimbabwe, ZWE
103.7, 1948, Jan Average, Zimbabwe, ZWE
107.969, 1948, Feb Average, Zimbabwe, ZWE
222.298, 1948, Mar Average, Zimbabwe, ZWE
37.4377, 1948, Apr Average, Zimbabwe, ZWE
10.6213, 1948, May Average, Zimbabwe, ZWE
0.47117, 1948, Jun Average, Zimbabwe, ZWE
3.79198, 1948, Jul Average, Zimbabwe, ZWE
1.48456, 1948, Aug Average, Zimbabwe, ZWE
1.14988, 1948, Sep Average, Zimbabwe, ZWE
65.7572, 1948, Oct Average, Zimbabwe, ZWE
102.842, 1948, Nov Average, Zimbabwe, ZWE
51.7577, 1948, Dec Average, Zimbabwe, ZWE
118.325, 1949, Jan Average, Zimbabwe, ZWE
90.7538, 1949, Feb Average, Zimbabwe, ZWE
105.291, 1949, Mar Average, Zimbabwe, ZWE
9.27109, 1949, Apr Average, Zimbabwe, ZWE
7.11944, 1949, May Average, Zimbabwe, ZWE
8.22256, 1949, Jun Average, Zimbabwe, ZWE
2.41897, 1949, Jul Average, Zimbabwe, ZWE
0.5563, 1949, Aug Average, Zimbabwe, ZWE
1.62748, 1949, Sep Average, Zimbabwe, ZWE
6.79266, 1949, Oct Average, Zimbabwe, ZWE
59.3418, 1949, Nov Average, Zimbabwe, ZWE
141.089, 1949, Dec Average, Zimbabwe, ZWE
102.636, 1950, Jan Average, Zimbabwe, ZWE
128.099, 1950, Feb Average, Zimbabwe, ZWE
71.9679, 1950, Mar Average, Zimbabwe, ZWE
33.524, 1950, Apr Average, Zimbabwe, ZWE
4.54811, 1950, May Average, Zimbabwe, ZWE
1.46313, 1950, Jun Average, Zimbabwe, ZWE
4.55784, 1950, Jul Average, Zimbabwe, ZWE
3.289, 1950, Aug Average, Zimbabwe, ZWE
2.2805, 1950, Sep Average, Zimbabwe, ZWE
7.08169, 1950, Oct Average, Zimbabwe, ZWE
52.052, 1950, Nov Average, Zimbabwe, ZWE
185.726, 1950, Dec Average, Zimbabwe, ZWE
152.628, 1951, Jan Average, Zimbabwe, ZWE
23.2034, 1951, Feb Average, Zimbabwe, ZWE
69.6464, 1951, Mar Average, Zimbabwe, ZWE
23.7704, 1951, Apr Average, Zimbabwe, ZWE
11.8394, 1951, May Average, Zimbabwe, ZWE
3.44094, 1951, Jun Average, Zimbabwe, ZWE
1.759, 1951, Jul Average, Zimbabwe, ZWE
5.28442, 1951, Aug Average, Zimbabwe, ZWE
9.94491, 1951, Sep Average, Zimbabwe, ZWE
62.1035, 1951, Oct Average, Zimbabwe, ZWE
80.3475, 1951, Nov Average, Zimbabwe, ZWE
141.254, 1951, Dec Average, Zimbabwe, ZWE
299.612, 1952, Jan Average, Zimbabwe, ZWE
163.291, 1952, Feb Average, Zimbabwe, ZWE
26.3493, 1952, Mar Average, Zimbabwe, ZWE
10.5934, 1952, Apr Average, Zimbabwe, ZWE
10.6692, 1952, May Average, Zimbabwe, ZWE
10.0882, 1952, Jun Average, Zimbabwe, ZWE
1.44215, 1952, Jul Average, Zimbabwe, ZWE
0.78208, 1952, Aug Average, Zimbabwe, ZWE
10.8019, 1952, Sep Average, Zimbabwe, ZWE
19.9002, 1952, Oct Average, Zimbabwe, ZWE
101.692, 1952, Nov Average, Zimbabwe, ZWE
141.292, 1952, Dec Average, Zimbabwe, ZWE
292.617, 1953, Jan Average, Zimbabwe, ZWE
185.672, 1953, Feb Average, Zimbabwe, ZWE
143.253, 1953, Mar Average, Zimbabwe, ZWE
36.2811, 1953, Apr Average, Zimbabwe, ZWE
5.6062, 1953, May Average, Zimbabwe, ZWE
0.73399, 1953, Jun Average, Zimbabwe, ZWE
1.31144, 1953, Jul Average, Zimbabwe, ZWE
5.25324, 1953, Aug Average, Zimbabwe, ZWE
2.63192, 1953, Sep Average, Zimbabwe, ZWE
9.04988, 1953, Oct Average, Zimbabwe, ZWE
110.963, 1953, Nov Average, Zimbabwe, ZWE
125.665, 1953, Dec Average, Zimbabwe, ZWE
166.399, 1954, Jan Average, Zimbabwe, ZWE
143.544, 1954, Feb Average, Zimbabwe, ZWE
45.3, 1954, Mar Average, Zimbabwe, ZWE
10.6472, 1954, Apr Average, Zimbabwe, ZWE
0.78172, 1954, May Average, Zimbabwe, ZWE
3.93052, 1954, Jun Average, Zimbabwe, ZWE
0.00638, 1954, Jul Average, Zimbabwe, ZWE
1.16717, 1954, Aug Average, Zimbabwe, ZWE
5.05166, 1954, Sep Average, Zimbabwe, ZWE
12.1736, 1954, Oct Average, Zimbabwe, ZWE
122.398, 1954, Nov Average, Zimbabwe, ZWE
298.546, 1954, Dec Average, Zimbabwe, ZWE
202.904, 1955, Jan Average, Zimbabwe, ZWE
189.867, 1955, Feb Average, Zimbabwe, ZWE
93.0675, 1955, Mar Average, Zimbabwe, ZWE
35.8247, 1955, Apr Average, Zimbabwe, ZWE
5.20827, 1955, May Average, Zimbabwe, ZWE
7.09856, 1955, Jun Average, Zimbabwe, ZWE
2.32153, 1955, Jul Average, Zimbabwe, ZWE
0.4825, 1955, Aug Average, Zimbabwe, ZWE
0.98296, 1955, Sep Average, Zimbabwe, ZWE
22.8353, 1955, Oct Average, Zimbabwe, ZWE
69.0392, 1955, Nov Average, Zimbabwe, ZWE
181.792, 1955, Dec Average, Zimbabwe, ZWE
86.2722, 1956, Jan Average, Zimbabwe, ZWE
210.764, 1956, Feb Average, Zimbabwe, ZWE
160.246, 1956, Mar Average, Zimbabwe, ZWE
43.7846, 1956, Apr Average, Zimbabwe, ZWE
6.15699, 1956, May Average, Zimbabwe, ZWE
5.74658, 1956, Jun Average, Zimbabwe, ZWE
0.82329, 1956, Jul Average, Zimbabwe, ZWE
3.38546, 1956, Aug Average, Zimbabwe, ZWE
8.73668, 1956, Sep Average, Zimbabwe, ZWE
10.1926, 1956, Oct Average, Zimbabwe, ZWE
123.176, 1956, Nov Average, Zimbabwe, ZWE
157.8, 1956, Dec Average, Zimbabwe, ZWE
152.293, 1957, Jan Average, Zimbabwe, ZWE
116.079, 1957, Feb Average, Zimbabwe, ZWE
113.799, 1957, Mar Average, Zimbabwe, ZWE
20.917, 1957, Apr Average, Zimbabwe, ZWE
10.2372, 1957, May Average, Zimbabwe, ZWE
0.64167, 1957, Jun Average, Zimbabwe, ZWE
0.82675, 1957, Jul Average, Zimbabwe, ZWE
2.21615, 1957, Aug Average, Zimbabwe, ZWE
7.79936, 1957, Sep Average, Zimbabwe, ZWE
31.5418, 1957, Oct Average, Zimbabwe, ZWE
54.0657, 1957, Nov Average, Zimbabwe, ZWE
128.088, 1957, Dec Average, Zimbabwe, ZWE
267.26, 1958, Jan Average, Zimbabwe, ZWE
245.195, 1958, Feb Average, Zimbabwe, ZWE
30.7235, 1958, Mar Average, Zimbabwe, ZWE
29.6413, 1958, Apr Average, Zimbabwe, ZWE
1.475, 1958, May Average, Zimbabwe, ZWE
7.51745, 1958, Jun Average, Zimbabwe, ZWE
1.73257, 1958, Jul Average, Zimbabwe, ZWE
2.67856, 1958, Aug Average, Zimbabwe, ZWE
22.7642, 1958, Sep Average, Zimbabwe, ZWE
43.8411, 1958, Oct Average, Zimbabwe, ZWE
55.4401, 1958, Nov Average, Zimbabwe, ZWE
158.551, 1958, Dec Average, Zimbabwe, ZWE
185.569, 1959, Jan Average, Zimbabwe, ZWE
129.242, 1959, Feb Average, Zimbabwe, ZWE
45.4052, 1959, Mar Average, Zimbabwe, ZWE
8.38359, 1959, Apr Average, Zimbabwe, ZWE
15.6826, 1959, May Average, Zimbabwe, ZWE
9.55552, 1959, Jun Average, Zimbabwe, ZWE
4.65683, 1959, Jul Average, Zimbabwe, ZWE
3.32206, 1959, Aug Average, Zimbabwe, ZWE
3.89652, 1959, Sep Average, Zimbabwe, ZWE
8.67907, 1959, Oct Average, Zimbabwe, ZWE
55.7514, 1959, Nov Average, Zimbabwe, ZWE
180.439, 1959, Dec Average, Zimbabwe, ZWE
65.0227, 1960, Jan Average, Zimbabwe, ZWE
120.452, 1960, Feb Average, Zimbabwe, ZWE
37.6902, 1960, Mar Average, Zimbabwe, ZWE
43.7816, 1960, Apr Average, Zimbabwe, ZWE
17.5634, 1960, May Average, Zimbabwe, ZWE
13.909, 1960, Jun Average, Zimbabwe, ZWE
2.65017, 1960, Jul Average, Zimbabwe, ZWE
0.70856, 1960, Aug Average, Zimbabwe, ZWE
5.09972, 1960, Sep Average, Zimbabwe, ZWE
19.9943, 1960, Oct Average, Zimbabwe, ZWE
95.8329, 1960, Nov Average, Zimbabwe, ZWE
163.102, 1960, Dec Average, Zimbabwe, ZWE
142.036, 1961, Jan Average, Zimbabwe, ZWE
138.508, 1961, Feb Average, Zimbabwe, ZWE
97.5233, 1961, Mar Average, Zimbabwe, ZWE
62.8338, 1961, Apr Average, Zimbabwe, ZWE
5.86649, 1961, May Average, Zimbabwe, ZWE
21.7378, 1961, Jun Average, Zimbabwe, ZWE
2.76458, 1961, Jul Average, Zimbabwe, ZWE
6.97303, 1961, Aug Average, Zimbabwe, ZWE
4.88176, 1961, Sep Average, Zimbabwe, ZWE
17.2701, 1961, Oct Average, Zimbabwe, ZWE
100.599, 1961, Nov Average, Zimbabwe, ZWE
73.3421, 1961, Dec Average, Zimbabwe, ZWE
206.857, 1962, Jan Average, Zimbabwe, ZWE
97.4678, 1962, Feb Average, Zimbabwe, ZWE
67.7472, 1962, Mar Average, Zimbabwe, ZWE
51.6874, 1962, Apr Average, Zimbabwe, ZWE
2.03215, 1962, May Average, Zimbabwe, ZWE
0.92529, 1962, Jun Average, Zimbabwe, ZWE
0.84975, 1962, Jul Average, Zimbabwe, ZWE
1.18006, 1962, Aug Average, Zimbabwe, ZWE
0.83744, 1962, Sep Average, Zimbabwe, ZWE
2.00677, 1962, Oct Average, Zimbabwe, ZWE
131.559, 1962, Nov Average, Zimbabwe, ZWE
268.166, 1962, Dec Average, Zimbabwe, ZWE
122.782, 1963, Jan Average, Zimbabwe, ZWE
196.69, 1963, Feb Average, Zimbabwe, ZWE
40.4846, 1963, Mar Average, Zimbabwe, ZWE
42.7019, 1963, Apr Average, Zimbabwe, ZWE
1.51654, 1963, May Average, Zimbabwe, ZWE
8.56111, 1963, Jun Average, Zimbabwe, ZWE
1.07607, 1963, Jul Average, Zimbabwe, ZWE
0.3032, 1963, Aug Average, Zimbabwe, ZWE
0.8859, 1963, Sep Average, Zimbabwe, ZWE
28.5337, 1963, Oct Average, Zimbabwe, ZWE
40.0552, 1963, Nov Average, Zimbabwe, ZWE
134.609, 1963, Dec Average, Zimbabwe, ZWE
138.518, 1964, Jan Average, Zimbabwe, ZWE
101.199, 1964, Feb Average, Zimbabwe, ZWE
25.4657, 1964, Mar Average, Zimbabwe, ZWE
2.90237, 1964, Apr Average, Zimbabwe, ZWE
4.25637, 1964, May Average, Zimbabwe, ZWE
1.77942, 1964, Jun Average, Zimbabwe, ZWE
1.09522, 1964, Jul Average, Zimbabwe, ZWE
4.45669, 1964, Aug Average, Zimbabwe, ZWE
0.07662, 1964, Sep Average, Zimbabwe, ZWE
17.5395, 1964, Oct Average, Zimbabwe, ZWE
59.3704, 1964, Nov Average, Zimbabwe, ZWE
213.02, 1964, Dec Average, Zimbabwe, ZWE
133.875, 1965, Jan Average, Zimbabwe, ZWE
62.8768, 1965, Feb Average, Zimbabwe, ZWE
27.8025, 1965, Mar Average, Zimbabwe, ZWE
7.8843, 1965, Apr Average, Zimbabwe, ZWE
2.59387, 1965, May Average, Zimbabwe, ZWE
2.02237, 1965, Jun Average, Zimbabwe, ZWE
0.7072, 1965, Jul Average, Zimbabwe, ZWE
1.09287, 1965, Aug Average, Zimbabwe, ZWE
18.1875, 1965, Sep Average, Zimbabwe, ZWE
15.2225, 1965, Oct Average, Zimbabwe, ZWE
78.3162, 1965, Nov Average, Zimbabwe, ZWE
55.4598, 1965, Dec Average, Zimbabwe, ZWE
111.577, 1966, Jan Average, Zimbabwe, ZWE
243.21, 1966, Feb Average, Zimbabwe, ZWE
47.9394, 1966, Mar Average, Zimbabwe, ZWE
24.7465, 1966, Apr Average, Zimbabwe, ZWE
19.2695, 1966, May Average, Zimbabwe, ZWE
12.7381, 1966, Jun Average, Zimbabwe, ZWE
0.34016, 1966, Jul Average, Zimbabwe, ZWE
2.59346, 1966, Aug Average, Zimbabwe, ZWE
10.9701, 1966, Sep Average, Zimbabwe, ZWE
4.88097, 1966, Oct Average, Zimbabwe, ZWE
50.8674, 1966, Nov Average, Zimbabwe, ZWE
134.924, 1966, Dec Average, Zimbabwe, ZWE
208.425, 1967, Jan Average, Zimbabwe, ZWE
155.079, 1967, Feb Average, Zimbabwe, ZWE
86.3446, 1967, Mar Average, Zimbabwe, ZWE
34.4294, 1967, Apr Average, Zimbabwe, ZWE
11.2928, 1967, May Average, Zimbabwe, ZWE
4.6157, 1967, Jun Average, Zimbabwe, ZWE
2.56843, 1967, Jul Average, Zimbabwe, ZWE
8.58509, 1967, Aug Average, Zimbabwe, ZWE
4.9331, 1967, Sep Average, Zimbabwe, ZWE
37.8727, 1967, Oct Average, Zimbabwe, ZWE
47.159, 1967, Nov Average, Zimbabwe, ZWE
71.1295, 1967, Dec Average, Zimbabwe, ZWE
77.7858, 1968, Jan Average, Zimbabwe, ZWE
110.43, 1968, Feb Average, Zimbabwe, ZWE
26.3669, 1968, Mar Average, Zimbabwe, ZWE
37.7874, 1968, Apr Average, Zimbabwe, ZWE
15.0398, 1968, May Average, Zimbabwe, ZWE
2.37476, 1968, Jun Average, Zimbabwe, ZWE
0.87848, 1968, Jul Average, Zimbabwe, ZWE
1.46855, 1968, Aug Average, Zimbabwe, ZWE
0.40555, 1968, Sep Average, Zimbabwe, ZWE
6.679, 1968, Oct Average, Zimbabwe, ZWE
78.3017, 1968, Nov Average, Zimbabwe, ZWE
165.95, 1968, Dec Average, Zimbabwe, ZWE
151.102, 1969, Jan Average, Zimbabwe, ZWE
74.3894, 1969, Feb Average, Zimbabwe, ZWE
200.266, 1969, Mar Average, Zimbabwe, ZWE
44.497, 1969, Apr Average, Zimbabwe, ZWE
5.69332, 1969, May Average, Zimbabwe, ZWE
1.5005, 1969, Jun Average, Zimbabwe, ZWE
1.52176, 1969, Jul Average, Zimbabwe, ZWE
1.70888, 1969, Aug Average, Zimbabwe, ZWE
14.5708, 1969, Sep Average, Zimbabwe, ZWE
69.8931, 1969, Oct Average, Zimbabwe, ZWE
63.382, 1969, Nov Average, Zimbabwe, ZWE
234.411, 1969, Dec Average, Zimbabwe, ZWE
52.6866, 1970, Jan Average, Zimbabwe, ZWE
60.4935, 1970, Feb Average, Zimbabwe, ZWE
19.1528, 1970, Mar Average, Zimbabwe, ZWE
37.3608, 1970, Apr Average, Zimbabwe, ZWE
0.49317, 1970, May Average, Zimbabwe, ZWE
14.3825, 1970, Jun Average, Zimbabwe, ZWE
1.88327, 1970, Jul Average, Zimbabwe, ZWE
0.40886, 1970, Aug Average, Zimbabwe, ZWE
2.56438, 1970, Sep Average, Zimbabwe, ZWE
13.548, 1970, Oct Average, Zimbabwe, ZWE
124.799, 1970, Nov Average, Zimbabwe, ZWE
117.959, 1970, Dec Average, Zimbabwe, ZWE
206.016, 1971, Jan Average, Zimbabwe, ZWE
72.318, 1971, Feb Average, Zimbabwe, ZWE
26.7643, 1971, Mar Average, Zimbabwe, ZWE
28.5574, 1971, Apr Average, Zimbabwe, ZWE
18.4665, 1971, May Average, Zimbabwe, ZWE
1.746, 1971, Jun Average, Zimbabwe, ZWE
0.43683, 1971, Jul Average, Zimbabwe, ZWE
0.03555, 1971, Aug Average, Zimbabwe, ZWE
4.21049, 1971, Sep Average, Zimbabwe, ZWE
21.0377, 1971, Oct Average, Zimbabwe, ZWE
118.317, 1971, Nov Average, Zimbabwe, ZWE
100.641, 1971, Dec Average, Zimbabwe, ZWE
284.259, 1972, Jan Average, Zimbabwe, ZWE
130.16, 1972, Feb Average, Zimbabwe, ZWE
92.6483, 1972, Mar Average, Zimbabwe, ZWE
52.6467, 1972, Apr Average, Zimbabwe, ZWE
20.2772, 1972, May Average, Zimbabwe, ZWE
0.70225, 1972, Jun Average, Zimbabwe, ZWE
0.47985, 1972, Jul Average, Zimbabwe, ZWE
0.57136, 1972, Aug Average, Zimbabwe, ZWE
8.42803, 1972, Sep Average, Zimbabwe, ZWE
26.0749, 1972, Oct Average, Zimbabwe, ZWE
45.5635, 1972, Nov Average, Zimbabwe, ZWE
59.3685, 1972, Dec Average, Zimbabwe, ZWE
124.263, 1973, Jan Average, Zimbabwe, ZWE
70.0069, 1973, Feb Average, Zimbabwe, ZWE
37.916, 1973, Mar Average, Zimbabwe, ZWE
20.7748, 1973, Apr Average, Zimbabwe, ZWE
3.24617, 1973, May Average, Zimbabwe, ZWE
4.17202, 1973, Jun Average, Zimbabwe, ZWE
3.14312, 1973, Jul Average, Zimbabwe, ZWE
2.39584, 1973, Aug Average, Zimbabwe, ZWE
14.2964, 1973, Sep Average, Zimbabwe, ZWE
29.5744, 1973, Oct Average, Zimbabwe, ZWE
107.361, 1973, Nov Average, Zimbabwe, ZWE
289.901, 1973, Dec Average, Zimbabwe, ZWE
187.186, 1974, Jan Average, Zimbabwe, ZWE
217.594, 1974, Feb Average, Zimbabwe, ZWE
100.607, 1974, Mar Average, Zimbabwe, ZWE
29.0203, 1974, Apr Average, Zimbabwe, ZWE
18.5615, 1974, May Average, Zimbabwe, ZWE
0.53468, 1974, Jun Average, Zimbabwe, ZWE
8.14664, 1974, Jul Average, Zimbabwe, ZWE
2.7473, 1974, Aug Average, Zimbabwe, ZWE
13.2529, 1974, Sep Average, Zimbabwe, ZWE
8.90573, 1974, Oct Average, Zimbabwe, ZWE
145.313, 1974, Nov Average, Zimbabwe, ZWE
204.553, 1974, Dec Average, Zimbabwe, ZWE
156.669, 1975, Jan Average, Zimbabwe, ZWE
197.311, 1975, Feb Average, Zimbabwe, ZWE
58.9916, 1975, Mar Average, Zimbabwe, ZWE
37.7618, 1975, Apr Average, Zimbabwe, ZWE
11.0446, 1975, May Average, Zimbabwe, ZWE
3.40598, 1975, Jun Average, Zimbabwe, ZWE
0.05773, 1975, Jul Average, Zimbabwe, ZWE
4.82174, 1975, Aug Average, Zimbabwe, ZWE
1.06782, 1975, Sep Average, Zimbabwe, ZWE
10.4968, 1975, Oct Average, Zimbabwe, ZWE
43.2221, 1975, Nov Average, Zimbabwe, ZWE
150.98, 1975, Dec Average, Zimbabwe, ZWE
151.636, 1976, Jan Average, Zimbabwe, ZWE
131.206, 1976, Feb Average, Zimbabwe, ZWE
208.286, 1976, Mar Average, Zimbabwe, ZWE
46.2305, 1976, Apr Average, Zimbabwe, ZWE
28.9388, 1976, May Average, Zimbabwe, ZWE
2.86867, 1976, Jun Average, Zimbabwe, ZWE
0.48635, 1976, Jul Average, Zimbabwe, ZWE
0.25395, 1976, Aug Average, Zimbabwe, ZWE
10.5466, 1976, Sep Average, Zimbabwe, ZWE
28.3631, 1976, Oct Average, Zimbabwe, ZWE
69.9201, 1976, Nov Average, Zimbabwe, ZWE
112.353, 1976, Dec Average, Zimbabwe, ZWE
109.23, 1977, Jan Average, Zimbabwe, ZWE
249.365, 1977, Feb Average, Zimbabwe, ZWE
162.797, 1977, Mar Average, Zimbabwe, ZWE
9.18811, 1977, Apr Average, Zimbabwe, ZWE
1.37912, 1977, May Average, Zimbabwe, ZWE
0.41296, 1977, Jun Average, Zimbabwe, ZWE
1.73358, 1977, Jul Average, Zimbabwe, ZWE
5.94149, 1977, Aug Average, Zimbabwe, ZWE
30.785, 1977, Sep Average, Zimbabwe, ZWE
13.5469, 1977, Oct Average, Zimbabwe, ZWE
69.5752, 1977, Nov Average, Zimbabwe, ZWE
238.092, 1977, Dec Average, Zimbabwe, ZWE
259.568, 1978, Jan Average, Zimbabwe, ZWE
196.995, 1978, Feb Average, Zimbabwe, ZWE
133.652, 1978, Mar Average, Zimbabwe, ZWE
70.6353, 1978, Apr Average, Zimbabwe, ZWE
13.3367, 1978, May Average, Zimbabwe, ZWE
3.45081, 1978, Jun Average, Zimbabwe, ZWE
3.98702, 1978, Jul Average, Zimbabwe, ZWE
0.03868, 1978, Aug Average, Zimbabwe, ZWE
5.73017, 1978, Sep Average, Zimbabwe, ZWE
48.9479, 1978, Oct Average, Zimbabwe, ZWE
70.52, 1978, Nov Average, Zimbabwe, ZWE
170.09, 1978, Dec Average, Zimbabwe, ZWE
101.491, 1979, Jan Average, Zimbabwe, ZWE
83.9232, 1979, Feb Average, Zimbabwe, ZWE
78.5391, 1979, Mar Average, Zimbabwe, ZWE
6.73117, 1979, Apr Average, Zimbabwe, ZWE
2.53776, 1979, May Average, Zimbabwe, ZWE
2.19874, 1979, Jun Average, Zimbabwe, ZWE
2.88246, 1979, Jul Average, Zimbabwe, ZWE
4.25763, 1979, Aug Average, Zimbabwe, ZWE
0.74379, 1979, Sep Average, Zimbabwe, ZWE
48.4464, 1979, Oct Average, Zimbabwe, ZWE
90.7821, 1979, Nov Average, Zimbabwe, ZWE
165.467, 1979, Dec Average, Zimbabwe, ZWE
98.624, 1980, Jan Average, Zimbabwe, ZWE
147.209, 1980, Feb Average, Zimbabwe, ZWE
63.5057, 1980, Mar Average, Zimbabwe, ZWE
22.4499, 1980, Apr Average, Zimbabwe, ZWE
2.50986, 1980, May Average, Zimbabwe, ZWE
0.42562, 1980, Jun Average, Zimbabwe, ZWE
1.69642, 1980, Jul Average, Zimbabwe, ZWE
2.58384, 1980, Aug Average, Zimbabwe, ZWE
25.72, 1980, Sep Average, Zimbabwe, ZWE
28.52, 1980, Oct Average, Zimbabwe, ZWE
108.269, 1980, Nov Average, Zimbabwe, ZWE
157.892, 1980, Dec Average, Zimbabwe, ZWE
222.228, 1981, Jan Average, Zimbabwe, ZWE
255.308, 1981, Feb Average, Zimbabwe, ZWE
84.7402, 1981, Mar Average, Zimbabwe, ZWE
41.154, 1981, Apr Average, Zimbabwe, ZWE
14.942, 1981, May Average, Zimbabwe, ZWE
0.22828, 1981, Jun Average, Zimbabwe, ZWE
0.73257, 1981, Jul Average, Zimbabwe, ZWE
2.62919, 1981, Aug Average, Zimbabwe, ZWE
7.0361, 1981, Sep Average, Zimbabwe, ZWE
27.0998, 1981, Oct Average, Zimbabwe, ZWE
103.237, 1981, Nov Average, Zimbabwe, ZWE
57.1958, 1981, Dec Average, Zimbabwe, ZWE
119.743, 1982, Jan Average, Zimbabwe, ZWE
105.306, 1982, Feb Average, Zimbabwe, ZWE
21.9091, 1982, Mar Average, Zimbabwe, ZWE
21.2961, 1982, Apr Average, Zimbabwe, ZWE
12.5576, 1982, May Average, Zimbabwe, ZWE
0.75842, 1982, Jun Average, Zimbabwe, ZWE
4.20774, 1982, Jul Average, Zimbabwe, ZWE
1.34349, 1982, Aug Average, Zimbabwe, ZWE
2.78385, 1982, Sep Average, Zimbabwe, ZWE
57.944, 1982, Oct Average, Zimbabwe, ZWE
48.4182, 1982, Nov Average, Zimbabwe, ZWE
64.4188, 1982, Dec Average, Zimbabwe, ZWE
93.832, 1983, Jan Average, Zimbabwe, ZWE
81.3158, 1983, Feb Average, Zimbabwe, ZWE
53.7696, 1983, Mar Average, Zimbabwe, ZWE
21.3696, 1983, Apr Average, Zimbabwe, ZWE
10.5144, 1983, May Average, Zimbabwe, ZWE
3.0869, 1983, Jun Average, Zimbabwe, ZWE
9.65511, 1983, Jul Average, Zimbabwe, ZWE
7.0533, 1983, Aug Average, Zimbabwe, ZWE
0.0551, 1983, Sep Average, Zimbabwe, ZWE
21.8467, 1983, Oct Average, Zimbabwe, ZWE
58.3546, 1983, Nov Average, Zimbabwe, ZWE
117.621, 1983, Dec Average, Zimbabwe, ZWE
66.1385, 1984, Jan Average, Zimbabwe, ZWE
93.3343, 1984, Feb Average, Zimbabwe, ZWE
99.7529, 1984, Mar Average, Zimbabwe, ZWE
17.6801, 1984, Apr Average, Zimbabwe, ZWE
8.18555, 1984, May Average, Zimbabwe, ZWE
1.94475, 1984, Jun Average, Zimbabwe, ZWE
4.50022, 1984, Jul Average, Zimbabwe, ZWE
0.83127, 1984, Aug Average, Zimbabwe, ZWE
12.3575, 1984, Sep Average, Zimbabwe, ZWE
29.9335, 1984, Oct Average, Zimbabwe, ZWE
94.4691, 1984, Nov Average, Zimbabwe, ZWE
139.477, 1984, Dec Average, Zimbabwe, ZWE
241.133, 1985, Jan Average, Zimbabwe, ZWE
145.438, 1985, Feb Average, Zimbabwe, ZWE
98.5644, 1985, Mar Average, Zimbabwe, ZWE
7.72199, 1985, Apr Average, Zimbabwe, ZWE
8.99421, 1985, May Average, Zimbabwe, ZWE
1.75454, 1985, Jun Average, Zimbabwe, ZWE
2.75076, 1985, Jul Average, Zimbabwe, ZWE
1.07901, 1985, Aug Average, Zimbabwe, ZWE
9.95405, 1985, Sep Average, Zimbabwe, ZWE
25.3106, 1985, Oct Average, Zimbabwe, ZWE
40.6507, 1985, Nov Average, Zimbabwe, ZWE
178.533, 1985, Dec Average, Zimbabwe, ZWE
172.373, 1986, Jan Average, Zimbabwe, ZWE
102.361, 1986, Feb Average, Zimbabwe, ZWE
70.0878, 1986, Mar Average, Zimbabwe, ZWE
106.801, 1986, Apr Average, Zimbabwe, ZWE
3.61455, 1986, May Average, Zimbabwe, ZWE
0.34291, 1986, Jun Average, Zimbabwe, ZWE
0.91289, 1986, Jul Average, Zimbabwe, ZWE
0.00413, 1986, Aug Average, Zimbabwe, ZWE
2.01102, 1986, Sep Average, Zimbabwe, ZWE
50.768, 1986, Oct Average, Zimbabwe, ZWE
50.7315, 1986, Nov Average, Zimbabwe, ZWE
134.891, 1986, Dec Average, Zimbabwe, ZWE
104.994, 1987, Jan Average, Zimbabwe, ZWE
48.6315, 1987, Feb Average, Zimbabwe, ZWE
37.4747, 1987, Mar Average, Zimbabwe, ZWE
2.46495, 1987, Apr Average, Zimbabwe, ZWE
1.98065, 1987, May Average, Zimbabwe, ZWE
0.94233, 1987, Jun Average, Zimbabwe, ZWE
0.09455, 1987, Jul Average, Zimbabwe, ZWE
1.6589, 1987, Aug Average, Zimbabwe, ZWE
6.56697, 1987, Sep Average, Zimbabwe, ZWE
17.1131, 1987, Oct Average, Zimbabwe, ZWE
44.7818, 1987, Nov Average, Zimbabwe, ZWE
213.137, 1987, Dec Average, Zimbabwe, ZWE
125.389, 1988, Jan Average, Zimbabwe, ZWE
166.256, 1988, Feb Average, Zimbabwe, ZWE
135.252, 1988, Mar Average, Zimbabwe, ZWE
27.5464, 1988, Apr Average, Zimbabwe, ZWE
4.58701, 1988, May Average, Zimbabwe, ZWE
11.2846, 1988, Jun Average, Zimbabwe, ZWE
2.02686, 1988, Jul Average, Zimbabwe, ZWE
1.57891, 1988, Aug Average, Zimbabwe, ZWE
1.09237, 1988, Sep Average, Zimbabwe, ZWE
46.7873, 1988, Oct Average, Zimbabwe, ZWE
45.8891, 1988, Nov Average, Zimbabwe, ZWE
93.2536, 1988, Dec Average, Zimbabwe, ZWE
133.729, 1989, Jan Average, Zimbabwe, ZWE
222.204, 1989, Feb Average, Zimbabwe, ZWE
50.2, 1989, Mar Average, Zimbabwe, ZWE
27.9545, 1989, Apr Average, Zimbabwe, ZWE
1.98978, 1989, May Average, Zimbabwe, ZWE
2.90473, 1989, Jun Average, Zimbabwe, ZWE
0.54884, 1989, Jul Average, Zimbabwe, ZWE
5.10601, 1989, Aug Average, Zimbabwe, ZWE
0.64131, 1989, Sep Average, Zimbabwe, ZWE
35.3803, 1989, Oct Average, Zimbabwe, ZWE
62.3831, 1989, Nov Average, Zimbabwe, ZWE
102.145, 1989, Dec Average, Zimbabwe, ZWE
226.69, 1990, Jan Average, Zimbabwe, ZWE
129.999, 1990, Feb Average, Zimbabwe, ZWE
40.3582, 1990, Mar Average, Zimbabwe, ZWE
45.0015, 1990, Apr Average, Zimbabwe, ZWE
2.82109, 1990, May Average, Zimbabwe, ZWE
1.7013, 1990, Jun Average, Zimbabwe, ZWE
0.21081, 1990, Jul Average, Zimbabwe, ZWE
1.60884, 1990, Aug Average, Zimbabwe, ZWE
2.16953, 1990, Sep Average, Zimbabwe, ZWE
11.5151, 1990, Oct Average, Zimbabwe, ZWE
54.9859, 1990, Nov Average, Zimbabwe, ZWE
113.586, 1990, Dec Average, Zimbabwe, ZWE
118.031, 1991, Jan Average, Zimbabwe, ZWE
114.608, 1991, Feb Average, Zimbabwe, ZWE
110.082, 1991, Mar Average, Zimbabwe, ZWE
10.9401, 1991, Apr Average, Zimbabwe, ZWE
3.45354, 1991, May Average, Zimbabwe, ZWE
0.30624, 1991, Jun Average, Zimbabwe, ZWE
0.45567, 1991, Jul Average, Zimbabwe, ZWE
0.59489, 1991, Aug Average, Zimbabwe, ZWE
5.31112, 1991, Sep Average, Zimbabwe, ZWE
13.7609, 1991, Oct Average, Zimbabwe, ZWE
58.4315, 1991, Nov Average, Zimbabwe, ZWE
86.4021, 1991, Dec Average, Zimbabwe, ZWE
82.4498, 1992, Jan Average, Zimbabwe, ZWE
20.6682, 1992, Feb Average, Zimbabwe, ZWE
75.1545, 1992, Mar Average, Zimbabwe, ZWE
17.2006, 1992, Apr Average, Zimbabwe, ZWE
0.98223, 1992, May Average, Zimbabwe, ZWE
1.01878, 1992, Jun Average, Zimbabwe, ZWE
0.26439, 1992, Jul Average, Zimbabwe, ZWE
0.60917, 1992, Aug Average, Zimbabwe, ZWE
0.76454, 1992, Sep Average, Zimbabwe, ZWE
12.5593, 1992, Oct Average, Zimbabwe, ZWE
71.8939, 1992, Nov Average, Zimbabwe, ZWE
175.454, 1992, Dec Average, Zimbabwe, ZWE
128.05, 1993, Jan Average, Zimbabwe, ZWE
170.595, 1993, Feb Average, Zimbabwe, ZWE
63.1258, 1993, Mar Average, Zimbabwe, ZWE
28.3124, 1993, Apr Average, Zimbabwe, ZWE
1.45235, 1993, May Average, Zimbabwe, ZWE
2.21927, 1993, Jun Average, Zimbabwe, ZWE
5.27521, 1993, Jul Average, Zimbabwe, ZWE
2.11994, 1993, Aug Average, Zimbabwe, ZWE
6.78881, 1993, Sep Average, Zimbabwe, ZWE
10.301, 1993, Oct Average, Zimbabwe, ZWE
139.188, 1993, Nov Average, Zimbabwe, ZWE
112.728, 1993, Dec Average, Zimbabwe, ZWE
154.41, 1994, Jan Average, Zimbabwe, ZWE
80.4995, 1994, Feb Average, Zimbabwe, ZWE
15.907, 1994, Mar Average, Zimbabwe, ZWE
9.93236, 1994, Apr Average, Zimbabwe, ZWE
2.07968, 1994, May Average, Zimbabwe, ZWE
0.70643, 1994, Jun Average, Zimbabwe, ZWE
0.51555, 1994, Jul Average, Zimbabwe, ZWE
0.95861, 1994, Aug Average, Zimbabwe, ZWE
2.77711, 1994, Sep Average, Zimbabwe, ZWE
44.4704, 1994, Oct Average, Zimbabwe, ZWE
23.1282, 1994, Nov Average, Zimbabwe, ZWE
127.897, 1994, Dec Average, Zimbabwe, ZWE
91.5548, 1995, Jan Average, Zimbabwe, ZWE
79.0523, 1995, Feb Average, Zimbabwe, ZWE
47.4886, 1995, Mar Average, Zimbabwe, ZWE
13.9968, 1995, Apr Average, Zimbabwe, ZWE
9.74064, 1995, May Average, Zimbabwe, ZWE
0.74446, 1995, Jun Average, Zimbabwe, ZWE
2.3652, 1995, Jul Average, Zimbabwe, ZWE
2.43622, 1995, Aug Average, Zimbabwe, ZWE
1.28895, 1995, Sep Average, Zimbabwe, ZWE
19.3232, 1995, Oct Average, Zimbabwe, ZWE
59.9472, 1995, Nov Average, Zimbabwe, ZWE
129.558, 1995, Dec Average, Zimbabwe, ZWE
273.544, 1996, Jan Average, Zimbabwe, ZWE
140.518, 1996, Feb Average, Zimbabwe, ZWE
45.9622, 1996, Mar Average, Zimbabwe, ZWE
12.8415, 1996, Apr Average, Zimbabwe, ZWE
8.21667, 1996, May Average, Zimbabwe, ZWE
2.15988, 1996, Jun Average, Zimbabwe, ZWE
2.89257, 1996, Jul Average, Zimbabwe, ZWE
1.68908, 1996, Aug Average, Zimbabwe, ZWE
1.51708, 1996, Sep Average, Zimbabwe, ZWE
5.59566, 1996, Oct Average, Zimbabwe, ZWE
97.4441, 1996, Nov Average, Zimbabwe, ZWE
109.218, 1996, Dec Average, Zimbabwe, ZWE
278.354, 1997, Jan Average, Zimbabwe, ZWE
134.419, 1997, Feb Average, Zimbabwe, ZWE
130.281, 1997, Mar Average, Zimbabwe, ZWE
63.3076, 1997, Apr Average, Zimbabwe, ZWE
1.88589, 1997, May Average, Zimbabwe, ZWE
0.67532, 1997, Jun Average, Zimbabwe, ZWE
3.85922, 1997, Jul Average, Zimbabwe, ZWE
0.68204, 1997, Aug Average, Zimbabwe, ZWE
15.4616, 1997, Sep Average, Zimbabwe, ZWE
21.5494, 1997, Oct Average, Zimbabwe, ZWE
75.6428, 1997, Nov Average, Zimbabwe, ZWE
71.0035, 1997, Dec Average, Zimbabwe, ZWE
233.792, 1998, Jan Average, Zimbabwe, ZWE
60.9028, 1998, Feb Average, Zimbabwe, ZWE
71.7942, 1998, Mar Average, Zimbabwe, ZWE
7.187, 1998, Apr Average, Zimbabwe, ZWE
0.3051, 1998, May Average, Zimbabwe, ZWE
0.80166, 1998, Jun Average, Zimbabwe, ZWE
2.03908, 1998, Jul Average, Zimbabwe, ZWE
0.96734, 1998, Aug Average, Zimbabwe, ZWE
1.99351, 1998, Sep Average, Zimbabwe, ZWE
9.00854, 1998, Oct Average, Zimbabwe, ZWE
102.852, 1998, Nov Average, Zimbabwe, ZWE
177.657, 1998, Dec Average, Zimbabwe, ZWE
191.123, 1999, Jan Average, Zimbabwe, ZWE
171.235, 1999, Feb Average, Zimbabwe, ZWE
84.0037, 1999, Mar Average, Zimbabwe, ZWE
10.6808, 1999, Apr Average, Zimbabwe, ZWE
2.34029, 1999, May Average, Zimbabwe, ZWE
2.13289, 1999, Jun Average, Zimbabwe, ZWE
4.55659, 1999, Jul Average, Zimbabwe, ZWE
4.92433, 1999, Aug Average, Zimbabwe, ZWE
4.03065, 1999, Sep Average, Zimbabwe, ZWE
19.754, 1999, Oct Average, Zimbabwe, ZWE
105.65, 1999, Nov Average, Zimbabwe, ZWE
80.1974, 1999, Dec Average, Zimbabwe, ZWE
200.479, 2000, Jan Average, Zimbabwe, ZWE
214.234, 2000, Feb Average, Zimbabwe, ZWE
134.169, 2000, Mar Average, Zimbabwe, ZWE
43.7744, 2000, Apr Average, Zimbabwe, ZWE
14.5497, 2000, May Average, Zimbabwe, ZWE
16.2762, 2000, Jun Average, Zimbabwe, ZWE
4.75173, 2000, Jul Average, Zimbabwe, ZWE
0.87916, 2000, Aug Average, Zimbabwe, ZWE
2.29148, 2000, Sep Average, Zimbabwe, ZWE
17.5248, 2000, Oct Average, Zimbabwe, ZWE
111.963, 2000, Nov Average, Zimbabwe, ZWE
122.343, 2000, Dec Average, Zimbabwe, ZWE
84.043, 2001, Jan Average, Zimbabwe, ZWE
281.846, 2001, Feb Average, Zimbabwe, ZWE
156.121, 2001, Mar Average, Zimbabwe, ZWE
19.7192, 2001, Apr Average, Zimbabwe, ZWE
5.00109, 2001, May Average, Zimbabwe, ZWE
3.84406, 2001, Jun Average, Zimbabwe, ZWE
8.53462, 2001, Jul Average, Zimbabwe, ZWE
1.12726, 2001, Aug Average, Zimbabwe, ZWE
10.3343, 2001, Sep Average, Zimbabwe, ZWE
13.9955, 2001, Oct Average, Zimbabwe, ZWE
113.892, 2001, Nov Average, Zimbabwe, ZWE
180.743, 2001, Dec Average, Zimbabwe, ZWE
67.4828, 2002, Jan Average, Zimbabwe, ZWE
34.9599, 2002, Feb Average, Zimbabwe, ZWE
35.6997, 2002, Mar Average, Zimbabwe, ZWE
70.9084, 2002, Apr Average, Zimbabwe, ZWE
0.7668, 2002, May Average, Zimbabwe, ZWE
13.2924, 2002, Jun Average, Zimbabwe, ZWE
2.67323, 2002, Jul Average, Zimbabwe, ZWE
0.55103, 2002, Aug Average, Zimbabwe, ZWE
9.43695, 2002, Sep Average, Zimbabwe, ZWE
40.5491, 2002, Oct Average, Zimbabwe, ZWE
50.01, 2002, Nov Average, Zimbabwe, ZWE
104.409, 2002, Dec Average, Zimbabwe, ZWE
95.8298, 2003, Jan Average, Zimbabwe, ZWE
117.392, 2003, Feb Average, Zimbabwe, ZWE
156.489, 2003, Mar Average, Zimbabwe, ZWE
8.23354, 2003, Apr Average, Zimbabwe, ZWE
7.10403, 2003, May Average, Zimbabwe, ZWE
20.5744, 2003, Jun Average, Zimbabwe, ZWE
1.26384, 2003, Jul Average, Zimbabwe, ZWE
0.17042, 2003, Aug Average, Zimbabwe, ZWE
5.00154, 2003, Sep Average, Zimbabwe, ZWE
47.5669, 2003, Oct Average, Zimbabwe, ZWE
57.0692, 2003, Nov Average, Zimbabwe, ZWE
84.3225, 2003, Dec Average, Zimbabwe, ZWE
179.625, 2004, Jan Average, Zimbabwe, ZWE
128.43, 2004, Feb Average, Zimbabwe, ZWE
165.624, 2004, Mar Average, Zimbabwe, ZWE
31.5738, 2004, Apr Average, Zimbabwe, ZWE
0.94591, 2004, May Average, Zimbabwe, ZWE
1.28144, 2004, Jun Average, Zimbabwe, ZWE
3.57497, 2004, Jul Average, Zimbabwe, ZWE
0.2353, 2004, Aug Average, Zimbabwe, ZWE
3.85582, 2004, Sep Average, Zimbabwe, ZWE
38.5594, 2004, Oct Average, Zimbabwe, ZWE
43.5323, 2004, Nov Average, Zimbabwe, ZWE
151.372, 2004, Dec Average, Zimbabwe, ZWE
127.955, 2005, Jan Average, Zimbabwe, ZWE
77.6114, 2005, Feb Average, Zimbabwe, ZWE
55.0722, 2005, Mar Average, Zimbabwe, ZWE
8.81055, 2005, Apr Average, Zimbabwe, ZWE
1.74825, 2005, May Average, Zimbabwe, ZWE
2.35897, 2005, Jun Average, Zimbabwe, ZWE
3.655, 2005, Jul Average, Zimbabwe, ZWE
0.04415, 2005, Aug Average, Zimbabwe, ZWE
1.8015, 2005, Sep Average, Zimbabwe, ZWE
1.72464, 2005, Oct Average, Zimbabwe, ZWE
76.4163, 2005, Nov Average, Zimbabwe, ZWE
219.679, 2005, Dec Average, Zimbabwe, ZWE
156.77, 2006, Jan Average, Zimbabwe, ZWE
152.223, 2006, Feb Average, Zimbabwe, ZWE
123.629, 2006, Mar Average, Zimbabwe, ZWE
29.0676, 2006, Apr Average, Zimbabwe, ZWE
4.24423, 2006, May Average, Zimbabwe, ZWE
5.26246, 2006, Jun Average, Zimbabwe, ZWE
0.58417, 2006, Jul Average, Zimbabwe, ZWE
1.01406, 2006, Aug Average, Zimbabwe, ZWE
3.797, 2006, Sep Average, Zimbabwe, ZWE
22.6059, 2006, Oct Average, Zimbabwe, ZWE
98.3649, 2006, Nov Average, Zimbabwe, ZWE
124.362, 2006, Dec Average, Zimbabwe, ZWE
138.5, 2007, Jan Average, Zimbabwe, ZWE
91.6726, 2007, Feb Average, Zimbabwe, ZWE
64.6938, 2007, Mar Average, Zimbabwe, ZWE
36.9614, 2007, Apr Average, Zimbabwe, ZWE
1.53484, 2007, May Average, Zimbabwe, ZWE
3.95344, 2007, Jun Average, Zimbabwe, ZWE
0.17639, 2007, Jul Average, Zimbabwe, ZWE
1.41448, 2007, Aug Average, Zimbabwe, ZWE
12.9681, 2007, Sep Average, Zimbabwe, ZWE
17.2252, 2007, Oct Average, Zimbabwe, ZWE
119.818, 2007, Nov Average, Zimbabwe, ZWE
188.205, 2007, Dec Average, Zimbabwe, ZWE
227.706, 2008, Jan Average, Zimbabwe, ZWE
36.4932, 2008, Feb Average, Zimbabwe, ZWE
60.1659, 2008, Mar Average, Zimbabwe, ZWE
13.6994, 2008, Apr Average, Zimbabwe, ZWE
3.22194, 2008, May Average, Zimbabwe, ZWE
0.17856, 2008, Jun Average, Zimbabwe, ZWE
0.72136, 2008, Jul Average, Zimbabwe, ZWE
2.22224, 2008, Aug Average, Zimbabwe, ZWE
1.81227, 2008, Sep Average, Zimbabwe, ZWE
3.48781, 2008, Oct Average, Zimbabwe, ZWE
91.0191, 2008, Nov Average, Zimbabwe, ZWE
122.844, 2008, Dec Average, Zimbabwe, ZWE
152.77, 2009, Jan Average, Zimbabwe, ZWE
109.156, 2009, Feb Average, Zimbabwe, ZWE
96.6278, 2009, Mar Average, Zimbabwe, ZWE
7.15658, 2009, Apr Average, Zimbabwe, ZWE
22.6574, 2009, May Average, Zimbabwe, ZWE
2.85028, 2009, Jun Average, Zimbabwe, ZWE
3.62419, 2009, Jul Average, Zimbabwe, ZWE
0.93145, 2009, Aug Average, Zimbabwe, ZWE
3.56138, 2009, Sep Average, Zimbabwe, ZWE
15.2375, 2009, Oct Average, Zimbabwe, ZWE
108.829, 2009, Nov Average, Zimbabwe, ZWE
126.788, 2009, Dec Average, Zimbabwe, ZWE
129.316, 2010, Jan Average, Zimbabwe, ZWE
135.285, 2010, Feb Average, Zimbabwe, ZWE
85.9102, 2010, Mar Average, Zimbabwe, ZWE
56.2456, 2010, Apr Average, Zimbabwe, ZWE
12.737, 2010, May Average, Zimbabwe, ZWE
0.79308, 2010, Jun Average, Zimbabwe, ZWE
2.42704, 2010, Jul Average, Zimbabwe, ZWE
0.65759, 2010, Aug Average, Zimbabwe, ZWE
1.00846, 2010, Sep Average, Zimbabwe, ZWE
10.8093, 2010, Oct Average, Zimbabwe, ZWE
96.7114, 2010, Nov Average, Zimbabwe, ZWE
156.338, 2010, Dec Average, Zimbabwe, ZWE
229.124, 2011, Jan Average, Zimbabwe, ZWE
86.984, 2011, Feb Average, Zimbabwe, ZWE
42.7159, 2011, Mar Average, Zimbabwe, ZWE
48.2284, 2011, Apr Average, Zimbabwe, ZWE
5.4199, 2011, May Average, Zimbabwe, ZWE
3.22586, 2011, Jun Average, Zimbabwe, ZWE
0.20251, 2011, Jul Average, Zimbabwe, ZWE
1.65674, 2011, Aug Average, Zimbabwe, ZWE
0.76184, 2011, Sep Average, Zimbabwe, ZWE
40.8374, 2011, Oct Average, Zimbabwe, ZWE
91.7497, 2011, Nov Average, Zimbabwe, ZWE
206.607, 2011, Dec Average, Zimbabwe, ZWE
96.3608, 2012, Jan Average, Zimbabwe, ZWE
132.485, 2012, Feb Average, Zimbabwe, ZWE
98.1113, 2012, Mar Average, Zimbabwe, ZWE
35.5656, 2012, Apr Average, Zimbabwe, ZWE
1.34791, 2012, May Average, Zimbabwe, ZWE
1.81042, 2012, Jun Average, Zimbabwe, ZWE
0.072, 2012, Jul Average, Zimbabwe, ZWE
0.42567, 2012, Aug Average, Zimbabwe, ZWE
8.04011, 2012, Sep Average, Zimbabwe, ZWE
25.7787, 2012, Oct Average, Zimbabwe, ZWE
34.0179, 2012, Nov Average, Zimbabwe, ZWE
109.733, 2012, Dec Average, Zimbabwe, ZWE
284.568, 2013, Jan Average, Zimbabwe, ZWE
72.6181, 2013, Feb Average, Zimbabwe, ZWE
36.1985, 2013, Mar Average, Zimbabwe, ZWE
13.3439, 2013, Apr Average, Zimbabwe, ZWE
0.44425, 2013, May Average, Zimbabwe, ZWE
2.58157, 2013, Jun Average, Zimbabwe, ZWE
1.38145, 2013, Jul Average, Zimbabwe, ZWE
1.05577, 2013, Aug Average, Zimbabwe, ZWE
1.77325, 2013, Sep Average, Zimbabwe, ZWE
21.7198, 2013, Oct Average, Zimbabwe, ZWE
48.7955, 2013, Nov Average, Zimbabwe, ZWE
130.333, 2013, Dec Average, Zimbabwe, ZWE
221.337, 2014, Jan Average, Zimbabwe, ZWE
63.4251, 2014, Feb Average, Zimbabwe, ZWE
61.8282, 2014, Mar Average, Zimbabwe, ZWE
20.5415, 2014, Apr Average, Zimbabwe, ZWE
2.28999, 2014, May Average, Zimbabwe, ZWE
0.49545, 2014, Jun Average, Zimbabwe, ZWE
0.85853, 2014, Jul Average, Zimbabwe, ZWE
0.54956, 2014, Aug Average, Zimbabwe, ZWE
1.50046, 2014, Sep Average, Zimbabwe, ZWE
6.40999, 2014, Oct Average, Zimbabwe, ZWE
6.82784, 2014, Nov Average, Zimbabwe, ZWE
221.234, 2014, Dec Average, Zimbabwe, ZWE
57.4316, 2015, Jan Average, Zimbabwe, ZWE
69.862, 2015, Feb Average, Zimbabwe, ZWE
86.805, 2015, Mar Average, Zimbabwe, ZWE
45.8396, 2015, Apr Average, Zimbabwe, ZWE
0.83477, 2015, May Average, Zimbabwe, ZWE
0.46535, 2015, Jun Average, Zimbabwe, ZWE
0.62197, 2015, Jul Average, Zimbabwe, ZWE
0.01121, 2015, Aug Average, Zimbabwe, ZWE
8.89114, 2015, Sep Average, Zimbabwe, ZWE
3.11293, 2015, Oct Average, Zimbabwe, ZWE
44.9079, 2015, Nov Average, Zimbabwe, ZWE
71.8511, 2015, Dec Average, Zimbabwe, ZWE
44.6437, 2016, Jan Average, Zimbabwe, ZWE
43.3963, 2016, Feb Average, Zimbabwe, ZWE
113.271, 2016, Mar Average, Zimbabwe, ZWE
12.1893, 2016, Apr Average, Zimbabwe, ZWE
2.53085, 2016, May Average, Zimbabwe, ZWE
2.99866, 2016, Jun Average, Zimbabwe, ZWE
3.23028, 2016, Jul Average, Zimbabwe, ZWE
2.03926, 2016, Aug Average, Zimbabwe, ZWE
0.4807, 2016, Sep Average, Zimbabwe, ZWE
9.1341, 2016, Oct Average, Zimbabwe, ZWE
72.9508, 2016, Nov Average, Zimbabwe, ZWE
148.268, 2016, Dec Average, Zimbabwe, ZWE
