36.204, 1901, Jan Average, Austria, AUT
48.3746, 1901, Feb Average, Austria, AUT
108.102, 1901, Mar Average, Austria, AUT
111.845, 1901, Apr Average, Austria, AUT
78.2751, 1901, May Average, Austria, AUT
144.698, 1901, Jun Average, Austria, AUT
131.25, 1901, Jul Average, Austria, AUT
118.527, 1901, Aug Average, Austria, AUT
131.572, 1901, Sep Average, Austria, AUT
69.4149, 1901, Oct Average, Austria, AUT
70.3658, 1901, Nov Average, Austria, AUT
94.928, 1901, Dec Average, Austria, AUT
65.6375, 1902, Jan Average, Austria, AUT
83.6761, 1902, Feb Average, Austria, AUT
94.8708, 1902, Mar Average, Austria, AUT
51.6798, 1902, Apr Average, Austria, AUT
141.514, 1902, May Average, Austria, AUT
134.824, 1902, Jun Average, Austria, AUT
145.544, 1902, Jul Average, Austria, AUT
109.224, 1902, Aug Average, Austria, AUT
77.7862, 1902, Sep Average, Austria, AUT
107.822, 1902, Oct Average, Austria, AUT
14.1983, 1902, Nov Average, Austria, AUT
101.296, 1902, Dec Average, Austria, AUT
74.8783, 1903, Jan Average, Austria, AUT
37.6317, 1903, Feb Average, Austria, AUT
47.7741, 1903, Mar Average, Austria, AUT
121.189, 1903, Apr Average, Austria, AUT
65.9895, 1903, May Average, Austria, AUT
107.73, 1903, Jun Average, Austria, AUT
205.546, 1903, Jul Average, Austria, AUT
137.284, 1903, Aug Average, Austria, AUT
110.136, 1903, Sep Average, Austria, AUT
140.369, 1903, Oct Average, Austria, AUT
135.27, 1903, Nov Average, Austria, AUT
85.9161, 1903, Dec Average, Austria, AUT
25.1648, 1904, Jan Average, Austria, AUT
110.569, 1904, Feb Average, Austria, AUT
81.9327, 1904, Mar Average, Austria, AUT
99.3139, 1904, Apr Average, Austria, AUT
110.697, 1904, May Average, Austria, AUT
126.733, 1904, Jun Average, Austria, AUT
72.1394, 1904, Jul Average, Austria, AUT
122.821, 1904, Aug Average, Austria, AUT
153.584, 1904, Sep Average, Austria, AUT
123.792, 1904, Oct Average, Austria, AUT
99.5032, 1904, Nov Average, Austria, AUT
87.2584, 1904, Dec Average, Austria, AUT
67.6666, 1905, Jan Average, Austria, AUT
85.4283, 1905, Feb Average, Austria, AUT
89.3904, 1905, Mar Average, Austria, AUT
88.1995, 1905, Apr Average, Austria, AUT
103.077, 1905, May Average, Austria, AUT
89.3492, 1905, Jun Average, Austria, AUT
101.825, 1905, Jul Average, Austria, AUT
188.648, 1905, Aug Average, Austria, AUT
79.1652, 1905, Sep Average, Austria, AUT
117.798, 1905, Oct Average, Austria, AUT
167.636, 1905, Nov Average, Austria, AUT
27.3427, 1905, Dec Average, Austria, AUT
55.5319, 1906, Jan Average, Austria, AUT
74.0868, 1906, Feb Average, Austria, AUT
99.6324, 1906, Mar Average, Austria, AUT
85.257, 1906, Apr Average, Austria, AUT
104.368, 1906, May Average, Austria, AUT
149.247, 1906, Jun Average, Austria, AUT
178.053, 1906, Jul Average, Austria, AUT
104.524, 1906, Aug Average, Austria, AUT
148.391, 1906, Sep Average, Austria, AUT
53.6266, 1906, Oct Average, Austria, AUT
118.436, 1906, Nov Average, Austria, AUT
104.573, 1906, Dec Average, Austria, AUT
90.8106, 1907, Jan Average, Austria, AUT
36.2331, 1907, Feb Average, Austria, AUT
75.429, 1907, Mar Average, Austria, AUT
152.983, 1907, Apr Average, Austria, AUT
92.9452, 1907, May Average, Austria, AUT
105.768, 1907, Jun Average, Austria, AUT
162.387, 1907, Jul Average, Austria, AUT
116.284, 1907, Aug Average, Austria, AUT
70.6315, 1907, Sep Average, Austria, AUT
116.657, 1907, Oct Average, Austria, AUT
36.2416, 1907, Nov Average, Austria, AUT
100.359, 1907, Dec Average, Austria, AUT
30.9723, 1908, Jan Average, Austria, AUT
73.7058, 1908, Feb Average, Austria, AUT
51.19, 1908, Mar Average, Austria, AUT
135.698, 1908, Apr Average, Austria, AUT
85.3843, 1908, May Average, Austria, AUT
102.198, 1908, Jun Average, Austria, AUT
116.418, 1908, Jul Average, Austria, AUT
145.622, 1908, Aug Average, Austria, AUT
81.4552, 1908, Sep Average, Austria, AUT
21.171, 1908, Oct Average, Austria, AUT
42.5828, 1908, Nov Average, Austria, AUT
48.3738, 1908, Dec Average, Austria, AUT
42.9144, 1909, Jan Average, Austria, AUT
97.504, 1909, Feb Average, Austria, AUT
91.9407, 1909, Mar Average, Austria, AUT
60.0375, 1909, Apr Average, Austria, AUT
91.7203, 1909, May Average, Austria, AUT
129.7, 1909, Jun Average, Austria, AUT
149.699, 1909, Jul Average, Austria, AUT
169.315, 1909, Aug Average, Austria, AUT
109.594, 1909, Sep Average, Austria, AUT
82.225, 1909, Oct Average, Austria, AUT
62.2518, 1909, Nov Average, Austria, AUT
124.217, 1909, Dec Average, Austria, AUT
136.202, 1910, Jan Average, Austria, AUT
92.7118, 1910, Feb Average, Austria, AUT
42.2551, 1910, Mar Average, Austria, AUT
112.15, 1910, Apr Average, Austria, AUT
147.521, 1910, May Average, Austria, AUT
194.238, 1910, Jun Average, Austria, AUT
169.762, 1910, Jul Average, Austria, AUT
157.545, 1910, Aug Average, Austria, AUT
116.585, 1910, Sep Average, Austria, AUT
56.0941, 1910, Oct Average, Austria, AUT
158.08, 1910, Nov Average, Austria, AUT
72.581, 1910, Dec Average, Austria, AUT
31.3365, 1911, Jan Average, Austria, AUT
51.653, 1911, Feb Average, Austria, AUT
75.7854, 1911, Mar Average, Austria, AUT
73.3887, 1911, Apr Average, Austria, AUT
132.929, 1911, May Average, Austria, AUT
133.221, 1911, Jun Average, Austria, AUT
56.8008, 1911, Jul Average, Austria, AUT
86.6225, 1911, Aug Average, Austria, AUT
99.1681, 1911, Sep Average, Austria, AUT
111.048, 1911, Oct Average, Austria, AUT
71.135, 1911, Nov Average, Austria, AUT
117.793, 1911, Dec Average, Austria, AUT
67.1339, 1912, Jan Average, Austria, AUT
65.6803, 1912, Feb Average, Austria, AUT
100.05, 1912, Mar Average, Austria, AUT
83.0192, 1912, Apr Average, Austria, AUT
153.649, 1912, May Average, Austria, AUT
124.267, 1912, Jun Average, Austria, AUT
152.053, 1912, Jul Average, Austria, AUT
151.873, 1912, Aug Average, Austria, AUT
158.881, 1912, Sep Average, Austria, AUT
113.663, 1912, Oct Average, Austria, AUT
79.6307, 1912, Nov Average, Austria, AUT
37.7714, 1912, Dec Average, Austria, AUT
57.8547, 1913, Jan Average, Austria, AUT
19.8326, 1913, Feb Average, Austria, AUT
56.6612, 1913, Mar Average, Austria, AUT
74.276, 1913, Apr Average, Austria, AUT
93.9357, 1913, May Average, Austria, AUT
139.663, 1913, Jun Average, Austria, AUT
194.726, 1913, Jul Average, Austria, AUT
135.001, 1913, Aug Average, Austria, AUT
137.639, 1913, Sep Average, Austria, AUT
56.969, 1913, Oct Average, Austria, AUT
168.936, 1913, Nov Average, Austria, AUT
110.303, 1913, Dec Average, Austria, AUT
59.5791, 1914, Jan Average, Austria, AUT
35.5435, 1914, Feb Average, Austria, AUT
124.94, 1914, Mar Average, Austria, AUT
73.4914, 1914, Apr Average, Austria, AUT
160.446, 1914, May Average, Austria, AUT
113.523, 1914, Jun Average, Austria, AUT
241.241, 1914, Jul Average, Austria, AUT
87.1131, 1914, Aug Average, Austria, AUT
128.199, 1914, Sep Average, Austria, AUT
71.7618, 1914, Oct Average, Austria, AUT
50.3411, 1914, Nov Average, Austria, AUT
79.5625, 1914, Dec Average, Austria, AUT
133.51, 1915, Jan Average, Austria, AUT
80.2862, 1915, Feb Average, Austria, AUT
93.7232, 1915, Mar Average, Austria, AUT
68.6431, 1915, Apr Average, Austria, AUT
68.6607, 1915, May Average, Austria, AUT
121.255, 1915, Jun Average, Austria, AUT
183.524, 1915, Jul Average, Austria, AUT
147.003, 1915, Aug Average, Austria, AUT
98.454, 1915, Sep Average, Austria, AUT
124.792, 1915, Oct Average, Austria, AUT
88.0359, 1915, Nov Average, Austria, AUT
82.7022, 1915, Dec Average, Austria, AUT
81.8121, 1916, Jan Average, Austria, AUT
97.8042, 1916, Feb Average, Austria, AUT
106.305, 1916, Mar Average, Austria, AUT
129.982, 1916, Apr Average, Austria, AUT
83.301, 1916, May Average, Austria, AUT
153.383, 1916, Jun Average, Austria, AUT
153.796, 1916, Jul Average, Austria, AUT
119.575, 1916, Aug Average, Austria, AUT
181.891, 1916, Sep Average, Austria, AUT
68.9977, 1916, Oct Average, Austria, AUT
123.605, 1916, Nov Average, Austria, AUT
130.453, 1916, Dec Average, Austria, AUT
127.646, 1917, Jan Average, Austria, AUT
21.3227, 1917, Feb Average, Austria, AUT
82.3877, 1917, Mar Average, Austria, AUT
132.095, 1917, Apr Average, Austria, AUT
40.8233, 1917, May Average, Austria, AUT
59.0758, 1917, Jun Average, Austria, AUT
125.159, 1917, Jul Average, Austria, AUT
123.662, 1917, Aug Average, Austria, AUT
54.8483, 1917, Sep Average, Austria, AUT
179.322, 1917, Oct Average, Austria, AUT
77.901, 1917, Nov Average, Austria, AUT
63.8639, 1917, Dec Average, Austria, AUT
34.9171, 1918, Jan Average, Austria, AUT
42.6934, 1918, Feb Average, Austria, AUT
46.3438, 1918, Mar Average, Austria, AUT
91.832, 1918, Apr Average, Austria, AUT
76.6137, 1918, May Average, Austria, AUT
171.426, 1918, Jun Average, Austria, AUT
166.214, 1918, Jul Average, Austria, AUT
169.165, 1918, Aug Average, Austria, AUT
123.749, 1918, Sep Average, Austria, AUT
115.575, 1918, Oct Average, Austria, AUT
35.1775, 1918, Nov Average, Austria, AUT
157.126, 1918, Dec Average, Austria, AUT
97.1874, 1919, Jan Average, Austria, AUT
39.6215, 1919, Feb Average, Austria, AUT
71.7756, 1919, Mar Average, Austria, AUT
134.898, 1919, Apr Average, Austria, AUT
78.9176, 1919, May Average, Austria, AUT
152.007, 1919, Jun Average, Austria, AUT
165.936, 1919, Jul Average, Austria, AUT
88.6622, 1919, Aug Average, Austria, AUT
81.3358, 1919, Sep Average, Austria, AUT
117.192, 1919, Oct Average, Austria, AUT
144.534, 1919, Nov Average, Austria, AUT
100.455, 1919, Dec Average, Austria, AUT
112.193, 1920, Jan Average, Austria, AUT
25.7282, 1920, Feb Average, Austria, AUT
50.5403, 1920, Mar Average, Austria, AUT
94.5441, 1920, Apr Average, Austria, AUT
130.402, 1920, May Average, Austria, AUT
132.203, 1920, Jun Average, Austria, AUT
177.138, 1920, Jul Average, Austria, AUT
156.891, 1920, Aug Average, Austria, AUT
132.733, 1920, Sep Average, Austria, AUT
16.775, 1920, Oct Average, Austria, AUT
14.1814, 1920, Nov Average, Austria, AUT
99.9964, 1920, Dec Average, Austria, AUT
89.8439, 1921, Jan Average, Austria, AUT
49.6339, 1921, Feb Average, Austria, AUT
16.3209, 1921, Mar Average, Austria, AUT
138.369, 1921, Apr Average, Austria, AUT
76.009, 1921, May Average, Austria, AUT
130.006, 1921, Jun Average, Austria, AUT
85.6093, 1921, Jul Average, Austria, AUT
109.87, 1921, Aug Average, Austria, AUT
55.8558, 1921, Sep Average, Austria, AUT
65.2535, 1921, Oct Average, Austria, AUT
52.987, 1921, Nov Average, Austria, AUT
42.6519, 1921, Dec Average, Austria, AUT
100.554, 1922, Jan Average, Austria, AUT
53.7075, 1922, Feb Average, Austria, AUT
87.8749, 1922, Mar Average, Austria, AUT
122.782, 1922, Apr Average, Austria, AUT
76.6224, 1922, May Average, Austria, AUT
119.052, 1922, Jun Average, Austria, AUT
120.023, 1922, Jul Average, Austria, AUT
119.703, 1922, Aug Average, Austria, AUT
200.272, 1922, Sep Average, Austria, AUT
138.189, 1922, Oct Average, Austria, AUT
85.051, 1922, Nov Average, Austria, AUT
74.5802, 1922, Dec Average, Austria, AUT
90.3132, 1923, Jan Average, Austria, AUT
78.029, 1923, Feb Average, Austria, AUT
59.6523, 1923, Mar Average, Austria, AUT
126.701, 1923, Apr Average, Austria, AUT
61.8702, 1923, May Average, Austria, AUT
157.456, 1923, Jun Average, Austria, AUT
86.2915, 1923, Jul Average, Austria, AUT
109.474, 1923, Aug Average, Austria, AUT
98.997, 1923, Sep Average, Austria, AUT
112.709, 1923, Oct Average, Austria, AUT
118.281, 1923, Nov Average, Austria, AUT
144.793, 1923, Dec Average, Austria, AUT
46.2665, 1924, Jan Average, Austria, AUT
59.6465, 1924, Feb Average, Austria, AUT
36.2113, 1924, Mar Average, Austria, AUT
106.48, 1924, Apr Average, Austria, AUT
126.458, 1924, May Average, Austria, AUT
178.821, 1924, Jun Average, Austria, AUT
135.813, 1924, Jul Average, Austria, AUT
144.486, 1924, Aug Average, Austria, AUT
112.567, 1924, Sep Average, Austria, AUT
46.8516, 1924, Oct Average, Austria, AUT
22.5967, 1924, Nov Average, Austria, AUT
42.9158, 1924, Dec Average, Austria, AUT
22.5628, 1925, Jan Average, Austria, AUT
91.0619, 1925, Feb Average, Austria, AUT
65.3717, 1925, Mar Average, Austria, AUT
126.582, 1925, Apr Average, Austria, AUT
99.169, 1925, May Average, Austria, AUT
125.585, 1925, Jun Average, Austria, AUT
139.327, 1925, Jul Average, Austria, AUT
188.57, 1925, Aug Average, Austria, AUT
105.691, 1925, Sep Average, Austria, AUT
70.6367, 1925, Oct Average, Austria, AUT
127.167, 1925, Nov Average, Austria, AUT
76.878, 1925, Dec Average, Austria, AUT
53.3309, 1926, Jan Average, Austria, AUT
81.5538, 1926, Feb Average, Austria, AUT
94.1282, 1926, Mar Average, Austria, AUT
80.4841, 1926, Apr Average, Austria, AUT
146.506, 1926, May Average, Austria, AUT
207.717, 1926, Jun Average, Austria, AUT
205.876, 1926, Jul Average, Austria, AUT
106.664, 1926, Aug Average, Austria, AUT
86.9555, 1926, Sep Average, Austria, AUT
122.414, 1926, Oct Average, Austria, AUT
90.7094, 1926, Nov Average, Austria, AUT
71.1323, 1926, Dec Average, Austria, AUT
106.889, 1927, Jan Average, Austria, AUT
29.8003, 1927, Feb Average, Austria, AUT
93.8153, 1927, Mar Average, Austria, AUT
124.763, 1927, Apr Average, Austria, AUT
89.3385, 1927, May Average, Austria, AUT
143.69, 1927, Jun Average, Austria, AUT
124.246, 1927, Jul Average, Austria, AUT
140.511, 1927, Aug Average, Austria, AUT
154.617, 1927, Sep Average, Austria, AUT
40.9306, 1927, Oct Average, Austria, AUT
109.885, 1927, Nov Average, Austria, AUT
34.0467, 1927, Dec Average, Austria, AUT
45.3497, 1928, Jan Average, Austria, AUT
81.6125, 1928, Feb Average, Austria, AUT
68.2689, 1928, Mar Average, Austria, AUT
98.9506, 1928, Apr Average, Austria, AUT
144.803, 1928, May Average, Austria, AUT
131.54, 1928, Jun Average, Austria, AUT
75.1498, 1928, Jul Average, Austria, AUT
152.213, 1928, Aug Average, Austria, AUT
124.47, 1928, Sep Average, Austria, AUT
78.0383, 1928, Oct Average, Austria, AUT
107.07, 1928, Nov Average, Austria, AUT
72.9953, 1928, Dec Average, Austria, AUT
67.9431, 1929, Jan Average, Austria, AUT
36.201, 1929, Feb Average, Austria, AUT
15.1957, 1929, Mar Average, Austria, AUT
72.22, 1929, Apr Average, Austria, AUT
104.373, 1929, May Average, Austria, AUT
130.436, 1929, Jun Average, Austria, AUT
109.467, 1929, Jul Average, Austria, AUT
126.03, 1929, Aug Average, Austria, AUT
46.6153, 1929, Sep Average, Austria, AUT
113.74, 1929, Oct Average, Austria, AUT
86.7641, 1929, Nov Average, Austria, AUT
97.5096, 1929, Dec Average, Austria, AUT
27.6675, 1930, Jan Average, Austria, AUT
37.189, 1930, Feb Average, Austria, AUT
71.6591, 1930, Mar Average, Austria, AUT
118.658, 1930, Apr Average, Austria, AUT
115.281, 1930, May Average, Austria, AUT
68.9622, 1930, Jun Average, Austria, AUT
148.661, 1930, Jul Average, Austria, AUT
167.106, 1930, Aug Average, Austria, AUT
129.955, 1930, Sep Average, Austria, AUT
152.366, 1930, Oct Average, Austria, AUT
75.6023, 1930, Nov Average, Austria, AUT
71.854, 1930, Dec Average, Austria, AUT
69.6317, 1931, Jan Average, Austria, AUT
97.2967, 1931, Feb Average, Austria, AUT
60.0366, 1931, Mar Average, Austria, AUT
84.0215, 1931, Apr Average, Austria, AUT
53.7453, 1931, May Average, Austria, AUT
131.022, 1931, Jun Average, Austria, AUT
170.546, 1931, Jul Average, Austria, AUT
155.102, 1931, Aug Average, Austria, AUT
127.926, 1931, Sep Average, Austria, AUT
84.1393, 1931, Oct Average, Austria, AUT
76.9094, 1931, Nov Average, Austria, AUT
58.3379, 1931, Dec Average, Austria, AUT
61.2616, 1932, Jan Average, Austria, AUT
21.2188, 1932, Feb Average, Austria, AUT
59.0719, 1932, Mar Average, Austria, AUT
72.3125, 1932, Apr Average, Austria, AUT
138.958, 1932, May Average, Austria, AUT
84.7591, 1932, Jun Average, Austria, AUT
144.871, 1932, Jul Average, Austria, AUT
80.0719, 1932, Aug Average, Austria, AUT
54.3001, 1932, Sep Average, Austria, AUT
132.24, 1932, Oct Average, Austria, AUT
91.916, 1932, Nov Average, Austria, AUT
23.0106, 1932, Dec Average, Austria, AUT
51.3189, 1933, Jan Average, Austria, AUT
71.2377, 1933, Feb Average, Austria, AUT
46.2811, 1933, Mar Average, Austria, AUT
85.3375, 1933, Apr Average, Austria, AUT
161.078, 1933, May Average, Austria, AUT
159.111, 1933, Jun Average, Austria, AUT
134.638, 1933, Jul Average, Austria, AUT
134.321, 1933, Aug Average, Austria, AUT
104.99, 1933, Sep Average, Austria, AUT
157.843, 1933, Oct Average, Austria, AUT
102.593, 1933, Nov Average, Austria, AUT
77.1202, 1933, Dec Average, Austria, AUT
49.4045, 1934, Jan Average, Austria, AUT
41.0209, 1934, Feb Average, Austria, AUT
68.2712, 1934, Mar Average, Austria, AUT
58.1379, 1934, Apr Average, Austria, AUT
75.6603, 1934, May Average, Austria, AUT
178.127, 1934, Jun Average, Austria, AUT
113.65, 1934, Jul Average, Austria, AUT
189.709, 1934, Aug Average, Austria, AUT
71.3591, 1934, Sep Average, Austria, AUT
82.6782, 1934, Oct Average, Austria, AUT
87.3796, 1934, Nov Average, Austria, AUT
88.1862, 1934, Dec Average, Austria, AUT
61.9882, 1935, Jan Average, Austria, AUT
142.786, 1935, Feb Average, Austria, AUT
48.798, 1935, Mar Average, Austria, AUT
122.739, 1935, Apr Average, Austria, AUT
133.193, 1935, May Average, Austria, AUT
79.5203, 1935, Jun Average, Austria, AUT
99.6279, 1935, Jul Average, Austria, AUT
97.6485, 1935, Aug Average, Austria, AUT
83.085, 1935, Sep Average, Austria, AUT
183.973, 1935, Oct Average, Austria, AUT
83.181, 1935, Nov Average, Austria, AUT
85.7234, 1935, Dec Average, Austria, AUT
98.6749, 1936, Jan Average, Austria, AUT
91.4623, 1936, Feb Average, Austria, AUT
37.4164, 1936, Mar Average, Austria, AUT
99.0919, 1936, Apr Average, Austria, AUT
162.947, 1936, May Average, Austria, AUT
132.159, 1936, Jun Average, Austria, AUT
174.554, 1936, Jul Average, Austria, AUT
89.4754, 1936, Aug Average, Austria, AUT
99.4784, 1936, Sep Average, Austria, AUT
120.352, 1936, Oct Average, Austria, AUT
50.0032, 1936, Nov Average, Austria, AUT
67.7024, 1936, Dec Average, Austria, AUT
57.6583, 1937, Jan Average, Austria, AUT
99.1034, 1937, Feb Average, Austria, AUT
121.207, 1937, Mar Average, Austria, AUT
109.107, 1937, Apr Average, Austria, AUT
58.5655, 1937, May Average, Austria, AUT
157.569, 1937, Jun Average, Austria, AUT
153.332, 1937, Jul Average, Austria, AUT
182.063, 1937, Aug Average, Austria, AUT
208.929, 1937, Sep Average, Austria, AUT
89.292, 1937, Oct Average, Austria, AUT
72.624, 1937, Nov Average, Austria, AUT
106.09, 1937, Dec Average, Austria, AUT
64.2024, 1938, Jan Average, Austria, AUT
32.3482, 1938, Feb Average, Austria, AUT
60.4767, 1938, Mar Average, Austria, AUT
70.9924, 1938, Apr Average, Austria, AUT
122.86, 1938, May Average, Austria, AUT
100.416, 1938, Jun Average, Austria, AUT
141.418, 1938, Jul Average, Austria, AUT
203.783, 1938, Aug Average, Austria, AUT
65.7166, 1938, Sep Average, Austria, AUT
61.5987, 1938, Oct Average, Austria, AUT
63.0816, 1938, Nov Average, Austria, AUT
73.055, 1938, Dec Average, Austria, AUT
71.1949, 1939, Jan Average, Austria, AUT
30.6082, 1939, Feb Average, Austria, AUT
84.9362, 1939, Mar Average, Austria, AUT
39.3444, 1939, Apr Average, Austria, AUT
181.042, 1939, May Average, Austria, AUT
135.548, 1939, Jun Average, Austria, AUT
119.78, 1939, Jul Average, Austria, AUT
115.666, 1939, Aug Average, Austria, AUT
118.258, 1939, Sep Average, Austria, AUT
150.916, 1939, Oct Average, Austria, AUT
100.751, 1939, Nov Average, Austria, AUT
83.6814, 1939, Dec Average, Austria, AUT
52.407, 1940, Jan Average, Austria, AUT
47.5018, 1940, Feb Average, Austria, AUT
87.1881, 1940, Mar Average, Austria, AUT
53.1727, 1940, Apr Average, Austria, AUT
169.669, 1940, May Average, Austria, AUT
116.574, 1940, Jun Average, Austria, AUT
165.486, 1940, Jul Average, Austria, AUT
128.354, 1940, Aug Average, Austria, AUT
130.82, 1940, Sep Average, Austria, AUT
100.936, 1940, Oct Average, Austria, AUT
89.0636, 1940, Nov Average, Austria, AUT
40.0115, 1940, Dec Average, Austria, AUT
72.712, 1941, Jan Average, Austria, AUT
84.6212, 1941, Feb Average, Austria, AUT
88.5103, 1941, Mar Average, Austria, AUT
113.074, 1941, Apr Average, Austria, AUT
112.19, 1941, May Average, Austria, AUT
100.374, 1941, Jun Average, Austria, AUT
162.386, 1941, Jul Average, Austria, AUT
177.635, 1941, Aug Average, Austria, AUT
68.4833, 1941, Sep Average, Austria, AUT
123.692, 1941, Oct Average, Austria, AUT
77.8127, 1941, Nov Average, Austria, AUT
64.1532, 1941, Dec Average, Austria, AUT
51.3717, 1942, Jan Average, Austria, AUT
54.8978, 1942, Feb Average, Austria, AUT
42.5703, 1942, Mar Average, Austria, AUT
99.3995, 1942, Apr Average, Austria, AUT
108.176, 1942, May Average, Austria, AUT
113.297, 1942, Jun Average, Austria, AUT
146.663, 1942, Jul Average, Austria, AUT
93.2353, 1942, Aug Average, Austria, AUT
85.0084, 1942, Sep Average, Austria, AUT
93.1938, 1942, Oct Average, Austria, AUT
77.128, 1942, Nov Average, Austria, AUT
35.146, 1942, Dec Average, Austria, AUT
43.4774, 1943, Jan Average, Austria, AUT
46.0695, 1943, Feb Average, Austria, AUT
37.6261, 1943, Mar Average, Austria, AUT
102.204, 1943, Apr Average, Austria, AUT
94.4448, 1943, May Average, Austria, AUT
168.159, 1943, Jun Average, Austria, AUT
152.978, 1943, Jul Average, Austria, AUT
89.5274, 1943, Aug Average, Austria, AUT
115.106, 1943, Sep Average, Austria, AUT
14.9601, 1943, Oct Average, Austria, AUT
79.5969, 1943, Nov Average, Austria, AUT
56.8293, 1943, Dec Average, Austria, AUT
63.4353, 1944, Jan Average, Austria, AUT
72.9536, 1944, Feb Average, Austria, AUT
111.948, 1944, Mar Average, Austria, AUT
66.1887, 1944, Apr Average, Austria, AUT
122.212, 1944, May Average, Austria, AUT
204.266, 1944, Jun Average, Austria, AUT
152.264, 1944, Jul Average, Austria, AUT
71.2696, 1944, Aug Average, Austria, AUT
104.445, 1944, Sep Average, Austria, AUT
139.653, 1944, Oct Average, Austria, AUT
155.222, 1944, Nov Average, Austria, AUT
96.4349, 1944, Dec Average, Austria, AUT
79.3697, 1945, Jan Average, Austria, AUT
76.5218, 1945, Feb Average, Austria, AUT
77.2251, 1945, Mar Average, Austria, AUT
81.243, 1945, Apr Average, Austria, AUT
91.7526, 1945, May Average, Austria, AUT
120.547, 1945, Jun Average, Austria, AUT
94.5397, 1945, Jul Average, Austria, AUT
137.496, 1945, Aug Average, Austria, AUT
115.69, 1945, Sep Average, Austria, AUT
76.5219, 1945, Oct Average, Austria, AUT
60.5721, 1945, Nov Average, Austria, AUT
67.4104, 1945, Dec Average, Austria, AUT
45.4823, 1946, Jan Average, Austria, AUT
103.532, 1946, Feb Average, Austria, AUT
38.7969, 1946, Mar Average, Austria, AUT
23.0116, 1946, Apr Average, Austria, AUT
82.3612, 1946, May Average, Austria, AUT
148.042, 1946, Jun Average, Austria, AUT
182.518, 1946, Jul Average, Austria, AUT
127.569, 1946, Aug Average, Austria, AUT
51.8523, 1946, Sep Average, Austria, AUT
73.7513, 1946, Oct Average, Austria, AUT
77.8513, 1946, Nov Average, Austria, AUT
83.3658, 1946, Dec Average, Austria, AUT
47.8266, 1947, Jan Average, Austria, AUT
96.2231, 1947, Feb Average, Austria, AUT
89.5613, 1947, Mar Average, Austria, AUT
49.0326, 1947, Apr Average, Austria, AUT
61.6545, 1947, May Average, Austria, AUT
120.78, 1947, Jun Average, Austria, AUT
139.228, 1947, Jul Average, Austria, AUT
53.6668, 1947, Aug Average, Austria, AUT
34.5606, 1947, Sep Average, Austria, AUT
27.3011, 1947, Oct Average, Austria, AUT
157.849, 1947, Nov Average, Austria, AUT
139.799, 1947, Dec Average, Austria, AUT
134.604, 1948, Jan Average, Austria, AUT
113.032, 1948, Feb Average, Austria, AUT
62.1804, 1948, Mar Average, Austria, AUT
76.6717, 1948, Apr Average, Austria, AUT
71.1782, 1948, May Average, Austria, AUT
203.086, 1948, Jun Average, Austria, AUT
208.413, 1948, Jul Average, Austria, AUT
147.486, 1948, Aug Average, Austria, AUT
47.6335, 1948, Sep Average, Austria, AUT
86.4845, 1948, Oct Average, Austria, AUT
34.882, 1948, Nov Average, Austria, AUT
34.3228, 1948, Dec Average, Austria, AUT
79.8301, 1949, Jan Average, Austria, AUT
18.0671, 1949, Feb Average, Austria, AUT
38.4748, 1949, Mar Average, Austria, AUT
81.4153, 1949, Apr Average, Austria, AUT
145.087, 1949, May Average, Austria, AUT
111.527, 1949, Jun Average, Austria, AUT
111.923, 1949, Jul Average, Austria, AUT
179.127, 1949, Aug Average, Austria, AUT
61.182, 1949, Sep Average, Austria, AUT
44.0139, 1949, Oct Average, Austria, AUT
148.453, 1949, Nov Average, Austria, AUT
89.4311, 1949, Dec Average, Austria, AUT
86.3181, 1950, Jan Average, Austria, AUT
72.0872, 1950, Feb Average, Austria, AUT
26.0344, 1950, Mar Average, Austria, AUT
127.342, 1950, Apr Average, Austria, AUT
53.343, 1950, May Average, Austria, AUT
62.4046, 1950, Jun Average, Austria, AUT
144.764, 1950, Jul Average, Austria, AUT
102.532, 1950, Aug Average, Austria, AUT
141.225, 1950, Sep Average, Austria, AUT
89.8473, 1950, Oct Average, Austria, AUT
152.97, 1950, Nov Average, Austria, AUT
98.3995, 1950, Dec Average, Austria, AUT
125.243, 1951, Jan Average, Austria, AUT
97.4939, 1951, Feb Average, Austria, AUT
108.703, 1951, Mar Average, Austria, AUT
57.8943, 1951, Apr Average, Austria, AUT
117.417, 1951, May Average, Austria, AUT
137.752, 1951, Jun Average, Austria, AUT
143.428, 1951, Jul Average, Austria, AUT
93.0809, 1951, Aug Average, Austria, AUT
85.619, 1951, Sep Average, Austria, AUT
17.2672, 1951, Oct Average, Austria, AUT
142.569, 1951, Nov Average, Austria, AUT
60.459, 1951, Dec Average, Austria, AUT
77.3086, 1952, Jan Average, Austria, AUT
108.15, 1952, Feb Average, Austria, AUT
92.0726, 1952, Mar Average, Austria, AUT
48.3438, 1952, Apr Average, Austria, AUT
93.7814, 1952, May Average, Austria, AUT
136.267, 1952, Jun Average, Austria, AUT
87.9638, 1952, Jul Average, Austria, AUT
119.373, 1952, Aug Average, Austria, AUT
131.328, 1952, Sep Average, Austria, AUT
144.961, 1952, Oct Average, Austria, AUT
101.602, 1952, Nov Average, Austria, AUT
72.2166, 1952, Dec Average, Austria, AUT
44.4442, 1953, Jan Average, Austria, AUT
39.9235, 1953, Feb Average, Austria, AUT
22.6451, 1953, Mar Average, Austria, AUT
92.7117, 1953, Apr Average, Austria, AUT
96.0706, 1953, May Average, Austria, AUT
158.277, 1953, Jun Average, Austria, AUT
194.356, 1953, Jul Average, Austria, AUT
116.065, 1953, Aug Average, Austria, AUT
72.3105, 1953, Sep Average, Austria, AUT
73.1918, 1953, Oct Average, Austria, AUT
17.4136, 1953, Nov Average, Austria, AUT
37.1137, 1953, Dec Average, Austria, AUT
107.149, 1954, Jan Average, Austria, AUT
29.6805, 1954, Feb Average, Austria, AUT
55.2113, 1954, Mar Average, Austria, AUT
100.611, 1954, Apr Average, Austria, AUT
158.499, 1954, May Average, Austria, AUT
152.708, 1954, Jun Average, Austria, AUT
208.721, 1954, Jul Average, Austria, AUT
122.932, 1954, Aug Average, Austria, AUT
122.957, 1954, Sep Average, Austria, AUT
84.166, 1954, Oct Average, Austria, AUT
67.6503, 1954, Nov Average, Austria, AUT
145.041, 1954, Dec Average, Austria, AUT
43.9237, 1955, Jan Average, Austria, AUT
108.982, 1955, Feb Average, Austria, AUT
49.0857, 1955, Mar Average, Austria, AUT
93.0273, 1955, Apr Average, Austria, AUT
127.321, 1955, May Average, Austria, AUT
129.755, 1955, Jun Average, Austria, AUT
175.182, 1955, Jul Average, Austria, AUT
131.778, 1955, Aug Average, Austria, AUT
106.249, 1955, Sep Average, Austria, AUT
96.4003, 1955, Oct Average, Austria, AUT
44.0653, 1955, Nov Average, Austria, AUT
70.3573, 1955, Dec Average, Austria, AUT
54.579, 1956, Jan Average, Austria, AUT
37.9524, 1956, Feb Average, Austria, AUT
93.9438, 1956, Mar Average, Austria, AUT
123.923, 1956, Apr Average, Austria, AUT
96.6565, 1956, May Average, Austria, AUT
198.064, 1956, Jun Average, Austria, AUT
125.061, 1956, Jul Average, Austria, AUT
144.283, 1956, Aug Average, Austria, AUT
58.8627, 1956, Sep Average, Austria, AUT
160.857, 1956, Oct Average, Austria, AUT
70.8954, 1956, Nov Average, Austria, AUT
45.5561, 1956, Dec Average, Austria, AUT
48.5457, 1957, Jan Average, Austria, AUT
105.799, 1957, Feb Average, Austria, AUT
52.285, 1957, Mar Average, Austria, AUT
109.264, 1957, Apr Average, Austria, AUT
92.8143, 1957, May Average, Austria, AUT
108.835, 1957, Jun Average, Austria, AUT
242.409, 1957, Jul Average, Austria, AUT
139.689, 1957, Aug Average, Austria, AUT
104.388, 1957, Sep Average, Austria, AUT
25.8583, 1957, Oct Average, Austria, AUT
61.0216, 1957, Nov Average, Austria, AUT
48.0626, 1957, Dec Average, Austria, AUT
88.5064, 1958, Jan Average, Austria, AUT
121.368, 1958, Feb Average, Austria, AUT
67.3808, 1958, Mar Average, Austria, AUT
87.0106, 1958, Apr Average, Austria, AUT
44.8462, 1958, May Average, Austria, AUT
196.648, 1958, Jun Average, Austria, AUT
120.959, 1958, Jul Average, Austria, AUT
143.466, 1958, Aug Average, Austria, AUT
102.606, 1958, Sep Average, Austria, AUT
150.073, 1958, Oct Average, Austria, AUT
87.4865, 1958, Nov Average, Austria, AUT
108.594, 1958, Dec Average, Austria, AUT
41.0095, 1959, Jan Average, Austria, AUT
17.5648, 1959, Feb Average, Austria, AUT
63.0843, 1959, Mar Average, Austria, AUT
119.751, 1959, Apr Average, Austria, AUT
106.959, 1959, May Average, Austria, AUT
210.961, 1959, Jun Average, Austria, AUT
143.96, 1959, Jul Average, Austria, AUT
131.215, 1959, Aug Average, Austria, AUT
29.9112, 1959, Sep Average, Austria, AUT
55.0814, 1959, Oct Average, Austria, AUT
75.436, 1959, Nov Average, Austria, AUT
138.829, 1959, Dec Average, Austria, AUT
63.2466, 1960, Jan Average, Austria, AUT
64.3286, 1960, Feb Average, Austria, AUT
106.582, 1960, Mar Average, Austria, AUT
62.8735, 1960, Apr Average, Austria, AUT
78.3075, 1960, May Average, Austria, AUT
134.937, 1960, Jun Average, Austria, AUT
162.928, 1960, Jul Average, Austria, AUT
151.238, 1960, Aug Average, Austria, AUT
144.289, 1960, Sep Average, Austria, AUT
116.853, 1960, Oct Average, Austria, AUT
87.8558, 1960, Nov Average, Austria, AUT
91.3111, 1960, Dec Average, Austria, AUT
44.7932, 1961, Jan Average, Austria, AUT
72.8139, 1961, Feb Average, Austria, AUT
48.6896, 1961, Mar Average, Austria, AUT
83.511, 1961, Apr Average, Austria, AUT
145.666, 1961, May Average, Austria, AUT
119.088, 1961, Jun Average, Austria, AUT
129.44, 1961, Jul Average, Austria, AUT
99.7882, 1961, Aug Average, Austria, AUT
35.9746, 1961, Sep Average, Austria, AUT
97.6142, 1961, Oct Average, Austria, AUT
89.2381, 1961, Nov Average, Austria, AUT
116.983, 1961, Dec Average, Austria, AUT
90.0598, 1962, Jan Average, Austria, AUT
73.5344, 1962, Feb Average, Austria, AUT
71.7194, 1962, Mar Average, Austria, AUT
88.7902, 1962, Apr Average, Austria, AUT
183.752, 1962, May Average, Austria, AUT
103.57, 1962, Jun Average, Austria, AUT
144.471, 1962, Jul Average, Austria, AUT
72.2103, 1962, Aug Average, Austria, AUT
92.5599, 1962, Sep Average, Austria, AUT
72.7285, 1962, Oct Average, Austria, AUT
113.086, 1962, Nov Average, Austria, AUT
92.4241, 1962, Dec Average, Austria, AUT
57.3445, 1963, Jan Average, Austria, AUT
40.9857, 1963, Feb Average, Austria, AUT
84.9081, 1963, Mar Average, Austria, AUT
65.5931, 1963, Apr Average, Austria, AUT
109.522, 1963, May Average, Austria, AUT
135.525, 1963, Jun Average, Austria, AUT
91.9978, 1963, Jul Average, Austria, AUT
178.088, 1963, Aug Average, Austria, AUT
89.1983, 1963, Sep Average, Austria, AUT
41.9415, 1963, Oct Average, Austria, AUT
123.461, 1963, Nov Average, Austria, AUT
37.7188, 1963, Dec Average, Austria, AUT
10.6815, 1964, Jan Average, Austria, AUT
37.4129, 1964, Feb Average, Austria, AUT
92.3452, 1964, Mar Average, Austria, AUT
114.293, 1964, Apr Average, Austria, AUT
112.076, 1964, May Average, Austria, AUT
123.597, 1964, Jun Average, Austria, AUT
100.801, 1964, Jul Average, Austria, AUT
132.14, 1964, Aug Average, Austria, AUT
69.1127, 1964, Sep Average, Austria, AUT
226.751, 1964, Oct Average, Austria, AUT
98.9766, 1964, Nov Average, Austria, AUT
87.6607, 1964, Dec Average, Austria, AUT
74.1257, 1965, Jan Average, Austria, AUT
47.5399, 1965, Feb Average, Austria, AUT
88.4912, 1965, Mar Average, Austria, AUT
168.842, 1965, Apr Average, Austria, AUT
181.159, 1965, May Average, Austria, AUT
161.785, 1965, Jun Average, Austria, AUT
177.936, 1965, Jul Average, Austria, AUT
128.643, 1965, Aug Average, Austria, AUT
138.315, 1965, Sep Average, Austria, AUT
3.12684, 1965, Oct Average, Austria, AUT
105.381, 1965, Nov Average, Austria, AUT
111.654, 1965, Dec Average, Austria, AUT
46.3945, 1966, Jan Average, Austria, AUT
70.2411, 1966, Feb Average, Austria, AUT
73.8577, 1966, Mar Average, Austria, AUT
90.1926, 1966, Apr Average, Austria, AUT
117.81, 1966, May Average, Austria, AUT
150.27, 1966, Jun Average, Austria, AUT
197.904, 1966, Jul Average, Austria, AUT
226.095, 1966, Aug Average, Austria, AUT
63.7742, 1966, Sep Average, Austria, AUT
80.9671, 1966, Oct Average, Austria, AUT
139.257, 1966, Nov Average, Austria, AUT
117.434, 1966, Dec Average, Austria, AUT
59.6682, 1967, Jan Average, Austria, AUT
55.8211, 1967, Feb Average, Austria, AUT
111.138, 1967, Mar Average, Austria, AUT
100.021, 1967, Apr Average, Austria, AUT
124.552, 1967, May Average, Austria, AUT
105.007, 1967, Jun Average, Austria, AUT
112.834, 1967, Jul Average, Austria, AUT
89.8035, 1967, Aug Average, Austria, AUT
146.247, 1967, Sep Average, Austria, AUT
55.2295, 1967, Oct Average, Austria, AUT
81.7358, 1967, Nov Average, Austria, AUT
60.1424, 1967, Dec Average, Austria, AUT
103.881, 1968, Jan Average, Austria, AUT
47.4202, 1968, Feb Average, Austria, AUT
43.1548, 1968, Mar Average, Austria, AUT
55.1465, 1968, Apr Average, Austria, AUT
94.6703, 1968, May Average, Austria, AUT
120.27, 1968, Jun Average, Austria, AUT
152.1, 1968, Jul Average, Austria, AUT
171.235, 1968, Aug Average, Austria, AUT
109.963, 1968, Sep Average, Austria, AUT
55.2648, 1968, Oct Average, Austria, AUT
83.6821, 1968, Nov Average, Austria, AUT
54.1252, 1968, Dec Average, Austria, AUT
78.1306, 1969, Jan Average, Austria, AUT
72.6481, 1969, Feb Average, Austria, AUT
52.5392, 1969, Mar Average, Austria, AUT
65.159, 1969, Apr Average, Austria, AUT
72.4708, 1969, May Average, Austria, AUT
177.625, 1969, Jun Average, Austria, AUT
102.319, 1969, Jul Average, Austria, AUT
164.983, 1969, Aug Average, Austria, AUT
69.085, 1969, Sep Average, Austria, AUT
21.1985, 1969, Oct Average, Austria, AUT
101.377, 1969, Nov Average, Austria, AUT
63.9189, 1969, Dec Average, Austria, AUT
40.707, 1970, Jan Average, Austria, AUT
143.307, 1970, Feb Average, Austria, AUT
94.1963, 1970, Mar Average, Austria, AUT
127.568, 1970, Apr Average, Austria, AUT
90.0349, 1970, May Average, Austria, AUT
124.113, 1970, Jun Average, Austria, AUT
141.823, 1970, Jul Average, Austria, AUT
193.694, 1970, Aug Average, Austria, AUT
68.3384, 1970, Sep Average, Austria, AUT
107.287, 1970, Oct Average, Austria, AUT
101.523, 1970, Nov Average, Austria, AUT
55.3884, 1970, Dec Average, Austria, AUT
32.0069, 1971, Jan Average, Austria, AUT
53.8113, 1971, Feb Average, Austria, AUT
64.1754, 1971, Mar Average, Austria, AUT
49.7521, 1971, Apr Average, Austria, AUT
83.2685, 1971, May Average, Austria, AUT
139.04, 1971, Jun Average, Austria, AUT
79.2825, 1971, Jul Average, Austria, AUT
134.974, 1971, Aug Average, Austria, AUT
66.642, 1971, Sep Average, Austria, AUT
27.1839, 1971, Oct Average, Austria, AUT
90.5978, 1971, Nov Average, Austria, AUT
53.3941, 1971, Dec Average, Austria, AUT
41.4039, 1972, Jan Average, Austria, AUT
65.8397, 1972, Feb Average, Austria, AUT
37.977, 1972, Mar Average, Austria, AUT
166.595, 1972, Apr Average, Austria, AUT
150.133, 1972, May Average, Austria, AUT
133.994, 1972, Jun Average, Austria, AUT
211.112, 1972, Jul Average, Austria, AUT
82.4046, 1972, Aug Average, Austria, AUT
66.6418, 1972, Sep Average, Austria, AUT
66.3941, 1972, Oct Average, Austria, AUT
102.236, 1972, Nov Average, Austria, AUT
26.5031, 1972, Dec Average, Austria, AUT
53.7098, 1973, Jan Average, Austria, AUT
64.9453, 1973, Feb Average, Austria, AUT
41.3335, 1973, Mar Average, Austria, AUT
100.905, 1973, Apr Average, Austria, AUT
63.0119, 1973, May Average, Austria, AUT
175.035, 1973, Jun Average, Austria, AUT
110.909, 1973, Jul Average, Austria, AUT
71.2053, 1973, Aug Average, Austria, AUT
144.33, 1973, Sep Average, Austria, AUT
71.9742, 1973, Oct Average, Austria, AUT
100.882, 1973, Nov Average, Austria, AUT
80.518, 1973, Dec Average, Austria, AUT
75.7194, 1974, Jan Average, Austria, AUT
49.22, 1974, Feb Average, Austria, AUT
64.1742, 1974, Mar Average, Austria, AUT
51.1011, 1974, Apr Average, Austria, AUT
110.651, 1974, May Average, Austria, AUT
163.793, 1974, Jun Average, Austria, AUT
138.91, 1974, Jul Average, Austria, AUT
120.217, 1974, Aug Average, Austria, AUT
104.807, 1974, Sep Average, Austria, AUT
117.242, 1974, Oct Average, Austria, AUT
81.5102, 1974, Nov Average, Austria, AUT
117.363, 1974, Dec Average, Austria, AUT
65.8536, 1975, Jan Average, Austria, AUT
18.2861, 1975, Feb Average, Austria, AUT
134.592, 1975, Mar Average, Austria, AUT
93.2264, 1975, Apr Average, Austria, AUT
102.131, 1975, May Average, Austria, AUT
202.728, 1975, Jun Average, Austria, AUT
175.828, 1975, Jul Average, Austria, AUT
130.508, 1975, Aug Average, Austria, AUT
50.7606, 1975, Sep Average, Austria, AUT
64.8344, 1975, Oct Average, Austria, AUT
82.9292, 1975, Nov Average, Austria, AUT
35.8569, 1975, Dec Average, Austria, AUT
93.1878, 1976, Jan Average, Austria, AUT
33.3856, 1976, Feb Average, Austria, AUT
21.2013, 1976, Mar Average, Austria, AUT
76.7315, 1976, Apr Average, Austria, AUT
117.368, 1976, May Average, Austria, AUT
64.1706, 1976, Jun Average, Austria, AUT
150.329, 1976, Jul Average, Austria, AUT
98.797, 1976, Aug Average, Austria, AUT
126.398, 1976, Sep Average, Austria, AUT
90.975, 1976, Oct Average, Austria, AUT
98.0834, 1976, Nov Average, Austria, AUT
85.9341, 1976, Dec Average, Austria, AUT
111.215, 1977, Jan Average, Austria, AUT
125.293, 1977, Feb Average, Austria, AUT
79.1607, 1977, Mar Average, Austria, AUT
115.862, 1977, Apr Average, Austria, AUT
79.7196, 1977, May Average, Austria, AUT
103.461, 1977, Jun Average, Austria, AUT
142.705, 1977, Jul Average, Austria, AUT
138.025, 1977, Aug Average, Austria, AUT
63.7923, 1977, Sep Average, Austria, AUT
30.9988, 1977, Oct Average, Austria, AUT
72.1584, 1977, Nov Average, Austria, AUT
67.0081, 1977, Dec Average, Austria, AUT
77.9347, 1978, Jan Average, Austria, AUT
57.5645, 1978, Feb Average, Austria, AUT
90.8138, 1978, Mar Average, Austria, AUT
81.9999, 1978, Apr Average, Austria, AUT
123.021, 1978, May Average, Austria, AUT
118.451, 1978, Jun Average, Austria, AUT
136.325, 1978, Jul Average, Austria, AUT
90.7408, 1978, Aug Average, Austria, AUT
116.826, 1978, Sep Average, Austria, AUT
75.7399, 1978, Oct Average, Austria, AUT
34.9306, 1978, Nov Average, Austria, AUT
53.1021, 1978, Dec Average, Austria, AUT
87.7588, 1979, Jan Average, Austria, AUT
71.9798, 1979, Feb Average, Austria, AUT
134.943, 1979, Mar Average, Austria, AUT
117.924, 1979, Apr Average, Austria, AUT
69.9918, 1979, May Average, Austria, AUT
194.457, 1979, Jun Average, Austria, AUT
136.908, 1979, Jul Average, Austria, AUT
133.146, 1979, Aug Average, Austria, AUT
108.111, 1979, Sep Average, Austria, AUT
49.7928, 1979, Oct Average, Austria, AUT
180.808, 1979, Nov Average, Austria, AUT
92.073, 1979, Dec Average, Austria, AUT
59.5037, 1980, Jan Average, Austria, AUT
46.5639, 1980, Feb Average, Austria, AUT
64.3993, 1980, Mar Average, Austria, AUT
112.621, 1980, Apr Average, Austria, AUT
66.8705, 1980, May Average, Austria, AUT
139.389, 1980, Jun Average, Austria, AUT
130.562, 1980, Jul Average, Austria, AUT
111.08, 1980, Aug Average, Austria, AUT
64.5355, 1980, Sep Average, Austria, AUT
175.065, 1980, Oct Average, Austria, AUT
93.6439, 1980, Nov Average, Austria, AUT
72.6308, 1980, Dec Average, Austria, AUT
79.5959, 1981, Jan Average, Austria, AUT
37.8298, 1981, Feb Average, Austria, AUT
73.9973, 1981, Mar Average, Austria, AUT
36.7313, 1981, Apr Average, Austria, AUT
106.191, 1981, May Average, Austria, AUT
109.415, 1981, Jun Average, Austria, AUT
179.881, 1981, Jul Average, Austria, AUT
102.067, 1981, Aug Average, Austria, AUT
146.861, 1981, Sep Average, Austria, AUT
121.092, 1981, Oct Average, Austria, AUT
72.0792, 1981, Nov Average, Austria, AUT
113.505, 1981, Dec Average, Austria, AUT
111.355, 1982, Jan Average, Austria, AUT
19.0797, 1982, Feb Average, Austria, AUT
66.7324, 1982, Mar Average, Austria, AUT
36.0266, 1982, Apr Average, Austria, AUT
106.514, 1982, May Average, Austria, AUT
142.826, 1982, Jun Average, Austria, AUT
117.938, 1982, Jul Average, Austria, AUT
137.204, 1982, Aug Average, Austria, AUT
68.172, 1982, Sep Average, Austria, AUT
111.159, 1982, Oct Average, Austria, AUT
70.3919, 1982, Nov Average, Austria, AUT
110.016, 1982, Dec Average, Austria, AUT
94.5791, 1983, Jan Average, Austria, AUT
57.3339, 1983, Feb Average, Austria, AUT
54.8262, 1983, Mar Average, Austria, AUT
71.6918, 1983, Apr Average, Austria, AUT
126.913, 1983, May Average, Austria, AUT
129.953, 1983, Jun Average, Austria, AUT
59.0287, 1983, Jul Average, Austria, AUT
113.513, 1983, Aug Average, Austria, AUT
98.2075, 1983, Sep Average, Austria, AUT
71.8724, 1983, Oct Average, Austria, AUT
54.0162, 1983, Nov Average, Austria, AUT
77.6742, 1983, Dec Average, Austria, AUT
67.5596, 1984, Jan Average, Austria, AUT
98.815, 1984, Feb Average, Austria, AUT
56.3043, 1984, Mar Average, Austria, AUT
77.757, 1984, Apr Average, Austria, AUT
129.785, 1984, May Average, Austria, AUT
86.8, 1984, Jun Average, Austria, AUT
101.979, 1984, Jul Average, Austria, AUT
117.692, 1984, Aug Average, Austria, AUT
156.734, 1984, Sep Average, Austria, AUT
63.1581, 1984, Oct Average, Austria, AUT
43.9964, 1984, Nov Average, Austria, AUT
50.3393, 1984, Dec Average, Austria, AUT
66.1723, 1985, Jan Average, Austria, AUT
56.6475, 1985, Feb Average, Austria, AUT
98.1583, 1985, Mar Average, Austria, AUT
93.2428, 1985, Apr Average, Austria, AUT
112.32, 1985, May Average, Austria, AUT
157, 1985, Jun Average, Austria, AUT
113.026, 1985, Jul Average, Austria, AUT
207.917, 1985, Aug Average, Austria, AUT
57.0541, 1985, Sep Average, Austria, AUT
28.4019, 1985, Oct Average, Austria, AUT
119.804, 1985, Nov Average, Austria, AUT
80.4033, 1985, Dec Average, Austria, AUT
117.942, 1986, Jan Average, Austria, AUT
68.3074, 1986, Feb Average, Austria, AUT
73.3435, 1986, Mar Average, Austria, AUT
81.4312, 1986, Apr Average, Austria, AUT
121.072, 1986, May Average, Austria, AUT
110.883, 1986, Jun Average, Austria, AUT
92.4431, 1986, Jul Average, Austria, AUT
143.189, 1986, Aug Average, Austria, AUT
58.7153, 1986, Sep Average, Austria, AUT
70.4813, 1986, Oct Average, Austria, AUT
48.774, 1986, Nov Average, Austria, AUT
85.3526, 1986, Dec Average, Austria, AUT
86.7691, 1987, Jan Average, Austria, AUT
105.314, 1987, Feb Average, Austria, AUT
99.0838, 1987, Mar Average, Austria, AUT
64.9125, 1987, Apr Average, Austria, AUT
164.21, 1987, May Average, Austria, AUT
125.031, 1987, Jun Average, Austria, AUT
158.715, 1987, Jul Average, Austria, AUT
114.395, 1987, Aug Average, Austria, AUT
91.4762, 1987, Sep Average, Austria, AUT
65.5205, 1987, Oct Average, Austria, AUT
109.624, 1987, Nov Average, Austria, AUT
71.2583, 1987, Dec Average, Austria, AUT
68.9091, 1988, Jan Average, Austria, AUT
79.8288, 1988, Feb Average, Austria, AUT
136.231, 1988, Mar Average, Austria, AUT
60.928, 1988, Apr Average, Austria, AUT
88.7237, 1988, May Average, Austria, AUT
116.559, 1988, Jun Average, Austria, AUT
125.088, 1988, Jul Average, Austria, AUT
151.613, 1988, Aug Average, Austria, AUT
109.206, 1988, Sep Average, Austria, AUT
74.2767, 1988, Oct Average, Austria, AUT
56.215, 1988, Nov Average, Austria, AUT
112.13, 1988, Dec Average, Austria, AUT
24.732, 1989, Jan Average, Austria, AUT
65.7104, 1989, Feb Average, Austria, AUT
54.3274, 1989, Mar Average, Austria, AUT
145.156, 1989, Apr Average, Austria, AUT
92.0322, 1989, May Average, Austria, AUT
136.749, 1989, Jun Average, Austria, AUT
185.071, 1989, Jul Average, Austria, AUT
139.72, 1989, Aug Average, Austria, AUT
114.336, 1989, Sep Average, Austria, AUT
44.9066, 1989, Oct Average, Austria, AUT
56.5942, 1989, Nov Average, Austria, AUT
46.0016, 1989, Dec Average, Austria, AUT
25.2868, 1990, Jan Average, Austria, AUT
109.694, 1990, Feb Average, Austria, AUT
64.7874, 1990, Mar Average, Austria, AUT
112.626, 1990, Apr Average, Austria, AUT
68.8995, 1990, May Average, Austria, AUT
158.802, 1990, Jun Average, Austria, AUT
126.447, 1990, Jul Average, Austria, AUT
78.8, 1990, Aug Average, Austria, AUT
113.734, 1990, Sep Average, Austria, AUT
113.983, 1990, Oct Average, Austria, AUT
124.48, 1990, Nov Average, Austria, AUT
65.2818, 1990, Dec Average, Austria, AUT
32.4641, 1991, Jan Average, Austria, AUT
32.5013, 1991, Feb Average, Austria, AUT
58.8299, 1991, Mar Average, Austria, AUT
51.133, 1991, Apr Average, Austria, AUT
154.42, 1991, May Average, Austria, AUT
155.191, 1991, Jun Average, Austria, AUT
179.796, 1991, Jul Average, Austria, AUT
91.1998, 1991, Aug Average, Austria, AUT
79.891, 1991, Sep Average, Austria, AUT
52.2473, 1991, Oct Average, Austria, AUT
132.899, 1991, Nov Average, Austria, AUT
115.836, 1991, Dec Average, Austria, AUT
17.7356, 1992, Jan Average, Austria, AUT
53.7392, 1992, Feb Average, Austria, AUT
135.903, 1992, Mar Average, Austria, AUT
102.574, 1992, Apr Average, Austria, AUT
31.5083, 1992, May Average, Austria, AUT
129.487, 1992, Jun Average, Austria, AUT
96.4036, 1992, Jul Average, Austria, AUT
90.6868, 1992, Aug Average, Austria, AUT
93.7351, 1992, Sep Average, Austria, AUT
154.119, 1992, Oct Average, Austria, AUT
139.634, 1992, Nov Average, Austria, AUT
99.0733, 1992, Dec Average, Austria, AUT
47.6063, 1993, Jan Average, Austria, AUT
28.4303, 1993, Feb Average, Austria, AUT
61.2642, 1993, Mar Average, Austria, AUT
60.723, 1993, Apr Average, Austria, AUT
59.2885, 1993, May Average, Austria, AUT
128.287, 1993, Jun Average, Austria, AUT
174.075, 1993, Jul Average, Austria, AUT
123.147, 1993, Aug Average, Austria, AUT
104.412, 1993, Sep Average, Austria, AUT
154.736, 1993, Oct Average, Austria, AUT
60.7441, 1993, Nov Average, Austria, AUT
98.8571, 1993, Dec Average, Austria, AUT
71.9594, 1994, Jan Average, Austria, AUT
29.3977, 1994, Feb Average, Austria, AUT
65.8612, 1994, Mar Average, Austria, AUT
147.979, 1994, Apr Average, Austria, AUT
109.646, 1994, May Average, Austria, AUT
99.3388, 1994, Jun Average, Austria, AUT
86.3991, 1994, Jul Average, Austria, AUT
133.369, 1994, Aug Average, Austria, AUT
98.8464, 1994, Sep Average, Austria, AUT
84.7455, 1994, Oct Average, Austria, AUT
85.1017, 1994, Nov Average, Austria, AUT
79.8182, 1994, Dec Average, Austria, AUT
83.725, 1995, Jan Average, Austria, AUT
77.5543, 1995, Feb Average, Austria, AUT
107.02, 1995, Mar Average, Austria, AUT
96.4306, 1995, Apr Average, Austria, AUT
98.7617, 1995, May Average, Austria, AUT
172.713, 1995, Jun Average, Austria, AUT
92.7344, 1995, Jul Average, Austria, AUT
161.305, 1995, Aug Average, Austria, AUT
137.178, 1995, Sep Average, Austria, AUT
13.9653, 1995, Oct Average, Austria, AUT
69.7686, 1995, Nov Average, Austria, AUT
99.5581, 1995, Dec Average, Austria, AUT
39.9557, 1996, Jan Average, Austria, AUT
49.3471, 1996, Feb Average, Austria, AUT
43.1666, 1996, Mar Average, Austria, AUT
100.639, 1996, Apr Average, Austria, AUT
164.043, 1996, May Average, Austria, AUT
135.031, 1996, Jun Average, Austria, AUT
118.664, 1996, Jul Average, Austria, AUT
153.081, 1996, Aug Average, Austria, AUT
132.816, 1996, Sep Average, Austria, AUT
146.944, 1996, Oct Average, Austria, AUT
121.536, 1996, Nov Average, Austria, AUT
37.6712, 1996, Dec Average, Austria, AUT
27.2374, 1997, Jan Average, Austria, AUT
40.0461, 1997, Feb Average, Austria, AUT
95.2364, 1997, Mar Average, Austria, AUT
93.1532, 1997, Apr Average, Austria, AUT
80.9703, 1997, May Average, Austria, AUT
149.204, 1997, Jun Average, Austria, AUT
200.093, 1997, Jul Average, Austria, AUT
92.0987, 1997, Aug Average, Austria, AUT
56.3466, 1997, Sep Average, Austria, AUT
73.6094, 1997, Oct Average, Austria, AUT
107.602, 1997, Nov Average, Austria, AUT
97.7738, 1997, Dec Average, Austria, AUT
32.8686, 1998, Jan Average, Austria, AUT
15.1869, 1998, Feb Average, Austria, AUT
84.9621, 1998, Mar Average, Austria, AUT
90.1458, 1998, Apr Average, Austria, AUT
64.4905, 1998, May Average, Austria, AUT
149.859, 1998, Jun Average, Austria, AUT
180.859, 1998, Jul Average, Austria, AUT
99.735, 1998, Aug Average, Austria, AUT
166.418, 1998, Sep Average, Austria, AUT
152.451, 1998, Oct Average, Austria, AUT
85.5992, 1998, Nov Average, Austria, AUT
45.2855, 1998, Dec Average, Austria, AUT
48.1602, 1999, Jan Average, Austria, AUT
115.884, 1999, Feb Average, Austria, AUT
63.9558, 1999, Mar Average, Austria, AUT
106.246, 1999, Apr Average, Austria, AUT
138.64, 1999, May Average, Austria, AUT
130.305, 1999, Jun Average, Austria, AUT
154.89, 1999, Jul Average, Austria, AUT
155.865, 1999, Aug Average, Austria, AUT
92.9988, 1999, Sep Average, Austria, AUT
58.4553, 1999, Oct Average, Austria, AUT
83.262, 1999, Nov Average, Austria, AUT
93.1305, 1999, Dec Average, Austria, AUT
56.7314, 2000, Jan Average, Austria, AUT
63.058, 2000, Feb Average, Austria, AUT
148.638, 2000, Mar Average, Austria, AUT
55.4908, 2000, Apr Average, Austria, AUT
104.9, 2000, May Average, Austria, AUT
96.2253, 2000, Jun Average, Austria, AUT
155.825, 2000, Jul Average, Austria, AUT
121.309, 2000, Aug Average, Austria, AUT
98.3257, 2000, Sep Average, Austria, AUT
142.56, 2000, Oct Average, Austria, AUT
130.04, 2000, Nov Average, Austria, AUT
72.6041, 2000, Dec Average, Austria, AUT
72.6757, 2001, Jan Average, Austria, AUT
58.0672, 2001, Feb Average, Austria, AUT
121.19, 2001, Mar Average, Austria, AUT
118.419, 2001, Apr Average, Austria, AUT
65.093, 2001, May Average, Austria, AUT
144.268, 2001, Jun Average, Austria, AUT
106.773, 2001, Jul Average, Austria, AUT
112.225, 2001, Aug Average, Austria, AUT
165.363, 2001, Sep Average, Austria, AUT
32.9747, 2001, Oct Average, Austria, AUT
73.8256, 2001, Nov Average, Austria, AUT
67.0779, 2001, Dec Average, Austria, AUT
20.9963, 2002, Jan Average, Austria, AUT
67.4437, 2002, Feb Average, Austria, AUT
116.986, 2002, Mar Average, Austria, AUT
86.914, 2002, Apr Average, Austria, AUT
81.9999, 2002, May Average, Austria, AUT
120.606, 2002, Jun Average, Austria, AUT
130.141, 2002, Jul Average, Austria, AUT
202.281, 2002, Aug Average, Austria, AUT
108.711, 2002, Sep Average, Austria, AUT
121.531, 2002, Oct Average, Austria, AUT
144.221, 2002, Nov Average, Austria, AUT
88.5526, 2002, Dec Average, Austria, AUT
69.8269, 2003, Jan Average, Austria, AUT
22.1794, 2003, Feb Average, Austria, AUT
21.5325, 2003, Mar Average, Austria, AUT
58.0719, 2003, Apr Average, Austria, AUT
100.484, 2003, May Average, Austria, AUT
94.0118, 2003, Jun Average, Austria, AUT
130.003, 2003, Jul Average, Austria, AUT
85.5852, 2003, Aug Average, Austria, AUT
75.0798, 2003, Sep Average, Austria, AUT
135.162, 2003, Oct Average, Austria, AUT
78.7141, 2003, Nov Average, Austria, AUT
63.322, 2003, Dec Average, Austria, AUT
84.8939, 2004, Jan Average, Austria, AUT
76.2288, 2004, Feb Average, Austria, AUT
79.1656, 2004, Mar Average, Austria, AUT
65.0357, 2004, Apr Average, Austria, AUT
114.691, 2004, May Average, Austria, AUT
177.599, 2004, Jun Average, Austria, AUT
114.724, 2004, Jul Average, Austria, AUT
121.186, 2004, Aug Average, Austria, AUT
89.553, 2004, Sep Average, Austria, AUT
105.798, 2004, Oct Average, Austria, AUT
68.1374, 2004, Nov Average, Austria, AUT
43.1757, 2004, Dec Average, Austria, AUT
58.9224, 2005, Jan Average, Austria, AUT
71.3677, 2005, Feb Average, Austria, AUT
50.0286, 2005, Mar Average, Austria, AUT
108.847, 2005, Apr Average, Austria, AUT
112.699, 2005, May Average, Austria, AUT
86.928, 2005, Jun Average, Austria, AUT
185.914, 2005, Jul Average, Austria, AUT
194.727, 2005, Aug Average, Austria, AUT
105.188, 2005, Sep Average, Austria, AUT
44.6775, 2005, Oct Average, Austria, AUT
61.5101, 2005, Nov Average, Austria, AUT
90.4478, 2005, Dec Average, Austria, AUT
57.3804, 2006, Jan Average, Austria, AUT
52.4737, 2006, Feb Average, Austria, AUT
101.239, 2006, Mar Average, Austria, AUT
127.401, 2006, Apr Average, Austria, AUT
124.679, 2006, May Average, Austria, AUT
123.988, 2006, Jun Average, Austria, AUT
79.6882, 2006, Jul Average, Austria, AUT
198.119, 2006, Aug Average, Austria, AUT
62.0569, 2006, Sep Average, Austria, AUT
55.5243, 2006, Oct Average, Austria, AUT
65.8287, 2006, Nov Average, Austria, AUT
42.7688, 2006, Dec Average, Austria, AUT
90.2458, 2007, Jan Average, Austria, AUT
66.4453, 2007, Feb Average, Austria, AUT
107.948, 2007, Mar Average, Austria, AUT
12.5074, 2007, Apr Average, Austria, AUT
131.179, 2007, May Average, Austria, AUT
123.038, 2007, Jun Average, Austria, AUT
136.857, 2007, Jul Average, Austria, AUT
144.482, 2007, Aug Average, Austria, AUT
179.947, 2007, Sep Average, Austria, AUT
71.5828, 2007, Oct Average, Austria, AUT
101.633, 2007, Nov Average, Austria, AUT
56.5556, 2007, Dec Average, Austria, AUT
48.4861, 2008, Jan Average, Austria, AUT
24.1591, 2008, Feb Average, Austria, AUT
102.677, 2008, Mar Average, Austria, AUT
118.026, 2008, Apr Average, Austria, AUT
63.3795, 2008, May Average, Austria, AUT
149.91, 2008, Jun Average, Austria, AUT
175.451, 2008, Jul Average, Austria, AUT
131.295, 2008, Aug Average, Austria, AUT
81.1481, 2008, Sep Average, Austria, AUT
78.3016, 2008, Oct Average, Austria, AUT
88.093, 2008, Nov Average, Austria, AUT
109.343, 2008, Dec Average, Austria, AUT
64.5793, 2009, Jan Average, Austria, AUT
98.7904, 2009, Feb Average, Austria, AUT
135.121, 2009, Mar Average, Austria, AUT
45.8214, 2009, Apr Average, Austria, AUT
107.217, 2009, May Average, Austria, AUT
207.423, 2009, Jun Average, Austria, AUT
149.96, 2009, Jul Average, Austria, AUT
131.494, 2009, Aug Average, Austria, AUT
91.8731, 2009, Sep Average, Austria, AUT
79.4431, 2009, Oct Average, Austria, AUT
84.2273, 2009, Nov Average, Austria, AUT
96.9806, 2009, Dec Average, Austria, AUT
50.0619, 2010, Jan Average, Austria, AUT
55.6135, 2010, Feb Average, Austria, AUT
47.3053, 2010, Mar Average, Austria, AUT
64.9337, 2010, Apr Average, Austria, AUT
154.238, 2010, May Average, Austria, AUT
147.703, 2010, Jun Average, Austria, AUT
138.701, 2010, Jul Average, Austria, AUT
199.932, 2010, Aug Average, Austria, AUT
118.538, 2010, Sep Average, Austria, AUT
68.7064, 2010, Oct Average, Austria, AUT
92.9636, 2010, Nov Average, Austria, AUT
83.0952, 2010, Dec Average, Austria, AUT
50.2934, 2011, Jan Average, Austria, AUT
22.3074, 2011, Feb Average, Austria, AUT
60.1673, 2011, Mar Average, Austria, AUT
40.2355, 2011, Apr Average, Austria, AUT
115.335, 2011, May Average, Austria, AUT
143.847, 2011, Jun Average, Austria, AUT
141.083, 2011, Jul Average, Austria, AUT
104.633, 2011, Aug Average, Austria, AUT
93.3604, 2011, Sep Average, Austria, AUT
113.989, 2011, Oct Average, Austria, AUT
3.12895, 2011, Nov Average, Austria, AUT
94.2645, 2011, Dec Average, Austria, AUT
105.338, 2012, Jan Average, Austria, AUT
37.0028, 2012, Feb Average, Austria, AUT
27.6095, 2012, Mar Average, Austria, AUT
79.1993, 2012, Apr Average, Austria, AUT
98.5198, 2012, May Average, Austria, AUT
142.536, 2012, Jun Average, Austria, AUT
167.171, 2012, Jul Average, Austria, AUT
128.859, 2012, Aug Average, Austria, AUT
113.29, 2012, Sep Average, Austria, AUT
106.488, 2012, Oct Average, Austria, AUT
85.9357, 2012, Nov Average, Austria, AUT
85.3332, 2012, Dec Average, Austria, AUT
103.517, 2013, Jan Average, Austria, AUT
98.1978, 2013, Feb Average, Austria, AUT
88.2995, 2013, Mar Average, Austria, AUT
46.8934, 2013, Apr Average, Austria, AUT
177.872, 2013, May Average, Austria, AUT
157.711, 2013, Jun Average, Austria, AUT
44.1464, 2013, Jul Average, Austria, AUT
127.262, 2013, Aug Average, Austria, AUT
129.369, 2013, Sep Average, Austria, AUT
80.2835, 2013, Oct Average, Austria, AUT
136.135, 2013, Nov Average, Austria, AUT
39.5843, 2013, Dec Average, Austria, AUT
83.9033, 2014, Jan Average, Austria, AUT
82.5476, 2014, Feb Average, Austria, AUT
47.409, 2014, Mar Average, Austria, AUT
88.5012, 2014, Apr Average, Austria, AUT
162.062, 2014, May Average, Austria, AUT
108.377, 2014, Jun Average, Austria, AUT
178.133, 2014, Jul Average, Austria, AUT
178.649, 2014, Aug Average, Austria, AUT
158.091, 2014, Sep Average, Austria, AUT
98.6507, 2014, Oct Average, Austria, AUT
71.2827, 2014, Nov Average, Austria, AUT
73.7598, 2014, Dec Average, Austria, AUT
80.7777, 2015, Jan Average, Austria, AUT
32.7421, 2015, Feb Average, Austria, AUT
82.5239, 2015, Mar Average, Austria, AUT
72.3873, 2015, Apr Average, Austria, AUT
167.887, 2015, May Average, Austria, AUT
135.569, 2015, Jun Average, Austria, AUT
114.659, 2015, Jul Average, Austria, AUT
101.78, 2015, Aug Average, Austria, AUT
136.246, 2015, Sep Average, Austria, AUT
144.443, 2015, Oct Average, Austria, AUT
57.7143, 2015, Nov Average, Austria, AUT
20.9795, 2015, Dec Average, Austria, AUT
107.329, 2016, Jan Average, Austria, AUT
132.863, 2016, Feb Average, Austria, AUT
63.57, 2016, Mar Average, Austria, AUT
89.2141, 2016, Apr Average, Austria, AUT
168.699, 2016, May Average, Austria, AUT
172.926, 2016, Jun Average, Austria, AUT
204.112, 2016, Jul Average, Austria, AUT
142.516, 2016, Aug Average, Austria, AUT
99.567, 2016, Sep Average, Austria, AUT
128.696, 2016, Oct Average, Austria, AUT
108.873, 2016, Nov Average, Austria, AUT
19.2008, 2016, Dec Average, Austria, AUT
