21.5681, 1901, Jan Average, Armenia, ARM
19.1169, 1901, Feb Average, Armenia, ARM
33.1647, 1901, Mar Average, Armenia, ARM
44.6081, 1901, Apr Average, Armenia, ARM
121.182, 1901, May Average, Armenia, ARM
85.8012, 1901, Jun Average, Armenia, ARM
20.4549, 1901, Jul Average, Armenia, ARM
21.2045, 1901, Aug Average, Armenia, ARM
52.0515, 1901, Sep Average, Armenia, ARM
96.7426, 1901, Oct Average, Armenia, ARM
43.4114, 1901, Nov Average, Armenia, ARM
22.6556, 1901, Dec Average, Armenia, ARM
16.6165, 1902, Jan Average, Armenia, ARM
24.5227, 1902, Feb Average, Armenia, ARM
37.2335, 1902, Mar Average, Armenia, ARM
50.8072, 1902, Apr Average, Armenia, ARM
83.3514, 1902, May Average, Armenia, ARM
55.7603, 1902, Jun Average, Armenia, ARM
34.1756, 1902, Jul Average, Armenia, ARM
52.4311, 1902, Aug Average, Armenia, ARM
51.0248, 1902, Sep Average, Armenia, ARM
40.4121, 1902, Oct Average, Armenia, ARM
38.497, 1902, Nov Average, Armenia, ARM
14.0543, 1902, Dec Average, Armenia, ARM
31.581, 1903, Jan Average, Armenia, ARM
35.5468, 1903, Feb Average, Armenia, ARM
26.1681, 1903, Mar Average, Armenia, ARM
44.5778, 1903, Apr Average, Armenia, ARM
70.3373, 1903, May Average, Armenia, ARM
80.5012, 1903, Jun Average, Armenia, ARM
67.8219, 1903, Jul Average, Armenia, ARM
36.1012, 1903, Aug Average, Armenia, ARM
20.7059, 1903, Sep Average, Armenia, ARM
19.15, 1903, Oct Average, Armenia, ARM
19.9895, 1903, Nov Average, Armenia, ARM
24.7363, 1903, Dec Average, Armenia, ARM
18.7863, 1904, Jan Average, Armenia, ARM
9.73614, 1904, Feb Average, Armenia, ARM
51.154, 1904, Mar Average, Armenia, ARM
56.2501, 1904, Apr Average, Armenia, ARM
123.43, 1904, May Average, Armenia, ARM
68.9661, 1904, Jun Average, Armenia, ARM
46.0371, 1904, Jul Average, Armenia, ARM
35.4266, 1904, Aug Average, Armenia, ARM
58.349, 1904, Sep Average, Armenia, ARM
54.2673, 1904, Oct Average, Armenia, ARM
53.4982, 1904, Nov Average, Armenia, ARM
44.798, 1904, Dec Average, Armenia, ARM
26.9249, 1905, Jan Average, Armenia, ARM
11.5574, 1905, Feb Average, Armenia, ARM
31.2319, 1905, Mar Average, Armenia, ARM
52.9315, 1905, Apr Average, Armenia, ARM
75.1988, 1905, May Average, Armenia, ARM
79.3984, 1905, Jun Average, Armenia, ARM
50.0617, 1905, Jul Average, Armenia, ARM
63.6492, 1905, Aug Average, Armenia, ARM
21.5283, 1905, Sep Average, Armenia, ARM
39.1938, 1905, Oct Average, Armenia, ARM
18.4191, 1905, Nov Average, Armenia, ARM
39.7739, 1905, Dec Average, Armenia, ARM
20.967, 1906, Jan Average, Armenia, ARM
16.0029, 1906, Feb Average, Armenia, ARM
24.0277, 1906, Mar Average, Armenia, ARM
22.0517, 1906, Apr Average, Armenia, ARM
95.7324, 1906, May Average, Armenia, ARM
58.9818, 1906, Jun Average, Armenia, ARM
95.2356, 1906, Jul Average, Armenia, ARM
40.4296, 1906, Aug Average, Armenia, ARM
27.8501, 1906, Sep Average, Armenia, ARM
26.8997, 1906, Oct Average, Armenia, ARM
37.8809, 1906, Nov Average, Armenia, ARM
47.05, 1906, Dec Average, Armenia, ARM
23.9303, 1907, Jan Average, Armenia, ARM
22.976, 1907, Feb Average, Armenia, ARM
37.222, 1907, Mar Average, Armenia, ARM
38.7062, 1907, Apr Average, Armenia, ARM
45.7831, 1907, May Average, Armenia, ARM
39.4123, 1907, Jun Average, Armenia, ARM
72.3411, 1907, Jul Average, Armenia, ARM
31.5986, 1907, Aug Average, Armenia, ARM
57.3666, 1907, Sep Average, Armenia, ARM
33.595, 1907, Oct Average, Armenia, ARM
58.2908, 1907, Nov Average, Armenia, ARM
16.6057, 1907, Dec Average, Armenia, ARM
32.8557, 1908, Jan Average, Armenia, ARM
12.5901, 1908, Feb Average, Armenia, ARM
49.056, 1908, Mar Average, Armenia, ARM
58.8511, 1908, Apr Average, Armenia, ARM
82.7537, 1908, May Average, Armenia, ARM
70.6507, 1908, Jun Average, Armenia, ARM
28.8403, 1908, Jul Average, Armenia, ARM
12.0228, 1908, Aug Average, Armenia, ARM
27.1693, 1908, Sep Average, Armenia, ARM
30.9082, 1908, Oct Average, Armenia, ARM
63.8217, 1908, Nov Average, Armenia, ARM
29.6347, 1908, Dec Average, Armenia, ARM
18.793, 1909, Jan Average, Armenia, ARM
23.2638, 1909, Feb Average, Armenia, ARM
35.7879, 1909, Mar Average, Armenia, ARM
47.5002, 1909, Apr Average, Armenia, ARM
52.2189, 1909, May Average, Armenia, ARM
98.3678, 1909, Jun Average, Armenia, ARM
25.1629, 1909, Jul Average, Armenia, ARM
74.9711, 1909, Aug Average, Armenia, ARM
57.4826, 1909, Sep Average, Armenia, ARM
62.3293, 1909, Oct Average, Armenia, ARM
23.586, 1909, Nov Average, Armenia, ARM
12.3877, 1909, Dec Average, Armenia, ARM
20.0587, 1910, Jan Average, Armenia, ARM
24.4894, 1910, Feb Average, Armenia, ARM
31.0037, 1910, Mar Average, Armenia, ARM
59.917, 1910, Apr Average, Armenia, ARM
102.54, 1910, May Average, Armenia, ARM
51.8802, 1910, Jun Average, Armenia, ARM
42.9578, 1910, Jul Average, Armenia, ARM
30.0785, 1910, Aug Average, Armenia, ARM
60.4799, 1910, Sep Average, Armenia, ARM
14.1679, 1910, Oct Average, Armenia, ARM
28.1631, 1910, Nov Average, Armenia, ARM
6.8248, 1910, Dec Average, Armenia, ARM
16.8847, 1911, Jan Average, Armenia, ARM
16.5219, 1911, Feb Average, Armenia, ARM
35.3225, 1911, Mar Average, Armenia, ARM
68.9989, 1911, Apr Average, Armenia, ARM
100.628, 1911, May Average, Armenia, ARM
73.4098, 1911, Jun Average, Armenia, ARM
25.301, 1911, Jul Average, Armenia, ARM
35.8513, 1911, Aug Average, Armenia, ARM
40.1802, 1911, Sep Average, Armenia, ARM
21.547, 1911, Oct Average, Armenia, ARM
26.3104, 1911, Nov Average, Armenia, ARM
18.4695, 1911, Dec Average, Armenia, ARM
13.4825, 1912, Jan Average, Armenia, ARM
33.1951, 1912, Feb Average, Armenia, ARM
30.8406, 1912, Mar Average, Armenia, ARM
73.4429, 1912, Apr Average, Armenia, ARM
106.477, 1912, May Average, Armenia, ARM
66.7722, 1912, Jun Average, Armenia, ARM
59.3271, 1912, Jul Average, Armenia, ARM
26.6648, 1912, Aug Average, Armenia, ARM
15.4874, 1912, Sep Average, Armenia, ARM
86.1093, 1912, Oct Average, Armenia, ARM
23.9793, 1912, Nov Average, Armenia, ARM
18.7395, 1912, Dec Average, Armenia, ARM
23.3747, 1913, Jan Average, Armenia, ARM
28.2293, 1913, Feb Average, Armenia, ARM
28.4788, 1913, Mar Average, Armenia, ARM
45.1073, 1913, Apr Average, Armenia, ARM
104.537, 1913, May Average, Armenia, ARM
26.2427, 1913, Jun Average, Armenia, ARM
36.9909, 1913, Jul Average, Armenia, ARM
4.72275, 1913, Aug Average, Armenia, ARM
34.3346, 1913, Sep Average, Armenia, ARM
41.2532, 1913, Oct Average, Armenia, ARM
31.0605, 1913, Nov Average, Armenia, ARM
13.4565, 1913, Dec Average, Armenia, ARM
30.2148, 1914, Jan Average, Armenia, ARM
4.22757, 1914, Feb Average, Armenia, ARM
34.7616, 1914, Mar Average, Armenia, ARM
76.3119, 1914, Apr Average, Armenia, ARM
76.258, 1914, May Average, Armenia, ARM
114.667, 1914, Jun Average, Armenia, ARM
55.31, 1914, Jul Average, Armenia, ARM
29.8327, 1914, Aug Average, Armenia, ARM
37.9482, 1914, Sep Average, Armenia, ARM
52.593, 1914, Oct Average, Armenia, ARM
49.1921, 1914, Nov Average, Armenia, ARM
23.5628, 1914, Dec Average, Armenia, ARM
18.3582, 1915, Jan Average, Armenia, ARM
16.6866, 1915, Feb Average, Armenia, ARM
66.2516, 1915, Mar Average, Armenia, ARM
96.3462, 1915, Apr Average, Armenia, ARM
93.3945, 1915, May Average, Armenia, ARM
147.697, 1915, Jun Average, Armenia, ARM
66.0877, 1915, Jul Average, Armenia, ARM
44.4058, 1915, Aug Average, Armenia, ARM
21.3203, 1915, Sep Average, Armenia, ARM
41.0361, 1915, Oct Average, Armenia, ARM
12.8711, 1915, Nov Average, Armenia, ARM
11.0815, 1915, Dec Average, Armenia, ARM
11.4952, 1916, Jan Average, Armenia, ARM
27.5511, 1916, Feb Average, Armenia, ARM
22.964, 1916, Mar Average, Armenia, ARM
57.5969, 1916, Apr Average, Armenia, ARM
122.68, 1916, May Average, Armenia, ARM
48.9485, 1916, Jun Average, Armenia, ARM
48.7388, 1916, Jul Average, Armenia, ARM
19.7159, 1916, Aug Average, Armenia, ARM
60.692, 1916, Sep Average, Armenia, ARM
9.45123, 1916, Oct Average, Armenia, ARM
23.2684, 1916, Nov Average, Armenia, ARM
21.6366, 1916, Dec Average, Armenia, ARM
13.5158, 1917, Jan Average, Armenia, ARM
26.5596, 1917, Feb Average, Armenia, ARM
24.9993, 1917, Mar Average, Armenia, ARM
50.0382, 1917, Apr Average, Armenia, ARM
87.0447, 1917, May Average, Armenia, ARM
42.648, 1917, Jun Average, Armenia, ARM
9.31752, 1917, Jul Average, Armenia, ARM
59.1392, 1917, Aug Average, Armenia, ARM
23.4585, 1917, Sep Average, Armenia, ARM
24.4521, 1917, Oct Average, Armenia, ARM
26.6649, 1917, Nov Average, Armenia, ARM
11.927, 1917, Dec Average, Armenia, ARM
13.747, 1918, Jan Average, Armenia, ARM
21.8598, 1918, Feb Average, Armenia, ARM
9.12535, 1918, Mar Average, Armenia, ARM
63.8331, 1918, Apr Average, Armenia, ARM
89.9704, 1918, May Average, Armenia, ARM
107.74, 1918, Jun Average, Armenia, ARM
34.1289, 1918, Jul Average, Armenia, ARM
62.0307, 1918, Aug Average, Armenia, ARM
13.4799, 1918, Sep Average, Armenia, ARM
32.559, 1918, Oct Average, Armenia, ARM
30.3938, 1918, Nov Average, Armenia, ARM
27.4269, 1918, Dec Average, Armenia, ARM
12.8543, 1919, Jan Average, Armenia, ARM
34.2056, 1919, Feb Average, Armenia, ARM
58.1394, 1919, Mar Average, Armenia, ARM
81.0879, 1919, Apr Average, Armenia, ARM
100.866, 1919, May Average, Armenia, ARM
107.116, 1919, Jun Average, Armenia, ARM
52.7548, 1919, Jul Average, Armenia, ARM
19.1304, 1919, Aug Average, Armenia, ARM
33.157, 1919, Sep Average, Armenia, ARM
45.5895, 1919, Oct Average, Armenia, ARM
39.5094, 1919, Nov Average, Armenia, ARM
16.5246, 1919, Dec Average, Armenia, ARM
27.0884, 1920, Jan Average, Armenia, ARM
26.7236, 1920, Feb Average, Armenia, ARM
43.2112, 1920, Mar Average, Armenia, ARM
61.9444, 1920, Apr Average, Armenia, ARM
132.886, 1920, May Average, Armenia, ARM
123.841, 1920, Jun Average, Armenia, ARM
71.4332, 1920, Jul Average, Armenia, ARM
59.5715, 1920, Aug Average, Armenia, ARM
104.013, 1920, Sep Average, Armenia, ARM
76.8703, 1920, Oct Average, Armenia, ARM
53.8228, 1920, Nov Average, Armenia, ARM
8.57328, 1920, Dec Average, Armenia, ARM
15.3853, 1921, Jan Average, Armenia, ARM
21.6406, 1921, Feb Average, Armenia, ARM
40.4981, 1921, Mar Average, Armenia, ARM
107.599, 1921, Apr Average, Armenia, ARM
29.7959, 1921, May Average, Armenia, ARM
81.8794, 1921, Jun Average, Armenia, ARM
55.3321, 1921, Jul Average, Armenia, ARM
37.3293, 1921, Aug Average, Armenia, ARM
24.8308, 1921, Sep Average, Armenia, ARM
18.4461, 1921, Oct Average, Armenia, ARM
54.5789, 1921, Nov Average, Armenia, ARM
29.0929, 1921, Dec Average, Armenia, ARM
40.7844, 1922, Jan Average, Armenia, ARM
23.0202, 1922, Feb Average, Armenia, ARM
16.5905, 1922, Mar Average, Armenia, ARM
76.2619, 1922, Apr Average, Armenia, ARM
46.5919, 1922, May Average, Armenia, ARM
108.036, 1922, Jun Average, Armenia, ARM
101.152, 1922, Jul Average, Armenia, ARM
84.5222, 1922, Aug Average, Armenia, ARM
53.8055, 1922, Sep Average, Armenia, ARM
37.685, 1922, Oct Average, Armenia, ARM
37.7955, 1922, Nov Average, Armenia, ARM
13.6253, 1922, Dec Average, Armenia, ARM
19.3991, 1923, Jan Average, Armenia, ARM
19.3553, 1923, Feb Average, Armenia, ARM
37.4507, 1923, Mar Average, Armenia, ARM
77.7061, 1923, Apr Average, Armenia, ARM
61.8169, 1923, May Average, Armenia, ARM
83.4618, 1923, Jun Average, Armenia, ARM
58.4289, 1923, Jul Average, Armenia, ARM
78.3581, 1923, Aug Average, Armenia, ARM
22.8225, 1923, Sep Average, Armenia, ARM
30.2061, 1923, Oct Average, Armenia, ARM
5.41376, 1923, Nov Average, Armenia, ARM
18.2271, 1923, Dec Average, Armenia, ARM
11.5818, 1924, Jan Average, Armenia, ARM
34.0938, 1924, Feb Average, Armenia, ARM
46.8929, 1924, Mar Average, Armenia, ARM
55.5042, 1924, Apr Average, Armenia, ARM
44.6523, 1924, May Average, Armenia, ARM
69.8269, 1924, Jun Average, Armenia, ARM
25.2497, 1924, Jul Average, Armenia, ARM
27.197, 1924, Aug Average, Armenia, ARM
30.2382, 1924, Sep Average, Armenia, ARM
45.3147, 1924, Oct Average, Armenia, ARM
27.7925, 1924, Nov Average, Armenia, ARM
12.2738, 1924, Dec Average, Armenia, ARM
16.2739, 1925, Jan Average, Armenia, ARM
0.6821, 1925, Feb Average, Armenia, ARM
28.6512, 1925, Mar Average, Armenia, ARM
56.6696, 1925, Apr Average, Armenia, ARM
56.4987, 1925, May Average, Armenia, ARM
64.7426, 1925, Jun Average, Armenia, ARM
30.3842, 1925, Jul Average, Armenia, ARM
19.6472, 1925, Aug Average, Armenia, ARM
28.7263, 1925, Sep Average, Armenia, ARM
40.7924, 1925, Oct Average, Armenia, ARM
13.8724, 1925, Nov Average, Armenia, ARM
40.2162, 1925, Dec Average, Armenia, ARM
14.323, 1926, Jan Average, Armenia, ARM
21.752, 1926, Feb Average, Armenia, ARM
39.1927, 1926, Mar Average, Armenia, ARM
63.8491, 1926, Apr Average, Armenia, ARM
104.123, 1926, May Average, Armenia, ARM
81.4873, 1926, Jun Average, Armenia, ARM
88.1706, 1926, Jul Average, Armenia, ARM
17.4769, 1926, Aug Average, Armenia, ARM
32.1775, 1926, Sep Average, Armenia, ARM
13.1867, 1926, Oct Average, Armenia, ARM
10.2141, 1926, Nov Average, Armenia, ARM
16.0086, 1926, Dec Average, Armenia, ARM
16.1972, 1927, Jan Average, Armenia, ARM
32.2711, 1927, Feb Average, Armenia, ARM
20.7936, 1927, Mar Average, Armenia, ARM
74.5138, 1927, Apr Average, Armenia, ARM
90.7426, 1927, May Average, Armenia, ARM
63.4893, 1927, Jun Average, Armenia, ARM
52.2785, 1927, Jul Average, Armenia, ARM
28.6995, 1927, Aug Average, Armenia, ARM
45.2068, 1927, Sep Average, Armenia, ARM
18.8876, 1927, Oct Average, Armenia, ARM
51.2, 1927, Nov Average, Armenia, ARM
33.2541, 1927, Dec Average, Armenia, ARM
7.07691, 1928, Jan Average, Armenia, ARM
59.0348, 1928, Feb Average, Armenia, ARM
37.0113, 1928, Mar Average, Armenia, ARM
42.8962, 1928, Apr Average, Armenia, ARM
77.4472, 1928, May Average, Armenia, ARM
85.7378, 1928, Jun Average, Armenia, ARM
43.8782, 1928, Jul Average, Armenia, ARM
34.7151, 1928, Aug Average, Armenia, ARM
42.5811, 1928, Sep Average, Armenia, ARM
34.125, 1928, Oct Average, Armenia, ARM
38.7298, 1928, Nov Average, Armenia, ARM
30.0554, 1928, Dec Average, Armenia, ARM
25.7263, 1929, Jan Average, Armenia, ARM
36.689, 1929, Feb Average, Armenia, ARM
39.8788, 1929, Mar Average, Armenia, ARM
58.7061, 1929, Apr Average, Armenia, ARM
103.227, 1929, May Average, Armenia, ARM
61.9972, 1929, Jun Average, Armenia, ARM
31.4193, 1929, Jul Average, Armenia, ARM
27.0928, 1929, Aug Average, Armenia, ARM
54.2957, 1929, Sep Average, Armenia, ARM
26.0318, 1929, Oct Average, Armenia, ARM
9.56221, 1929, Nov Average, Armenia, ARM
18.6442, 1929, Dec Average, Armenia, ARM
7.28024, 1930, Jan Average, Armenia, ARM
42.397, 1930, Feb Average, Armenia, ARM
23.2822, 1930, Mar Average, Armenia, ARM
70.6534, 1930, Apr Average, Armenia, ARM
56.5459, 1930, May Average, Armenia, ARM
93.2522, 1930, Jun Average, Armenia, ARM
36.1449, 1930, Jul Average, Armenia, ARM
26.9455, 1930, Aug Average, Armenia, ARM
17.4121, 1930, Sep Average, Armenia, ARM
65.1013, 1930, Oct Average, Armenia, ARM
33.5028, 1930, Nov Average, Armenia, ARM
29.6673, 1930, Dec Average, Armenia, ARM
30.9067, 1931, Jan Average, Armenia, ARM
15.1785, 1931, Feb Average, Armenia, ARM
37.4695, 1931, Mar Average, Armenia, ARM
70.1185, 1931, Apr Average, Armenia, ARM
123.021, 1931, May Average, Armenia, ARM
64.3567, 1931, Jun Average, Armenia, ARM
100.548, 1931, Jul Average, Armenia, ARM
65.9334, 1931, Aug Average, Armenia, ARM
21.89, 1931, Sep Average, Armenia, ARM
19.5821, 1931, Oct Average, Armenia, ARM
50.4467, 1931, Nov Average, Armenia, ARM
42.3041, 1931, Dec Average, Armenia, ARM
25.4753, 1932, Jan Average, Armenia, ARM
44.8017, 1932, Feb Average, Armenia, ARM
38.6894, 1932, Mar Average, Armenia, ARM
52.1546, 1932, Apr Average, Armenia, ARM
74.8301, 1932, May Average, Armenia, ARM
37.1923, 1932, Jun Average, Armenia, ARM
31.7302, 1932, Jul Average, Armenia, ARM
22.4266, 1932, Aug Average, Armenia, ARM
91.0753, 1932, Sep Average, Armenia, ARM
5.12571, 1932, Oct Average, Armenia, ARM
57.9461, 1932, Nov Average, Armenia, ARM
10.3803, 1932, Dec Average, Armenia, ARM
32.9894, 1933, Jan Average, Armenia, ARM
18.61, 1933, Feb Average, Armenia, ARM
43.1043, 1933, Mar Average, Armenia, ARM
39.0031, 1933, Apr Average, Armenia, ARM
64.2411, 1933, May Average, Armenia, ARM
85.4095, 1933, Jun Average, Armenia, ARM
44.6001, 1933, Jul Average, Armenia, ARM
4.60806, 1933, Aug Average, Armenia, ARM
42.6643, 1933, Sep Average, Armenia, ARM
41.0029, 1933, Oct Average, Armenia, ARM
40.6249, 1933, Nov Average, Armenia, ARM
35.0444, 1933, Dec Average, Armenia, ARM
22.9737, 1934, Jan Average, Armenia, ARM
15.7417, 1934, Feb Average, Armenia, ARM
21.9274, 1934, Mar Average, Armenia, ARM
66.0738, 1934, Apr Average, Armenia, ARM
66.9152, 1934, May Average, Armenia, ARM
45.5899, 1934, Jun Average, Armenia, ARM
67.1259, 1934, Jul Average, Armenia, ARM
42.2511, 1934, Aug Average, Armenia, ARM
30.3909, 1934, Sep Average, Armenia, ARM
36.6684, 1934, Oct Average, Armenia, ARM
25.5431, 1934, Nov Average, Armenia, ARM
11.3788, 1934, Dec Average, Armenia, ARM
36.8177, 1935, Jan Average, Armenia, ARM
27.5871, 1935, Feb Average, Armenia, ARM
47.5683, 1935, Mar Average, Armenia, ARM
38.4179, 1935, Apr Average, Armenia, ARM
51.2935, 1935, May Average, Armenia, ARM
86.1333, 1935, Jun Average, Armenia, ARM
32.7859, 1935, Jul Average, Armenia, ARM
35.5989, 1935, Aug Average, Armenia, ARM
18.4202, 1935, Sep Average, Armenia, ARM
38.3509, 1935, Oct Average, Armenia, ARM
54.8247, 1935, Nov Average, Armenia, ARM
13.723, 1935, Dec Average, Armenia, ARM
10.8908, 1936, Jan Average, Armenia, ARM
26.5777, 1936, Feb Average, Armenia, ARM
42.243, 1936, Mar Average, Armenia, ARM
69.3701, 1936, Apr Average, Armenia, ARM
147.188, 1936, May Average, Armenia, ARM
109.049, 1936, Jun Average, Armenia, ARM
105.471, 1936, Jul Average, Armenia, ARM
11.0655, 1936, Aug Average, Armenia, ARM
53.3515, 1936, Sep Average, Armenia, ARM
78.6334, 1936, Oct Average, Armenia, ARM
49.3458, 1936, Nov Average, Armenia, ARM
15.8947, 1936, Dec Average, Armenia, ARM
39.415, 1937, Jan Average, Armenia, ARM
10.1279, 1937, Feb Average, Armenia, ARM
22.8583, 1937, Mar Average, Armenia, ARM
71.3547, 1937, Apr Average, Armenia, ARM
145.626, 1937, May Average, Armenia, ARM
95.3109, 1937, Jun Average, Armenia, ARM
27.6485, 1937, Jul Average, Armenia, ARM
71.7617, 1937, Aug Average, Armenia, ARM
10.6673, 1937, Sep Average, Armenia, ARM
34.9876, 1937, Oct Average, Armenia, ARM
19.301, 1937, Nov Average, Armenia, ARM
15.8995, 1937, Dec Average, Armenia, ARM
23.94, 1938, Jan Average, Armenia, ARM
42.1224, 1938, Feb Average, Armenia, ARM
22.0863, 1938, Mar Average, Armenia, ARM
61.9782, 1938, Apr Average, Armenia, ARM
93.4174, 1938, May Average, Armenia, ARM
34.7508, 1938, Jun Average, Armenia, ARM
44.0668, 1938, Jul Average, Armenia, ARM
40.626, 1938, Aug Average, Armenia, ARM
71.6945, 1938, Sep Average, Armenia, ARM
15.2568, 1938, Oct Average, Armenia, ARM
16.1848, 1938, Nov Average, Armenia, ARM
27.9815, 1938, Dec Average, Armenia, ARM
9.51787, 1939, Jan Average, Armenia, ARM
16.7137, 1939, Feb Average, Armenia, ARM
43.857, 1939, Mar Average, Armenia, ARM
44.2972, 1939, Apr Average, Armenia, ARM
57.2085, 1939, May Average, Armenia, ARM
91.334, 1939, Jun Average, Armenia, ARM
90.6131, 1939, Jul Average, Armenia, ARM
73.6318, 1939, Aug Average, Armenia, ARM
19.7438, 1939, Sep Average, Armenia, ARM
67.8673, 1939, Oct Average, Armenia, ARM
65.0196, 1939, Nov Average, Armenia, ARM
22.1466, 1939, Dec Average, Armenia, ARM
40.2289, 1940, Jan Average, Armenia, ARM
32.3493, 1940, Feb Average, Armenia, ARM
33.0093, 1940, Mar Average, Armenia, ARM
59.8318, 1940, Apr Average, Armenia, ARM
93.01, 1940, May Average, Armenia, ARM
97.8463, 1940, Jun Average, Armenia, ARM
58.1505, 1940, Jul Average, Armenia, ARM
4.38506, 1940, Aug Average, Armenia, ARM
37.372, 1940, Sep Average, Armenia, ARM
73.8957, 1940, Oct Average, Armenia, ARM
9.43755, 1940, Nov Average, Armenia, ARM
35.593, 1940, Dec Average, Armenia, ARM
33.4479, 1941, Jan Average, Armenia, ARM
25.5207, 1941, Feb Average, Armenia, ARM
42.634, 1941, Mar Average, Armenia, ARM
78.887, 1941, Apr Average, Armenia, ARM
47.3851, 1941, May Average, Armenia, ARM
32.0856, 1941, Jun Average, Armenia, ARM
27.974, 1941, Jul Average, Armenia, ARM
29.3344, 1941, Aug Average, Armenia, ARM
28.9709, 1941, Sep Average, Armenia, ARM
28.996, 1941, Oct Average, Armenia, ARM
59.6561, 1941, Nov Average, Armenia, ARM
17.5686, 1941, Dec Average, Armenia, ARM
48.4106, 1942, Jan Average, Armenia, ARM
21.5312, 1942, Feb Average, Armenia, ARM
67.7299, 1942, Mar Average, Armenia, ARM
45.6244, 1942, Apr Average, Armenia, ARM
116.287, 1942, May Average, Armenia, ARM
38.8701, 1942, Jun Average, Armenia, ARM
33.5551, 1942, Jul Average, Armenia, ARM
9.16696, 1942, Aug Average, Armenia, ARM
33.7006, 1942, Sep Average, Armenia, ARM
69.3973, 1942, Oct Average, Armenia, ARM
67.5494, 1942, Nov Average, Armenia, ARM
26.0096, 1942, Dec Average, Armenia, ARM
16.9354, 1943, Jan Average, Armenia, ARM
26.5261, 1943, Feb Average, Armenia, ARM
43.6468, 1943, Mar Average, Armenia, ARM
21.8319, 1943, Apr Average, Armenia, ARM
78.0519, 1943, May Average, Armenia, ARM
54.8014, 1943, Jun Average, Armenia, ARM
48.36, 1943, Jul Average, Armenia, ARM
48.3459, 1943, Aug Average, Armenia, ARM
30.4889, 1943, Sep Average, Armenia, ARM
57.886, 1943, Oct Average, Armenia, ARM
33.4481, 1943, Nov Average, Armenia, ARM
33.1445, 1943, Dec Average, Armenia, ARM
29.8423, 1944, Jan Average, Armenia, ARM
14.5231, 1944, Feb Average, Armenia, ARM
32.3888, 1944, Mar Average, Armenia, ARM
61.0257, 1944, Apr Average, Armenia, ARM
100.889, 1944, May Average, Armenia, ARM
73.7564, 1944, Jun Average, Armenia, ARM
41.2526, 1944, Jul Average, Armenia, ARM
41.8397, 1944, Aug Average, Armenia, ARM
29.067, 1944, Sep Average, Armenia, ARM
42.423, 1944, Oct Average, Armenia, ARM
33.1842, 1944, Nov Average, Armenia, ARM
11.3818, 1944, Dec Average, Armenia, ARM
28.9209, 1945, Jan Average, Armenia, ARM
29.5134, 1945, Feb Average, Armenia, ARM
22.514, 1945, Mar Average, Armenia, ARM
44.3148, 1945, Apr Average, Armenia, ARM
79.8115, 1945, May Average, Armenia, ARM
75.1857, 1945, Jun Average, Armenia, ARM
34.5413, 1945, Jul Average, Armenia, ARM
42.8458, 1945, Aug Average, Armenia, ARM
25.9731, 1945, Sep Average, Armenia, ARM
26.8726, 1945, Oct Average, Armenia, ARM
37.4082, 1945, Nov Average, Armenia, ARM
19.3067, 1945, Dec Average, Armenia, ARM
28.7136, 1946, Jan Average, Armenia, ARM
26.2428, 1946, Feb Average, Armenia, ARM
53.3446, 1946, Mar Average, Armenia, ARM
52.68, 1946, Apr Average, Armenia, ARM
111.786, 1946, May Average, Armenia, ARM
92.8568, 1946, Jun Average, Armenia, ARM
55.9062, 1946, Jul Average, Armenia, ARM
26.6471, 1946, Aug Average, Armenia, ARM
31.6666, 1946, Sep Average, Armenia, ARM
102.499, 1946, Oct Average, Armenia, ARM
11.1484, 1946, Nov Average, Armenia, ARM
30.5333, 1946, Dec Average, Armenia, ARM
35.3385, 1947, Jan Average, Armenia, ARM
15.8619, 1947, Feb Average, Armenia, ARM
34.0467, 1947, Mar Average, Armenia, ARM
77.751, 1947, Apr Average, Armenia, ARM
97.6079, 1947, May Average, Armenia, ARM
68.5368, 1947, Jun Average, Armenia, ARM
49.1897, 1947, Jul Average, Armenia, ARM
39.2754, 1947, Aug Average, Armenia, ARM
59.821, 1947, Sep Average, Armenia, ARM
33.9373, 1947, Oct Average, Armenia, ARM
53.5711, 1947, Nov Average, Armenia, ARM
13.5082, 1947, Dec Average, Armenia, ARM
13.0767, 1948, Jan Average, Armenia, ARM
30.2052, 1948, Feb Average, Armenia, ARM
54.3584, 1948, Mar Average, Armenia, ARM
59.1483, 1948, Apr Average, Armenia, ARM
65.2868, 1948, May Average, Armenia, ARM
85.758, 1948, Jun Average, Armenia, ARM
17.0279, 1948, Jul Average, Armenia, ARM
26.1285, 1948, Aug Average, Armenia, ARM
47.5053, 1948, Sep Average, Armenia, ARM
46.8715, 1948, Oct Average, Armenia, ARM
36.5878, 1948, Nov Average, Armenia, ARM
19.1064, 1948, Dec Average, Armenia, ARM
19.548, 1949, Jan Average, Armenia, ARM
30.1028, 1949, Feb Average, Armenia, ARM
43.4735, 1949, Mar Average, Armenia, ARM
43.2353, 1949, Apr Average, Armenia, ARM
71.3839, 1949, May Average, Armenia, ARM
39.9968, 1949, Jun Average, Armenia, ARM
9.00669, 1949, Jul Average, Armenia, ARM
72.0805, 1949, Aug Average, Armenia, ARM
39.1215, 1949, Sep Average, Armenia, ARM
33.2205, 1949, Oct Average, Armenia, ARM
11.8734, 1949, Nov Average, Armenia, ARM
24.4257, 1949, Dec Average, Armenia, ARM
36.1293, 1950, Jan Average, Armenia, ARM
26.5082, 1950, Feb Average, Armenia, ARM
41.4863, 1950, Mar Average, Armenia, ARM
17.1775, 1950, Apr Average, Armenia, ARM
104.804, 1950, May Average, Armenia, ARM
88.5747, 1950, Jun Average, Armenia, ARM
26.8773, 1950, Jul Average, Armenia, ARM
27.0832, 1950, Aug Average, Armenia, ARM
11.5032, 1950, Sep Average, Armenia, ARM
76.0173, 1950, Oct Average, Armenia, ARM
29.5615, 1950, Nov Average, Armenia, ARM
11.1895, 1950, Dec Average, Armenia, ARM
33.2005, 1951, Jan Average, Armenia, ARM
17.6565, 1951, Feb Average, Armenia, ARM
9.11916, 1951, Mar Average, Armenia, ARM
67.8387, 1951, Apr Average, Armenia, ARM
76.3453, 1951, May Average, Armenia, ARM
96.1136, 1951, Jun Average, Armenia, ARM
39.9117, 1951, Jul Average, Armenia, ARM
24.1961, 1951, Aug Average, Armenia, ARM
83.0353, 1951, Sep Average, Armenia, ARM
118.589, 1951, Oct Average, Armenia, ARM
23.4938, 1951, Nov Average, Armenia, ARM
32.0223, 1951, Dec Average, Armenia, ARM
9.55461, 1952, Jan Average, Armenia, ARM
38.7468, 1952, Feb Average, Armenia, ARM
33.3575, 1952, Mar Average, Armenia, ARM
55.4026, 1952, Apr Average, Armenia, ARM
70.8169, 1952, May Average, Armenia, ARM
98.8647, 1952, Jun Average, Armenia, ARM
10.7708, 1952, Jul Average, Armenia, ARM
24.5856, 1952, Aug Average, Armenia, ARM
14.0557, 1952, Sep Average, Armenia, ARM
15.038, 1952, Oct Average, Armenia, ARM
16.0877, 1952, Nov Average, Armenia, ARM
17.8474, 1952, Dec Average, Armenia, ARM
24.4153, 1953, Jan Average, Armenia, ARM
30.8178, 1953, Feb Average, Armenia, ARM
54.4251, 1953, Mar Average, Armenia, ARM
55.5244, 1953, Apr Average, Armenia, ARM
68.7918, 1953, May Average, Armenia, ARM
79.8247, 1953, Jun Average, Armenia, ARM
64.4455, 1953, Jul Average, Armenia, ARM
20.4011, 1953, Aug Average, Armenia, ARM
11.9811, 1953, Sep Average, Armenia, ARM
27.1594, 1953, Oct Average, Armenia, ARM
74.1015, 1953, Nov Average, Armenia, ARM
20.3693, 1953, Dec Average, Armenia, ARM
31.4583, 1954, Jan Average, Armenia, ARM
32.4935, 1954, Feb Average, Armenia, ARM
50.1798, 1954, Mar Average, Armenia, ARM
60.4749, 1954, Apr Average, Armenia, ARM
74.5999, 1954, May Average, Armenia, ARM
71.1765, 1954, Jun Average, Armenia, ARM
50.7512, 1954, Jul Average, Armenia, ARM
31.1348, 1954, Aug Average, Armenia, ARM
32.2899, 1954, Sep Average, Armenia, ARM
10.5252, 1954, Oct Average, Armenia, ARM
30.6363, 1954, Nov Average, Armenia, ARM
16.9938, 1954, Dec Average, Armenia, ARM
13.2535, 1955, Jan Average, Armenia, ARM
15.6843, 1955, Feb Average, Armenia, ARM
63.7877, 1955, Mar Average, Armenia, ARM
60.2114, 1955, Apr Average, Armenia, ARM
105.817, 1955, May Average, Armenia, ARM
61.8262, 1955, Jun Average, Armenia, ARM
68.2198, 1955, Jul Average, Armenia, ARM
41.9595, 1955, Aug Average, Armenia, ARM
54.5605, 1955, Sep Average, Armenia, ARM
21.1691, 1955, Oct Average, Armenia, ARM
64.3642, 1955, Nov Average, Armenia, ARM
23.5063, 1955, Dec Average, Armenia, ARM
15.7081, 1956, Jan Average, Armenia, ARM
49.6, 1956, Feb Average, Armenia, ARM
59.2319, 1956, Mar Average, Armenia, ARM
63.1314, 1956, Apr Average, Armenia, ARM
97.2488, 1956, May Average, Armenia, ARM
44.7571, 1956, Jun Average, Armenia, ARM
27.5182, 1956, Jul Average, Armenia, ARM
30.0324, 1956, Aug Average, Armenia, ARM
71.7235, 1956, Sep Average, Armenia, ARM
31.0542, 1956, Oct Average, Armenia, ARM
29.2266, 1956, Nov Average, Armenia, ARM
38.9564, 1956, Dec Average, Armenia, ARM
35.1577, 1957, Jan Average, Armenia, ARM
18.9585, 1957, Feb Average, Armenia, ARM
45.2777, 1957, Mar Average, Armenia, ARM
24.3622, 1957, Apr Average, Armenia, ARM
74.953, 1957, May Average, Armenia, ARM
88.6882, 1957, Jun Average, Armenia, ARM
54.4622, 1957, Jul Average, Armenia, ARM
35.6999, 1957, Aug Average, Armenia, ARM
26.9451, 1957, Sep Average, Armenia, ARM
20.8084, 1957, Oct Average, Armenia, ARM
32.1352, 1957, Nov Average, Armenia, ARM
20.576, 1957, Dec Average, Armenia, ARM
20.0856, 1958, Jan Average, Armenia, ARM
9.71878, 1958, Feb Average, Armenia, ARM
42.7216, 1958, Mar Average, Armenia, ARM
61.1462, 1958, Apr Average, Armenia, ARM
72.2077, 1958, May Average, Armenia, ARM
76.9808, 1958, Jun Average, Armenia, ARM
67.6089, 1958, Jul Average, Armenia, ARM
32.286, 1958, Aug Average, Armenia, ARM
44.2064, 1958, Sep Average, Armenia, ARM
32.3264, 1958, Oct Average, Armenia, ARM
20.7379, 1958, Nov Average, Armenia, ARM
31.4129, 1958, Dec Average, Armenia, ARM
17.0058, 1959, Jan Average, Armenia, ARM
22.0925, 1959, Feb Average, Armenia, ARM
48.6253, 1959, Mar Average, Armenia, ARM
30.642, 1959, Apr Average, Armenia, ARM
126.129, 1959, May Average, Armenia, ARM
96.1828, 1959, Jun Average, Armenia, ARM
45.5184, 1959, Jul Average, Armenia, ARM
70.8659, 1959, Aug Average, Armenia, ARM
31.9773, 1959, Sep Average, Armenia, ARM
57.4411, 1959, Oct Average, Armenia, ARM
49.3481, 1959, Nov Average, Armenia, ARM
16.0391, 1959, Dec Average, Armenia, ARM
24.0992, 1960, Jan Average, Armenia, ARM
35.9455, 1960, Feb Average, Armenia, ARM
42.2589, 1960, Mar Average, Armenia, ARM
73.6251, 1960, Apr Average, Armenia, ARM
36.7684, 1960, May Average, Armenia, ARM
87.3594, 1960, Jun Average, Armenia, ARM
77.7979, 1960, Jul Average, Armenia, ARM
34.3369, 1960, Aug Average, Armenia, ARM
11.5407, 1960, Sep Average, Armenia, ARM
27.1894, 1960, Oct Average, Armenia, ARM
30.0043, 1960, Nov Average, Armenia, ARM
7.00851, 1960, Dec Average, Armenia, ARM
22.7229, 1961, Jan Average, Armenia, ARM
18.0397, 1961, Feb Average, Armenia, ARM
21.659, 1961, Mar Average, Armenia, ARM
42.3464, 1961, Apr Average, Armenia, ARM
54.0557, 1961, May Average, Armenia, ARM
53.5658, 1961, Jun Average, Armenia, ARM
28.4852, 1961, Jul Average, Armenia, ARM
15.004, 1961, Aug Average, Armenia, ARM
12.0601, 1961, Sep Average, Armenia, ARM
29.1351, 1961, Oct Average, Armenia, ARM
28.1478, 1961, Nov Average, Armenia, ARM
13.3838, 1961, Dec Average, Armenia, ARM
13.5288, 1962, Jan Average, Armenia, ARM
23.9212, 1962, Feb Average, Armenia, ARM
28.6248, 1962, Mar Average, Armenia, ARM
95.856, 1962, Apr Average, Armenia, ARM
46.0794, 1962, May Average, Armenia, ARM
62.3439, 1962, Jun Average, Armenia, ARM
50.5933, 1962, Jul Average, Armenia, ARM
35.523, 1962, Aug Average, Armenia, ARM
28.472, 1962, Sep Average, Armenia, ARM
39.5605, 1962, Oct Average, Armenia, ARM
29.2159, 1962, Nov Average, Armenia, ARM
29.6999, 1962, Dec Average, Armenia, ARM
25.1659, 1963, Jan Average, Armenia, ARM
30.3336, 1963, Feb Average, Armenia, ARM
45.2688, 1963, Mar Average, Armenia, ARM
116.515, 1963, Apr Average, Armenia, ARM
129.051, 1963, May Average, Armenia, ARM
96.8852, 1963, Jun Average, Armenia, ARM
102.219, 1963, Jul Average, Armenia, ARM
71.2192, 1963, Aug Average, Armenia, ARM
45.997, 1963, Sep Average, Armenia, ARM
50.3719, 1963, Oct Average, Armenia, ARM
32.8486, 1963, Nov Average, Armenia, ARM
31.3136, 1963, Dec Average, Armenia, ARM
17.2218, 1964, Jan Average, Armenia, ARM
28.8497, 1964, Feb Average, Armenia, ARM
52.149, 1964, Mar Average, Armenia, ARM
48.4174, 1964, Apr Average, Armenia, ARM
63.7809, 1964, May Average, Armenia, ARM
93.6521, 1964, Jun Average, Armenia, ARM
43.4287, 1964, Jul Average, Armenia, ARM
34.0277, 1964, Aug Average, Armenia, ARM
12.5957, 1964, Sep Average, Armenia, ARM
18.2473, 1964, Oct Average, Armenia, ARM
23.9021, 1964, Nov Average, Armenia, ARM
13.4362, 1964, Dec Average, Armenia, ARM
23.7036, 1965, Jan Average, Armenia, ARM
19.4426, 1965, Feb Average, Armenia, ARM
36.0689, 1965, Mar Average, Armenia, ARM
52.2865, 1965, Apr Average, Armenia, ARM
67.5225, 1965, May Average, Armenia, ARM
97.2723, 1965, Jun Average, Armenia, ARM
75.8175, 1965, Jul Average, Armenia, ARM
27.9702, 1965, Aug Average, Armenia, ARM
31.7994, 1965, Sep Average, Armenia, ARM
92.9238, 1965, Oct Average, Armenia, ARM
18.2227, 1965, Nov Average, Armenia, ARM
16.1644, 1965, Dec Average, Armenia, ARM
21.769, 1966, Jan Average, Armenia, ARM
21.2327, 1966, Feb Average, Armenia, ARM
28.8968, 1966, Mar Average, Armenia, ARM
79.6385, 1966, Apr Average, Armenia, ARM
121.709, 1966, May Average, Armenia, ARM
48.1061, 1966, Jun Average, Armenia, ARM
28.695, 1966, Jul Average, Armenia, ARM
25.6549, 1966, Aug Average, Armenia, ARM
85.1936, 1966, Sep Average, Armenia, ARM
27.4527, 1966, Oct Average, Armenia, ARM
8.93187, 1966, Nov Average, Armenia, ARM
23.2852, 1966, Dec Average, Armenia, ARM
27.7305, 1967, Jan Average, Armenia, ARM
32.1768, 1967, Feb Average, Armenia, ARM
40.4787, 1967, Mar Average, Armenia, ARM
58.9453, 1967, Apr Average, Armenia, ARM
82.2764, 1967, May Average, Armenia, ARM
57.0294, 1967, Jun Average, Armenia, ARM
56.0122, 1967, Jul Average, Armenia, ARM
41.0654, 1967, Aug Average, Armenia, ARM
68.8567, 1967, Sep Average, Armenia, ARM
27.5512, 1967, Oct Average, Armenia, ARM
55.2741, 1967, Nov Average, Armenia, ARM
35.1517, 1967, Dec Average, Armenia, ARM
33.7845, 1968, Jan Average, Armenia, ARM
27.7768, 1968, Feb Average, Armenia, ARM
31.4091, 1968, Mar Average, Armenia, ARM
66.3703, 1968, Apr Average, Armenia, ARM
68.309, 1968, May Average, Armenia, ARM
107.084, 1968, Jun Average, Armenia, ARM
19.0231, 1968, Jul Average, Armenia, ARM
48.0683, 1968, Aug Average, Armenia, ARM
32.365, 1968, Sep Average, Armenia, ARM
37.1957, 1968, Oct Average, Armenia, ARM
17.6016, 1968, Nov Average, Armenia, ARM
33.4165, 1968, Dec Average, Armenia, ARM
40.5396, 1969, Jan Average, Armenia, ARM
27.8772, 1969, Feb Average, Armenia, ARM
67.3831, 1969, Mar Average, Armenia, ARM
64.574, 1969, Apr Average, Armenia, ARM
70.0131, 1969, May Average, Armenia, ARM
49.5383, 1969, Jun Average, Armenia, ARM
26.3906, 1969, Jul Average, Armenia, ARM
13.299, 1969, Aug Average, Armenia, ARM
45.115, 1969, Sep Average, Armenia, ARM
55.7722, 1969, Oct Average, Armenia, ARM
24.061, 1969, Nov Average, Armenia, ARM
42.4542, 1969, Dec Average, Armenia, ARM
18.2535, 1970, Jan Average, Armenia, ARM
21.794, 1970, Feb Average, Armenia, ARM
31.5456, 1970, Mar Average, Armenia, ARM
34.1099, 1970, Apr Average, Armenia, ARM
53.6347, 1970, May Average, Armenia, ARM
35.6461, 1970, Jun Average, Armenia, ARM
39.6317, 1970, Jul Average, Armenia, ARM
72.9256, 1970, Aug Average, Armenia, ARM
6.76446, 1970, Sep Average, Armenia, ARM
29.1473, 1970, Oct Average, Armenia, ARM
20.7948, 1970, Nov Average, Armenia, ARM
32.2498, 1970, Dec Average, Armenia, ARM
7.65119, 1971, Jan Average, Armenia, ARM
20.2944, 1971, Feb Average, Armenia, ARM
31.2047, 1971, Mar Average, Armenia, ARM
50.54, 1971, Apr Average, Armenia, ARM
98.6406, 1971, May Average, Armenia, ARM
55.3388, 1971, Jun Average, Armenia, ARM
12.4206, 1971, Jul Average, Armenia, ARM
43.8559, 1971, Aug Average, Armenia, ARM
14.4265, 1971, Sep Average, Armenia, ARM
45.9686, 1971, Oct Average, Armenia, ARM
22.2672, 1971, Nov Average, Armenia, ARM
34.366, 1971, Dec Average, Armenia, ARM
25.7052, 1972, Jan Average, Armenia, ARM
23.4955, 1972, Feb Average, Armenia, ARM
35.7213, 1972, Mar Average, Armenia, ARM
39.4511, 1972, Apr Average, Armenia, ARM
144.05, 1972, May Average, Armenia, ARM
84.2373, 1972, Jun Average, Armenia, ARM
60.4468, 1972, Jul Average, Armenia, ARM
34.8587, 1972, Aug Average, Armenia, ARM
59.4009, 1972, Sep Average, Armenia, ARM
38.2637, 1972, Oct Average, Armenia, ARM
33.9314, 1972, Nov Average, Armenia, ARM
13.7951, 1972, Dec Average, Armenia, ARM
31.963, 1973, Jan Average, Armenia, ARM
21.9656, 1973, Feb Average, Armenia, ARM
56.4805, 1973, Mar Average, Armenia, ARM
54.5165, 1973, Apr Average, Armenia, ARM
54.9854, 1973, May Average, Armenia, ARM
74.3799, 1973, Jun Average, Armenia, ARM
57.8305, 1973, Jul Average, Armenia, ARM
9.35296, 1973, Aug Average, Armenia, ARM
8.0234, 1973, Sep Average, Armenia, ARM
23.3185, 1973, Oct Average, Armenia, ARM
61.5625, 1973, Nov Average, Armenia, ARM
19.7172, 1973, Dec Average, Armenia, ARM
20.4256, 1974, Jan Average, Armenia, ARM
14.0894, 1974, Feb Average, Armenia, ARM
54.3219, 1974, Mar Average, Armenia, ARM
67.1657, 1974, Apr Average, Armenia, ARM
56.8227, 1974, May Average, Armenia, ARM
66.0349, 1974, Jun Average, Armenia, ARM
62.6617, 1974, Jul Average, Armenia, ARM
79.8984, 1974, Aug Average, Armenia, ARM
72.4324, 1974, Sep Average, Armenia, ARM
4.12079, 1974, Oct Average, Armenia, ARM
30.2939, 1974, Nov Average, Armenia, ARM
12.9164, 1974, Dec Average, Armenia, ARM
14.0103, 1975, Jan Average, Armenia, ARM
53.6977, 1975, Feb Average, Armenia, ARM
25.8628, 1975, Mar Average, Armenia, ARM
52.8341, 1975, Apr Average, Armenia, ARM
118.238, 1975, May Average, Armenia, ARM
60.5213, 1975, Jun Average, Armenia, ARM
28.9652, 1975, Jul Average, Armenia, ARM
20.6869, 1975, Aug Average, Armenia, ARM
52.7533, 1975, Sep Average, Armenia, ARM
55.5131, 1975, Oct Average, Armenia, ARM
24.4656, 1975, Nov Average, Armenia, ARM
20.9913, 1975, Dec Average, Armenia, ARM
18.5365, 1976, Jan Average, Armenia, ARM
44.3946, 1976, Feb Average, Armenia, ARM
18.0198, 1976, Mar Average, Armenia, ARM
69.923, 1976, Apr Average, Armenia, ARM
132.572, 1976, May Average, Armenia, ARM
79.6904, 1976, Jun Average, Armenia, ARM
57.172, 1976, Jul Average, Armenia, ARM
7.27532, 1976, Aug Average, Armenia, ARM
40.4056, 1976, Sep Average, Armenia, ARM
40.807, 1976, Oct Average, Armenia, ARM
7.24919, 1976, Nov Average, Armenia, ARM
22.2553, 1976, Dec Average, Armenia, ARM
21.5069, 1977, Jan Average, Armenia, ARM
18.2711, 1977, Feb Average, Armenia, ARM
64.8099, 1977, Mar Average, Armenia, ARM
50.0242, 1977, Apr Average, Armenia, ARM
74.3656, 1977, May Average, Armenia, ARM
87.3269, 1977, Jun Average, Armenia, ARM
46.2903, 1977, Jul Average, Armenia, ARM
35.5186, 1977, Aug Average, Armenia, ARM
41.446, 1977, Sep Average, Armenia, ARM
42.4191, 1977, Oct Average, Armenia, ARM
15.9704, 1977, Nov Average, Armenia, ARM
22.7046, 1977, Dec Average, Armenia, ARM
40.0295, 1978, Jan Average, Armenia, ARM
29.8418, 1978, Feb Average, Armenia, ARM
55.2533, 1978, Mar Average, Armenia, ARM
87.8959, 1978, Apr Average, Armenia, ARM
100.388, 1978, May Average, Armenia, ARM
102.84, 1978, Jun Average, Armenia, ARM
5.53311, 1978, Jul Average, Armenia, ARM
23.3007, 1978, Aug Average, Armenia, ARM
13.0618, 1978, Sep Average, Armenia, ARM
29.0573, 1978, Oct Average, Armenia, ARM
25.4291, 1978, Nov Average, Armenia, ARM
32.3063, 1978, Dec Average, Armenia, ARM
12.1835, 1979, Jan Average, Armenia, ARM
29.3904, 1979, Feb Average, Armenia, ARM
34.2696, 1979, Mar Average, Armenia, ARM
58.4041, 1979, Apr Average, Armenia, ARM
67.6311, 1979, May Average, Armenia, ARM
90.6376, 1979, Jun Average, Armenia, ARM
35.6857, 1979, Jul Average, Armenia, ARM
10.7812, 1979, Aug Average, Armenia, ARM
6.40796, 1979, Sep Average, Armenia, ARM
72.3604, 1979, Oct Average, Armenia, ARM
37.3595, 1979, Nov Average, Armenia, ARM
21.1684, 1979, Dec Average, Armenia, ARM
25.6057, 1980, Jan Average, Armenia, ARM
17.8848, 1980, Feb Average, Armenia, ARM
38.0496, 1980, Mar Average, Armenia, ARM
80.3579, 1980, Apr Average, Armenia, ARM
58.2946, 1980, May Average, Armenia, ARM
36.4871, 1980, Jun Average, Armenia, ARM
36.584, 1980, Jul Average, Armenia, ARM
34.0491, 1980, Aug Average, Armenia, ARM
26.0919, 1980, Sep Average, Armenia, ARM
29.0387, 1980, Oct Average, Armenia, ARM
31.9573, 1980, Nov Average, Armenia, ARM
9.07241, 1980, Dec Average, Armenia, ARM
10.5737, 1981, Jan Average, Armenia, ARM
28.5206, 1981, Feb Average, Armenia, ARM
47.1371, 1981, Mar Average, Armenia, ARM
71.3877, 1981, Apr Average, Armenia, ARM
100.78, 1981, May Average, Armenia, ARM
86.2459, 1981, Jun Average, Armenia, ARM
44.7307, 1981, Jul Average, Armenia, ARM
57.8827, 1981, Aug Average, Armenia, ARM
12.1287, 1981, Sep Average, Armenia, ARM
32.9617, 1981, Oct Average, Armenia, ARM
57.3581, 1981, Nov Average, Armenia, ARM
12.6649, 1981, Dec Average, Armenia, ARM
19.8522, 1982, Jan Average, Armenia, ARM
23.3182, 1982, Feb Average, Armenia, ARM
57.6912, 1982, Mar Average, Armenia, ARM
54.896, 1982, Apr Average, Armenia, ARM
88.5088, 1982, May Average, Armenia, ARM
78.5368, 1982, Jun Average, Armenia, ARM
80.016, 1982, Jul Average, Armenia, ARM
32.5432, 1982, Aug Average, Armenia, ARM
30.5074, 1982, Sep Average, Armenia, ARM
49.9663, 1982, Oct Average, Armenia, ARM
51.169, 1982, Nov Average, Armenia, ARM
9.82917, 1982, Dec Average, Armenia, ARM
16.9901, 1983, Jan Average, Armenia, ARM
15.0999, 1983, Feb Average, Armenia, ARM
30.3042, 1983, Mar Average, Armenia, ARM
32.052, 1983, Apr Average, Armenia, ARM
110.921, 1983, May Average, Armenia, ARM
124.656, 1983, Jun Average, Armenia, ARM
44.5443, 1983, Jul Average, Armenia, ARM
62.5795, 1983, Aug Average, Armenia, ARM
25.6067, 1983, Sep Average, Armenia, ARM
40.3802, 1983, Oct Average, Armenia, ARM
40.7279, 1983, Nov Average, Armenia, ARM
8.20715, 1983, Dec Average, Armenia, ARM
16.2286, 1984, Jan Average, Armenia, ARM
32.3883, 1984, Feb Average, Armenia, ARM
53.9394, 1984, Mar Average, Armenia, ARM
67.4488, 1984, Apr Average, Armenia, ARM
61.4359, 1984, May Average, Armenia, ARM
34.9596, 1984, Jun Average, Armenia, ARM
50.398, 1984, Jul Average, Armenia, ARM
29.9083, 1984, Aug Average, Armenia, ARM
14.5975, 1984, Sep Average, Armenia, ARM
45.6589, 1984, Oct Average, Armenia, ARM
30.4449, 1984, Nov Average, Armenia, ARM
20.753, 1984, Dec Average, Armenia, ARM
28.5762, 1985, Jan Average, Armenia, ARM
59.6107, 1985, Feb Average, Armenia, ARM
39.9429, 1985, Mar Average, Armenia, ARM
51.8544, 1985, Apr Average, Armenia, ARM
77.4665, 1985, May Average, Armenia, ARM
47.7889, 1985, Jun Average, Armenia, ARM
39.0445, 1985, Jul Average, Armenia, ARM
10.6409, 1985, Aug Average, Armenia, ARM
10.0406, 1985, Sep Average, Armenia, ARM
34.6964, 1985, Oct Average, Armenia, ARM
10.7544, 1985, Nov Average, Armenia, ARM
33.8803, 1985, Dec Average, Armenia, ARM
22.7343, 1986, Jan Average, Armenia, ARM
31.6496, 1986, Feb Average, Armenia, ARM
27.4461, 1986, Mar Average, Armenia, ARM
41.5094, 1986, Apr Average, Armenia, ARM
134.224, 1986, May Average, Armenia, ARM
102.985, 1986, Jun Average, Armenia, ARM
32.5831, 1986, Jul Average, Armenia, ARM
19.2443, 1986, Aug Average, Armenia, ARM
24.728, 1986, Sep Average, Armenia, ARM
43.857, 1986, Oct Average, Armenia, ARM
59.8698, 1986, Nov Average, Armenia, ARM
12.6254, 1986, Dec Average, Armenia, ARM
29.0866, 1987, Jan Average, Armenia, ARM
43.516, 1987, Feb Average, Armenia, ARM
39.6593, 1987, Mar Average, Armenia, ARM
49.8856, 1987, Apr Average, Armenia, ARM
58.9117, 1987, May Average, Armenia, ARM
53.1391, 1987, Jun Average, Armenia, ARM
25.6949, 1987, Jul Average, Armenia, ARM
48.7945, 1987, Aug Average, Armenia, ARM
22.9745, 1987, Sep Average, Armenia, ARM
76.8501, 1987, Oct Average, Armenia, ARM
33.0632, 1987, Nov Average, Armenia, ARM
56.9101, 1987, Dec Average, Armenia, ARM
27.518, 1988, Jan Average, Armenia, ARM
27.169, 1988, Feb Average, Armenia, ARM
49.6622, 1988, Mar Average, Armenia, ARM
50.3823, 1988, Apr Average, Armenia, ARM
118.028, 1988, May Average, Armenia, ARM
107.222, 1988, Jun Average, Armenia, ARM
66.7204, 1988, Jul Average, Armenia, ARM
64.2705, 1988, Aug Average, Armenia, ARM
23.7147, 1988, Sep Average, Armenia, ARM
53.3158, 1988, Oct Average, Armenia, ARM
29.3565, 1988, Nov Average, Armenia, ARM
30.37, 1988, Dec Average, Armenia, ARM
7.89895, 1989, Jan Average, Armenia, ARM
8.81731, 1989, Feb Average, Armenia, ARM
30.9901, 1989, Mar Average, Armenia, ARM
30.469, 1989, Apr Average, Armenia, ARM
42.4147, 1989, May Average, Armenia, ARM
57.6124, 1989, Jun Average, Armenia, ARM
31.8753, 1989, Jul Average, Armenia, ARM
28.0867, 1989, Aug Average, Armenia, ARM
37.3639, 1989, Sep Average, Armenia, ARM
73.6944, 1989, Oct Average, Armenia, ARM
49.2351, 1989, Nov Average, Armenia, ARM
22.5285, 1989, Dec Average, Armenia, ARM
28.3217, 1990, Jan Average, Armenia, ARM
30.6855, 1990, Feb Average, Armenia, ARM
17.1102, 1990, Mar Average, Armenia, ARM
89.6331, 1990, Apr Average, Armenia, ARM
74.4336, 1990, May Average, Armenia, ARM
41.1769, 1990, Jun Average, Armenia, ARM
22.2729, 1990, Jul Average, Armenia, ARM
30.7382, 1990, Aug Average, Armenia, ARM
12.0881, 1990, Sep Average, Armenia, ARM
49.4303, 1990, Oct Average, Armenia, ARM
33.59, 1990, Nov Average, Armenia, ARM
24.3823, 1990, Dec Average, Armenia, ARM
28.9942, 1991, Jan Average, Armenia, ARM
17.7952, 1991, Feb Average, Armenia, ARM
59.2782, 1991, Mar Average, Armenia, ARM
50.7612, 1991, Apr Average, Armenia, ARM
72.5681, 1991, May Average, Armenia, ARM
64.0431, 1991, Jun Average, Armenia, ARM
39.7125, 1991, Jul Average, Armenia, ARM
31.9856, 1991, Aug Average, Armenia, ARM
8.62063, 1991, Sep Average, Armenia, ARM
24.6877, 1991, Oct Average, Armenia, ARM
53.9267, 1991, Nov Average, Armenia, ARM
35.8527, 1991, Dec Average, Armenia, ARM
24.6113, 1992, Jan Average, Armenia, ARM
44.2501, 1992, Feb Average, Armenia, ARM
17.0316, 1992, Mar Average, Armenia, ARM
38.9374, 1992, Apr Average, Armenia, ARM
66.0193, 1992, May Average, Armenia, ARM
101.634, 1992, Jun Average, Armenia, ARM
55.9398, 1992, Jul Average, Armenia, ARM
29.9583, 1992, Aug Average, Armenia, ARM
57.2547, 1992, Sep Average, Armenia, ARM
12.8409, 1992, Oct Average, Armenia, ARM
58.3347, 1992, Nov Average, Armenia, ARM
35.3972, 1992, Dec Average, Armenia, ARM
21.3805, 1993, Jan Average, Armenia, ARM
36.2817, 1993, Feb Average, Armenia, ARM
17.7593, 1993, Mar Average, Armenia, ARM
56.3942, 1993, Apr Average, Armenia, ARM
83.817, 1993, May Average, Armenia, ARM
88.4037, 1993, Jun Average, Armenia, ARM
31.5464, 1993, Jul Average, Armenia, ARM
51.8901, 1993, Aug Average, Armenia, ARM
16.1608, 1993, Sep Average, Armenia, ARM
24.9762, 1993, Oct Average, Armenia, ARM
65.8615, 1993, Nov Average, Armenia, ARM
9.18724, 1993, Dec Average, Armenia, ARM
19.7572, 1994, Jan Average, Armenia, ARM
30.6255, 1994, Feb Average, Armenia, ARM
45.1157, 1994, Mar Average, Armenia, ARM
78.6151, 1994, Apr Average, Armenia, ARM
80.8492, 1994, May Average, Armenia, ARM
90.7855, 1994, Jun Average, Armenia, ARM
24.628, 1994, Jul Average, Armenia, ARM
29.7921, 1994, Aug Average, Armenia, ARM
21.1756, 1994, Sep Average, Armenia, ARM
31.8392, 1994, Oct Average, Armenia, ARM
52.6168, 1994, Nov Average, Armenia, ARM
42.0256, 1994, Dec Average, Armenia, ARM
16.6291, 1995, Jan Average, Armenia, ARM
12.1964, 1995, Feb Average, Armenia, ARM
35.715, 1995, Mar Average, Armenia, ARM
57.2421, 1995, Apr Average, Armenia, ARM
61.0318, 1995, May Average, Armenia, ARM
71.5394, 1995, Jun Average, Armenia, ARM
49.6961, 1995, Jul Average, Armenia, ARM
14.3319, 1995, Aug Average, Armenia, ARM
79.9635, 1995, Sep Average, Armenia, ARM
22.0183, 1995, Oct Average, Armenia, ARM
22.3319, 1995, Nov Average, Armenia, ARM
6.69592, 1995, Dec Average, Armenia, ARM
19.3777, 1996, Jan Average, Armenia, ARM
21.1244, 1996, Feb Average, Armenia, ARM
44.7834, 1996, Mar Average, Armenia, ARM
77.2766, 1996, Apr Average, Armenia, ARM
68.5685, 1996, May Average, Armenia, ARM
59.0488, 1996, Jun Average, Armenia, ARM
43.0207, 1996, Jul Average, Armenia, ARM
14.7977, 1996, Aug Average, Armenia, ARM
29.9701, 1996, Sep Average, Armenia, ARM
44.7194, 1996, Oct Average, Armenia, ARM
4.21709, 1996, Nov Average, Armenia, ARM
25.3663, 1996, Dec Average, Armenia, ARM
15.0339, 1997, Jan Average, Armenia, ARM
34.3109, 1997, Feb Average, Armenia, ARM
43.7891, 1997, Mar Average, Armenia, ARM
33.0435, 1997, Apr Average, Armenia, ARM
62.202, 1997, May Average, Armenia, ARM
65.8038, 1997, Jun Average, Armenia, ARM
84.9049, 1997, Jul Average, Armenia, ARM
25.9156, 1997, Aug Average, Armenia, ARM
53.5193, 1997, Sep Average, Armenia, ARM
33.7602, 1997, Oct Average, Armenia, ARM
8.86892, 1997, Nov Average, Armenia, ARM
24.9415, 1997, Dec Average, Armenia, ARM
19.3562, 1998, Jan Average, Armenia, ARM
17.2075, 1998, Feb Average, Armenia, ARM
31.5288, 1998, Mar Average, Armenia, ARM
58.5717, 1998, Apr Average, Armenia, ARM
109.015, 1998, May Average, Armenia, ARM
63.2468, 1998, Jun Average, Armenia, ARM
51.9442, 1998, Jul Average, Armenia, ARM
15.151, 1998, Aug Average, Armenia, ARM
12.6326, 1998, Sep Average, Armenia, ARM
13.532, 1998, Oct Average, Armenia, ARM
33.3876, 1998, Nov Average, Armenia, ARM
16.2067, 1998, Dec Average, Armenia, ARM
4.77639, 1999, Jan Average, Armenia, ARM
13.9856, 1999, Feb Average, Armenia, ARM
45.8237, 1999, Mar Average, Armenia, ARM
46.654, 1999, Apr Average, Armenia, ARM
73.6832, 1999, May Average, Armenia, ARM
79.5646, 1999, Jun Average, Armenia, ARM
40.0203, 1999, Jul Average, Armenia, ARM
30.5552, 1999, Aug Average, Armenia, ARM
50.2472, 1999, Sep Average, Armenia, ARM
35.4762, 1999, Oct Average, Armenia, ARM
25.8195, 1999, Nov Average, Armenia, ARM
3.10397, 1999, Dec Average, Armenia, ARM
41.5108, 2000, Jan Average, Armenia, ARM
23.8478, 2000, Feb Average, Armenia, ARM
29.7985, 2000, Mar Average, Armenia, ARM
42.383, 2000, Apr Average, Armenia, ARM
87.0166, 2000, May Average, Armenia, ARM
18.4772, 2000, Jun Average, Armenia, ARM
11.6835, 2000, Jul Average, Armenia, ARM
16.7024, 2000, Aug Average, Armenia, ARM
30.0582, 2000, Sep Average, Armenia, ARM
55.8061, 2000, Oct Average, Armenia, ARM
9.38929, 2000, Nov Average, Armenia, ARM
25.9997, 2000, Dec Average, Armenia, ARM
8.71017, 2001, Jan Average, Armenia, ARM
16.1498, 2001, Feb Average, Armenia, ARM
48.685, 2001, Mar Average, Armenia, ARM
73.1638, 2001, Apr Average, Armenia, ARM
81.227, 2001, May Average, Armenia, ARM
36.862, 2001, Jun Average, Armenia, ARM
49.1015, 2001, Jul Average, Armenia, ARM
32.1825, 2001, Aug Average, Armenia, ARM
5.01466, 2001, Sep Average, Armenia, ARM
47.2312, 2001, Oct Average, Armenia, ARM
29.1658, 2001, Nov Average, Armenia, ARM
31.1805, 2001, Dec Average, Armenia, ARM
19.7537, 2002, Jan Average, Armenia, ARM
16.4108, 2002, Feb Average, Armenia, ARM
38.8111, 2002, Mar Average, Armenia, ARM
113.012, 2002, Apr Average, Armenia, ARM
96.395, 2002, May Average, Armenia, ARM
91.0586, 2002, Jun Average, Armenia, ARM
77.6193, 2002, Jul Average, Armenia, ARM
68.1481, 2002, Aug Average, Armenia, ARM
9.80786, 2002, Sep Average, Armenia, ARM
41.583, 2002, Oct Average, Armenia, ARM
12.1058, 2002, Nov Average, Armenia, ARM
40.8064, 2002, Dec Average, Armenia, ARM
19.884, 2003, Jan Average, Armenia, ARM
43.0888, 2003, Feb Average, Armenia, ARM
82.3307, 2003, Mar Average, Armenia, ARM
76.7569, 2003, Apr Average, Armenia, ARM
78.4288, 2003, May Average, Armenia, ARM
66.565, 2003, Jun Average, Armenia, ARM
70.4926, 2003, Jul Average, Armenia, ARM
45.169, 2003, Aug Average, Armenia, ARM
36.9452, 2003, Sep Average, Armenia, ARM
65.8146, 2003, Oct Average, Armenia, ARM
54.6716, 2003, Nov Average, Armenia, ARM
19.0674, 2003, Dec Average, Armenia, ARM
18.5648, 2004, Jan Average, Armenia, ARM
32.3286, 2004, Feb Average, Armenia, ARM
41.7034, 2004, Mar Average, Armenia, ARM
91.0652, 2004, Apr Average, Armenia, ARM
113.194, 2004, May Average, Armenia, ARM
84.3856, 2004, Jun Average, Armenia, ARM
42.8842, 2004, Jul Average, Armenia, ARM
26.2111, 2004, Aug Average, Armenia, ARM
28.6234, 2004, Sep Average, Armenia, ARM
28.7322, 2004, Oct Average, Armenia, ARM
53.739, 2004, Nov Average, Armenia, ARM
11.4793, 2004, Dec Average, Armenia, ARM
26.538, 2005, Jan Average, Armenia, ARM
25.6286, 2005, Feb Average, Armenia, ARM
66.6691, 2005, Mar Average, Armenia, ARM
64.1568, 2005, Apr Average, Armenia, ARM
105.901, 2005, May Average, Armenia, ARM
85.7237, 2005, Jun Average, Armenia, ARM
32.3721, 2005, Jul Average, Armenia, ARM
48.2308, 2005, Aug Average, Armenia, ARM
50.5153, 2005, Sep Average, Armenia, ARM
42.4523, 2005, Oct Average, Armenia, ARM
32.3926, 2005, Nov Average, Armenia, ARM
17.774, 2005, Dec Average, Armenia, ARM
51.4595, 2006, Jan Average, Armenia, ARM
36.341, 2006, Feb Average, Armenia, ARM
29.5367, 2006, Mar Average, Armenia, ARM
106.027, 2006, Apr Average, Armenia, ARM
51.6828, 2006, May Average, Armenia, ARM
33.7594, 2006, Jun Average, Armenia, ARM
62.2602, 2006, Jul Average, Armenia, ARM
15.3809, 2006, Aug Average, Armenia, ARM
34.2623, 2006, Sep Average, Armenia, ARM
76.8928, 2006, Oct Average, Armenia, ARM
20.6705, 2006, Nov Average, Armenia, ARM
23.3327, 2006, Dec Average, Armenia, ARM
20.4847, 2007, Jan Average, Armenia, ARM
14.3085, 2007, Feb Average, Armenia, ARM
58.8601, 2007, Mar Average, Armenia, ARM
110.316, 2007, Apr Average, Armenia, ARM
56.2501, 2007, May Average, Armenia, ARM
82.8249, 2007, Jun Average, Armenia, ARM
93.2808, 2007, Jul Average, Armenia, ARM
74.4461, 2007, Aug Average, Armenia, ARM
3.80028, 2007, Sep Average, Armenia, ARM
53.0963, 2007, Oct Average, Armenia, ARM
74.6827, 2007, Nov Average, Armenia, ARM
21.8966, 2007, Dec Average, Armenia, ARM
25.9966, 2008, Jan Average, Armenia, ARM
15.8513, 2008, Feb Average, Armenia, ARM
28.1716, 2008, Mar Average, Armenia, ARM
30.4564, 2008, Apr Average, Armenia, ARM
96.2197, 2008, May Average, Armenia, ARM
82.7902, 2008, Jun Average, Armenia, ARM
47.1216, 2008, Jul Average, Armenia, ARM
27.2345, 2008, Aug Average, Armenia, ARM
45.0583, 2008, Sep Average, Armenia, ARM
25.8454, 2008, Oct Average, Armenia, ARM
9.08285, 2008, Nov Average, Armenia, ARM
28.5885, 2008, Dec Average, Armenia, ARM
19.9744, 2009, Jan Average, Armenia, ARM
23.5632, 2009, Feb Average, Armenia, ARM
49.7824, 2009, Mar Average, Armenia, ARM
74.1269, 2009, Apr Average, Armenia, ARM
62.873, 2009, May Average, Armenia, ARM
100.81, 2009, Jun Average, Armenia, ARM
78.8432, 2009, Jul Average, Armenia, ARM
60.7963, 2009, Aug Average, Armenia, ARM
91.1292, 2009, Sep Average, Armenia, ARM
15.5732, 2009, Oct Average, Armenia, ARM
43.3864, 2009, Nov Average, Armenia, ARM
19.034, 2009, Dec Average, Armenia, ARM
41.2058, 2010, Jan Average, Armenia, ARM
42.7634, 2010, Feb Average, Armenia, ARM
52.2882, 2010, Mar Average, Armenia, ARM
123.19, 2010, Apr Average, Armenia, ARM
104.602, 2010, May Average, Armenia, ARM
72.9102, 2010, Jun Average, Armenia, ARM
59.4843, 2010, Jul Average, Armenia, ARM
25.9398, 2010, Aug Average, Armenia, ARM
24.7601, 2010, Sep Average, Armenia, ARM
80.1416, 2010, Oct Average, Armenia, ARM
0.14251, 2010, Nov Average, Armenia, ARM
1.57879, 2010, Dec Average, Armenia, ARM
28.8083, 2011, Jan Average, Armenia, ARM
52.1512, 2011, Feb Average, Armenia, ARM
31.9906, 2011, Mar Average, Armenia, ARM
101.182, 2011, Apr Average, Armenia, ARM
111.296, 2011, May Average, Armenia, ARM
58.8072, 2011, Jun Average, Armenia, ARM
70.5457, 2011, Jul Average, Armenia, ARM
41.4724, 2011, Aug Average, Armenia, ARM
24.453, 2011, Sep Average, Armenia, ARM
48.2384, 2011, Oct Average, Armenia, ARM
38.4743, 2011, Nov Average, Armenia, ARM
8.21314, 2011, Dec Average, Armenia, ARM
18.958, 2012, Jan Average, Armenia, ARM
32.5623, 2012, Feb Average, Armenia, ARM
27.6703, 2012, Mar Average, Armenia, ARM
33.3672, 2012, Apr Average, Armenia, ARM
83.9191, 2012, May Average, Armenia, ARM
65.6714, 2012, Jun Average, Armenia, ARM
82.8743, 2012, Jul Average, Armenia, ARM
11.3194, 2012, Aug Average, Armenia, ARM
30.1001, 2012, Sep Average, Armenia, ARM
27.5296, 2012, Oct Average, Armenia, ARM
23.1306, 2012, Nov Average, Armenia, ARM
35.7696, 2012, Dec Average, Armenia, ARM
33.2722, 2013, Jan Average, Armenia, ARM
27.2637, 2013, Feb Average, Armenia, ARM
38.2527, 2013, Mar Average, Armenia, ARM
47.2407, 2013, Apr Average, Armenia, ARM
112.1, 2013, May Average, Armenia, ARM
68.861, 2013, Jun Average, Armenia, ARM
43.7478, 2013, Jul Average, Armenia, ARM
24.7626, 2013, Aug Average, Armenia, ARM
31.8521, 2013, Sep Average, Armenia, ARM
32.6155, 2013, Oct Average, Armenia, ARM
26.8037, 2013, Nov Average, Armenia, ARM
22.1945, 2013, Dec Average, Armenia, ARM
27.2229, 2014, Jan Average, Armenia, ARM
6.87519, 2014, Feb Average, Armenia, ARM
52.9478, 2014, Mar Average, Armenia, ARM
39.3785, 2014, Apr Average, Armenia, ARM
81.3658, 2014, May Average, Armenia, ARM
57.8514, 2014, Jun Average, Armenia, ARM
31.6296, 2014, Jul Average, Armenia, ARM
22.8213, 2014, Aug Average, Armenia, ARM
64.701, 2014, Sep Average, Armenia, ARM
53.8137, 2014, Oct Average, Armenia, ARM
46.6332, 2014, Nov Average, Armenia, ARM
23.1089, 2014, Dec Average, Armenia, ARM
14.9339, 2015, Jan Average, Armenia, ARM
30.8042, 2015, Feb Average, Armenia, ARM
58.7665, 2015, Mar Average, Armenia, ARM
68.4746, 2015, Apr Average, Armenia, ARM
97.9939, 2015, May Average, Armenia, ARM
87.076, 2015, Jun Average, Armenia, ARM
5.25438, 2015, Jul Average, Armenia, ARM
61.8219, 2015, Aug Average, Armenia, ARM
46.1683, 2015, Sep Average, Armenia, ARM
110.472, 2015, Oct Average, Armenia, ARM
22.9813, 2015, Nov Average, Armenia, ARM
22.6799, 2015, Dec Average, Armenia, ARM
43.8423, 2016, Jan Average, Armenia, ARM
25.1833, 2016, Feb Average, Armenia, ARM
34.9079, 2016, Mar Average, Armenia, ARM
43.1973, 2016, Apr Average, Armenia, ARM
88.7397, 2016, May Average, Armenia, ARM
117.426, 2016, Jun Average, Armenia, ARM
70.9606, 2016, Jul Average, Armenia, ARM
39.913, 2016, Aug Average, Armenia, ARM
62.812, 2016, Sep Average, Armenia, ARM
39.7004, 2016, Oct Average, Armenia, ARM
32.6446, 2016, Nov Average, Armenia, ARM
32.549, 2016, Dec Average, Armenia, ARM
