126.841, 1901, Jan Average, Congo (Democratic Republic of the), COD
122.323, 1901, Feb Average, Congo (Democratic Republic of the), COD
165.124, 1901, Mar Average, Congo (Democratic Republic of the), COD
160.471, 1901, Apr Average, Congo (Democratic Republic of the), COD
110.058, 1901, May Average, Congo (Democratic Republic of the), COD
64.4057, 1901, Jun Average, Congo (Democratic Republic of the), COD
61.8672, 1901, Jul Average, Congo (Democratic Republic of the), COD
87.0065, 1901, Aug Average, Congo (Democratic Republic of the), COD
120.009, 1901, Sep Average, Congo (Democratic Republic of the), COD
165.287, 1901, Oct Average, Congo (Democratic Republic of the), COD
179.613, 1901, Nov Average, Congo (Democratic Republic of the), COD
146.843, 1901, Dec Average, Congo (Democratic Republic of the), COD
122.726, 1902, Jan Average, Congo (Democratic Republic of the), COD
118.876, 1902, Feb Average, Congo (Democratic Republic of the), COD
162.906, 1902, Mar Average, Congo (Democratic Republic of the), COD
158.428, 1902, Apr Average, Congo (Democratic Republic of the), COD
108.527, 1902, May Average, Congo (Democratic Republic of the), COD
63.8065, 1902, Jun Average, Congo (Democratic Republic of the), COD
64.2308, 1902, Jul Average, Congo (Democratic Republic of the), COD
91.3926, 1902, Aug Average, Congo (Democratic Republic of the), COD
138.28, 1902, Sep Average, Congo (Democratic Republic of the), COD
178.861, 1902, Oct Average, Congo (Democratic Republic of the), COD
179.045, 1902, Nov Average, Congo (Democratic Republic of the), COD
156.24, 1902, Dec Average, Congo (Democratic Republic of the), COD
129.207, 1903, Jan Average, Congo (Democratic Republic of the), COD
117.508, 1903, Feb Average, Congo (Democratic Republic of the), COD
164.728, 1903, Mar Average, Congo (Democratic Republic of the), COD
164.847, 1903, Apr Average, Congo (Democratic Republic of the), COD
107.324, 1903, May Average, Congo (Democratic Republic of the), COD
83.9646, 1903, Jun Average, Congo (Democratic Republic of the), COD
71.286, 1903, Jul Average, Congo (Democratic Republic of the), COD
85.2506, 1903, Aug Average, Congo (Democratic Republic of the), COD
137.423, 1903, Sep Average, Congo (Democratic Republic of the), COD
190.789, 1903, Oct Average, Congo (Democratic Republic of the), COD
179.172, 1903, Nov Average, Congo (Democratic Republic of the), COD
141.655, 1903, Dec Average, Congo (Democratic Republic of the), COD
125.392, 1904, Jan Average, Congo (Democratic Republic of the), COD
124.485, 1904, Feb Average, Congo (Democratic Republic of the), COD
166.591, 1904, Mar Average, Congo (Democratic Republic of the), COD
146.688, 1904, Apr Average, Congo (Democratic Republic of the), COD
112.81, 1904, May Average, Congo (Democratic Republic of the), COD
57.7436, 1904, Jun Average, Congo (Democratic Republic of the), COD
57.8159, 1904, Jul Average, Congo (Democratic Republic of the), COD
93.962, 1904, Aug Average, Congo (Democratic Republic of the), COD
114.298, 1904, Sep Average, Congo (Democratic Republic of the), COD
169.029, 1904, Oct Average, Congo (Democratic Republic of the), COD
175.729, 1904, Nov Average, Congo (Democratic Republic of the), COD
154.358, 1904, Dec Average, Congo (Democratic Republic of the), COD
128.292, 1905, Jan Average, Congo (Democratic Republic of the), COD
120.828, 1905, Feb Average, Congo (Democratic Republic of the), COD
165.394, 1905, Mar Average, Congo (Democratic Republic of the), COD
146.136, 1905, Apr Average, Congo (Democratic Republic of the), COD
103.445, 1905, May Average, Congo (Democratic Republic of the), COD
58.9164, 1905, Jun Average, Congo (Democratic Republic of the), COD
57.5692, 1905, Jul Average, Congo (Democratic Republic of the), COD
92.746, 1905, Aug Average, Congo (Democratic Republic of the), COD
128.653, 1905, Sep Average, Congo (Democratic Republic of the), COD
166.643, 1905, Oct Average, Congo (Democratic Republic of the), COD
181.778, 1905, Nov Average, Congo (Democratic Republic of the), COD
164.459, 1905, Dec Average, Congo (Democratic Republic of the), COD
123.901, 1906, Jan Average, Congo (Democratic Republic of the), COD
126.842, 1906, Feb Average, Congo (Democratic Republic of the), COD
172.316, 1906, Mar Average, Congo (Democratic Republic of the), COD
167.617, 1906, Apr Average, Congo (Democratic Republic of the), COD
106.508, 1906, May Average, Congo (Democratic Republic of the), COD
56.8203, 1906, Jun Average, Congo (Democratic Republic of the), COD
61.21, 1906, Jul Average, Congo (Democratic Republic of the), COD
93.3297, 1906, Aug Average, Congo (Democratic Republic of the), COD
116.088, 1906, Sep Average, Congo (Democratic Republic of the), COD
170.58, 1906, Oct Average, Congo (Democratic Republic of the), COD
170.739, 1906, Nov Average, Congo (Democratic Republic of the), COD
135.982, 1906, Dec Average, Congo (Democratic Republic of the), COD
114.527, 1907, Jan Average, Congo (Democratic Republic of the), COD
149.076, 1907, Feb Average, Congo (Democratic Republic of the), COD
143.649, 1907, Mar Average, Congo (Democratic Republic of the), COD
173.588, 1907, Apr Average, Congo (Democratic Republic of the), COD
120.428, 1907, May Average, Congo (Democratic Republic of the), COD
62.6037, 1907, Jun Average, Congo (Democratic Republic of the), COD
58.766, 1907, Jul Average, Congo (Democratic Republic of the), COD
95.1579, 1907, Aug Average, Congo (Democratic Republic of the), COD
114.076, 1907, Sep Average, Congo (Democratic Republic of the), COD
165.315, 1907, Oct Average, Congo (Democratic Republic of the), COD
179.403, 1907, Nov Average, Congo (Democratic Republic of the), COD
138.267, 1907, Dec Average, Congo (Democratic Republic of the), COD
118.955, 1908, Jan Average, Congo (Democratic Republic of the), COD
119.523, 1908, Feb Average, Congo (Democratic Republic of the), COD
136.42, 1908, Mar Average, Congo (Democratic Republic of the), COD
153.483, 1908, Apr Average, Congo (Democratic Republic of the), COD
107.822, 1908, May Average, Congo (Democratic Republic of the), COD
46.0725, 1908, Jun Average, Congo (Democratic Republic of the), COD
61.6116, 1908, Jul Average, Congo (Democratic Republic of the), COD
93.0445, 1908, Aug Average, Congo (Democratic Republic of the), COD
119.368, 1908, Sep Average, Congo (Democratic Republic of the), COD
166.767, 1908, Oct Average, Congo (Democratic Republic of the), COD
150.613, 1908, Nov Average, Congo (Democratic Republic of the), COD
141.923, 1908, Dec Average, Congo (Democratic Republic of the), COD
117.261, 1909, Jan Average, Congo (Democratic Republic of the), COD
122.401, 1909, Feb Average, Congo (Democratic Republic of the), COD
150.86, 1909, Mar Average, Congo (Democratic Republic of the), COD
182.614, 1909, Apr Average, Congo (Democratic Republic of the), COD
107.822, 1909, May Average, Congo (Democratic Republic of the), COD
51.2588, 1909, Jun Average, Congo (Democratic Republic of the), COD
57.6912, 1909, Jul Average, Congo (Democratic Republic of the), COD
98.1579, 1909, Aug Average, Congo (Democratic Republic of the), COD
163.588, 1909, Sep Average, Congo (Democratic Republic of the), COD
158.837, 1909, Oct Average, Congo (Democratic Republic of the), COD
175.382, 1909, Nov Average, Congo (Democratic Republic of the), COD
150.585, 1909, Dec Average, Congo (Democratic Republic of the), COD
132.87, 1910, Jan Average, Congo (Democratic Republic of the), COD
120.986, 1910, Feb Average, Congo (Democratic Republic of the), COD
139.572, 1910, Mar Average, Congo (Democratic Republic of the), COD
151.632, 1910, Apr Average, Congo (Democratic Republic of the), COD
116.765, 1910, May Average, Congo (Democratic Republic of the), COD
65.2275, 1910, Jun Average, Congo (Democratic Republic of the), COD
88.2247, 1910, Jul Average, Congo (Democratic Republic of the), COD
87.7672, 1910, Aug Average, Congo (Democratic Republic of the), COD
112.609, 1910, Sep Average, Congo (Democratic Republic of the), COD
157.79, 1910, Oct Average, Congo (Democratic Republic of the), COD
177.554, 1910, Nov Average, Congo (Democratic Republic of the), COD
157.849, 1910, Dec Average, Congo (Democratic Republic of the), COD
106.581, 1911, Jan Average, Congo (Democratic Republic of the), COD
139.544, 1911, Feb Average, Congo (Democratic Republic of the), COD
153.258, 1911, Mar Average, Congo (Democratic Republic of the), COD
132.498, 1911, Apr Average, Congo (Democratic Republic of the), COD
114.978, 1911, May Average, Congo (Democratic Republic of the), COD
58.6069, 1911, Jun Average, Congo (Democratic Republic of the), COD
61.2102, 1911, Jul Average, Congo (Democratic Republic of the), COD
77.7527, 1911, Aug Average, Congo (Democratic Republic of the), COD
129.034, 1911, Sep Average, Congo (Democratic Republic of the), COD
170.302, 1911, Oct Average, Congo (Democratic Republic of the), COD
184.863, 1911, Nov Average, Congo (Democratic Republic of the), COD
154.362, 1911, Dec Average, Congo (Democratic Republic of the), COD
124.2, 1912, Jan Average, Congo (Democratic Republic of the), COD
146.171, 1912, Feb Average, Congo (Democratic Republic of the), COD
150.582, 1912, Mar Average, Congo (Democratic Republic of the), COD
150.629, 1912, Apr Average, Congo (Democratic Republic of the), COD
117.692, 1912, May Average, Congo (Democratic Republic of the), COD
42.7378, 1912, Jun Average, Congo (Democratic Republic of the), COD
53.5882, 1912, Jul Average, Congo (Democratic Republic of the), COD
77.1671, 1912, Aug Average, Congo (Democratic Republic of the), COD
141.331, 1912, Sep Average, Congo (Democratic Republic of the), COD
142.267, 1912, Oct Average, Congo (Democratic Republic of the), COD
189.515, 1912, Nov Average, Congo (Democratic Republic of the), COD
143.777, 1912, Dec Average, Congo (Democratic Republic of the), COD
112.547, 1913, Jan Average, Congo (Democratic Republic of the), COD
125.272, 1913, Feb Average, Congo (Democratic Republic of the), COD
151.409, 1913, Mar Average, Congo (Democratic Republic of the), COD
147.159, 1913, Apr Average, Congo (Democratic Republic of the), COD
116.457, 1913, May Average, Congo (Democratic Republic of the), COD
64.277, 1913, Jun Average, Congo (Democratic Republic of the), COD
41.9143, 1913, Jul Average, Congo (Democratic Republic of the), COD
61.6429, 1913, Aug Average, Congo (Democratic Republic of the), COD
76.8078, 1913, Sep Average, Congo (Democratic Republic of the), COD
170.292, 1913, Oct Average, Congo (Democratic Republic of the), COD
123.516, 1913, Nov Average, Congo (Democratic Republic of the), COD
105.001, 1913, Dec Average, Congo (Democratic Republic of the), COD
122.867, 1914, Jan Average, Congo (Democratic Republic of the), COD
127.381, 1914, Feb Average, Congo (Democratic Republic of the), COD
175.701, 1914, Mar Average, Congo (Democratic Republic of the), COD
159.119, 1914, Apr Average, Congo (Democratic Republic of the), COD
105.891, 1914, May Average, Congo (Democratic Republic of the), COD
71.0004, 1914, Jun Average, Congo (Democratic Republic of the), COD
69.5634, 1914, Jul Average, Congo (Democratic Republic of the), COD
84.4338, 1914, Aug Average, Congo (Democratic Republic of the), COD
135.147, 1914, Sep Average, Congo (Democratic Republic of the), COD
191.387, 1914, Oct Average, Congo (Democratic Republic of the), COD
175.088, 1914, Nov Average, Congo (Democratic Republic of the), COD
136.896, 1914, Dec Average, Congo (Democratic Republic of the), COD
106.947, 1915, Jan Average, Congo (Democratic Republic of the), COD
111.75, 1915, Feb Average, Congo (Democratic Republic of the), COD
144.708, 1915, Mar Average, Congo (Democratic Republic of the), COD
132.384, 1915, Apr Average, Congo (Democratic Republic of the), COD
94.5075, 1915, May Average, Congo (Democratic Republic of the), COD
68.8295, 1915, Jun Average, Congo (Democratic Republic of the), COD
32.2179, 1915, Jul Average, Congo (Democratic Republic of the), COD
71.1713, 1915, Aug Average, Congo (Democratic Republic of the), COD
162.257, 1915, Sep Average, Congo (Democratic Republic of the), COD
130.06, 1915, Oct Average, Congo (Democratic Republic of the), COD
152.328, 1915, Nov Average, Congo (Democratic Republic of the), COD
185.326, 1915, Dec Average, Congo (Democratic Republic of the), COD
117.462, 1916, Jan Average, Congo (Democratic Republic of the), COD
128.931, 1916, Feb Average, Congo (Democratic Republic of the), COD
147.507, 1916, Mar Average, Congo (Democratic Republic of the), COD
162.163, 1916, Apr Average, Congo (Democratic Republic of the), COD
119.663, 1916, May Average, Congo (Democratic Republic of the), COD
61.1153, 1916, Jun Average, Congo (Democratic Republic of the), COD
39.1353, 1916, Jul Average, Congo (Democratic Republic of the), COD
80.2863, 1916, Aug Average, Congo (Democratic Republic of the), COD
134.768, 1916, Sep Average, Congo (Democratic Republic of the), COD
168.023, 1916, Oct Average, Congo (Democratic Republic of the), COD
182.174, 1916, Nov Average, Congo (Democratic Republic of the), COD
183.193, 1916, Dec Average, Congo (Democratic Republic of the), COD
162.382, 1917, Jan Average, Congo (Democratic Republic of the), COD
151.935, 1917, Feb Average, Congo (Democratic Republic of the), COD
150.83, 1917, Mar Average, Congo (Democratic Republic of the), COD
167.087, 1917, Apr Average, Congo (Democratic Republic of the), COD
122.618, 1917, May Average, Congo (Democratic Republic of the), COD
60.3961, 1917, Jun Average, Congo (Democratic Republic of the), COD
35.3733, 1917, Jul Average, Congo (Democratic Republic of the), COD
94.8387, 1917, Aug Average, Congo (Democratic Republic of the), COD
136.052, 1917, Sep Average, Congo (Democratic Republic of the), COD
183.843, 1917, Oct Average, Congo (Democratic Republic of the), COD
125.702, 1917, Nov Average, Congo (Democratic Republic of the), COD
130.971, 1917, Dec Average, Congo (Democratic Republic of the), COD
84.167, 1918, Jan Average, Congo (Democratic Republic of the), COD
100.398, 1918, Feb Average, Congo (Democratic Republic of the), COD
177.193, 1918, Mar Average, Congo (Democratic Republic of the), COD
147.011, 1918, Apr Average, Congo (Democratic Republic of the), COD
89.8059, 1918, May Average, Congo (Democratic Republic of the), COD
65.1983, 1918, Jun Average, Congo (Democratic Republic of the), COD
59.4953, 1918, Jul Average, Congo (Democratic Republic of the), COD
86.5312, 1918, Aug Average, Congo (Democratic Republic of the), COD
118.5, 1918, Sep Average, Congo (Democratic Republic of the), COD
141.552, 1918, Oct Average, Congo (Democratic Republic of the), COD
163.332, 1918, Nov Average, Congo (Democratic Republic of the), COD
188.595, 1918, Dec Average, Congo (Democratic Republic of the), COD
184.686, 1919, Jan Average, Congo (Democratic Republic of the), COD
152.03, 1919, Feb Average, Congo (Democratic Republic of the), COD
149.094, 1919, Mar Average, Congo (Democratic Republic of the), COD
125.143, 1919, Apr Average, Congo (Democratic Republic of the), COD
91.8421, 1919, May Average, Congo (Democratic Republic of the), COD
97.9867, 1919, Jun Average, Congo (Democratic Republic of the), COD
85.1987, 1919, Jul Average, Congo (Democratic Republic of the), COD
117.611, 1919, Aug Average, Congo (Democratic Republic of the), COD
95.4691, 1919, Sep Average, Congo (Democratic Republic of the), COD
143.092, 1919, Oct Average, Congo (Democratic Republic of the), COD
183.802, 1919, Nov Average, Congo (Democratic Republic of the), COD
163.643, 1919, Dec Average, Congo (Democratic Republic of the), COD
112.953, 1920, Jan Average, Congo (Democratic Republic of the), COD
109.591, 1920, Feb Average, Congo (Democratic Republic of the), COD
166.771, 1920, Mar Average, Congo (Democratic Republic of the), COD
126.123, 1920, Apr Average, Congo (Democratic Republic of the), COD
145.91, 1920, May Average, Congo (Democratic Republic of the), COD
67.2442, 1920, Jun Average, Congo (Democratic Republic of the), COD
70.3255, 1920, Jul Average, Congo (Democratic Republic of the), COD
53.8227, 1920, Aug Average, Congo (Democratic Republic of the), COD
109.92, 1920, Sep Average, Congo (Democratic Republic of the), COD
163.532, 1920, Oct Average, Congo (Democratic Republic of the), COD
156.497, 1920, Nov Average, Congo (Democratic Republic of the), COD
158.404, 1920, Dec Average, Congo (Democratic Republic of the), COD
114.887, 1921, Jan Average, Congo (Democratic Republic of the), COD
105.009, 1921, Feb Average, Congo (Democratic Republic of the), COD
136.688, 1921, Mar Average, Congo (Democratic Republic of the), COD
161.998, 1921, Apr Average, Congo (Democratic Republic of the), COD
102.819, 1921, May Average, Congo (Democratic Republic of the), COD
56.0589, 1921, Jun Average, Congo (Democratic Republic of the), COD
59.4372, 1921, Jul Average, Congo (Democratic Republic of the), COD
80.9979, 1921, Aug Average, Congo (Democratic Republic of the), COD
106.539, 1921, Sep Average, Congo (Democratic Republic of the), COD
147.788, 1921, Oct Average, Congo (Democratic Republic of the), COD
134.743, 1921, Nov Average, Congo (Democratic Republic of the), COD
124.847, 1921, Dec Average, Congo (Democratic Republic of the), COD
122.768, 1922, Jan Average, Congo (Democratic Republic of the), COD
123.436, 1922, Feb Average, Congo (Democratic Republic of the), COD
151.178, 1922, Mar Average, Congo (Democratic Republic of the), COD
133.734, 1922, Apr Average, Congo (Democratic Republic of the), COD
125.179, 1922, May Average, Congo (Democratic Republic of the), COD
67.1427, 1922, Jun Average, Congo (Democratic Republic of the), COD
58.2402, 1922, Jul Average, Congo (Democratic Republic of the), COD
99.1557, 1922, Aug Average, Congo (Democratic Republic of the), COD
125.274, 1922, Sep Average, Congo (Democratic Republic of the), COD
177.43, 1922, Oct Average, Congo (Democratic Republic of the), COD
156.225, 1922, Nov Average, Congo (Democratic Republic of the), COD
164.704, 1922, Dec Average, Congo (Democratic Republic of the), COD
124.72, 1923, Jan Average, Congo (Democratic Republic of the), COD
124.766, 1923, Feb Average, Congo (Democratic Republic of the), COD
167.056, 1923, Mar Average, Congo (Democratic Republic of the), COD
186.669, 1923, Apr Average, Congo (Democratic Republic of the), COD
103.913, 1923, May Average, Congo (Democratic Republic of the), COD
49.8882, 1923, Jun Average, Congo (Democratic Republic of the), COD
75.5042, 1923, Jul Average, Congo (Democratic Republic of the), COD
81.9602, 1923, Aug Average, Congo (Democratic Republic of the), COD
138.326, 1923, Sep Average, Congo (Democratic Republic of the), COD
155.795, 1923, Oct Average, Congo (Democratic Republic of the), COD
173.59, 1923, Nov Average, Congo (Democratic Republic of the), COD
180.041, 1923, Dec Average, Congo (Democratic Republic of the), COD
137.458, 1924, Jan Average, Congo (Democratic Republic of the), COD
121.061, 1924, Feb Average, Congo (Democratic Republic of the), COD
157.711, 1924, Mar Average, Congo (Democratic Republic of the), COD
157.43, 1924, Apr Average, Congo (Democratic Republic of the), COD
75.7167, 1924, May Average, Congo (Democratic Republic of the), COD
52.8479, 1924, Jun Average, Congo (Democratic Republic of the), COD
39.6825, 1924, Jul Average, Congo (Democratic Republic of the), COD
108.741, 1924, Aug Average, Congo (Democratic Republic of the), COD
113.704, 1924, Sep Average, Congo (Democratic Republic of the), COD
202.003, 1924, Oct Average, Congo (Democratic Republic of the), COD
163.862, 1924, Nov Average, Congo (Democratic Republic of the), COD
150.18, 1924, Dec Average, Congo (Democratic Republic of the), COD
96.865, 1925, Jan Average, Congo (Democratic Republic of the), COD
132.199, 1925, Feb Average, Congo (Democratic Republic of the), COD
167.427, 1925, Mar Average, Congo (Democratic Republic of the), COD
162.386, 1925, Apr Average, Congo (Democratic Republic of the), COD
122.701, 1925, May Average, Congo (Democratic Republic of the), COD
64.3607, 1925, Jun Average, Congo (Democratic Republic of the), COD
68.1986, 1925, Jul Average, Congo (Democratic Republic of the), COD
93.428, 1925, Aug Average, Congo (Democratic Republic of the), COD
129.331, 1925, Sep Average, Congo (Democratic Republic of the), COD
168.918, 1925, Oct Average, Congo (Democratic Republic of the), COD
209.217, 1925, Nov Average, Congo (Democratic Republic of the), COD
178.575, 1925, Dec Average, Congo (Democratic Republic of the), COD
112.804, 1926, Jan Average, Congo (Democratic Republic of the), COD
145.675, 1926, Feb Average, Congo (Democratic Republic of the), COD
179.895, 1926, Mar Average, Congo (Democratic Republic of the), COD
150.893, 1926, Apr Average, Congo (Democratic Republic of the), COD
106.487, 1926, May Average, Congo (Democratic Republic of the), COD
60.8265, 1926, Jun Average, Congo (Democratic Republic of the), COD
99.1651, 1926, Jul Average, Congo (Democratic Republic of the), COD
118.151, 1926, Aug Average, Congo (Democratic Republic of the), COD
147.883, 1926, Sep Average, Congo (Democratic Republic of the), COD
171.309, 1926, Oct Average, Congo (Democratic Republic of the), COD
155.8, 1926, Nov Average, Congo (Democratic Republic of the), COD
141.865, 1926, Dec Average, Congo (Democratic Republic of the), COD
95.4226, 1927, Jan Average, Congo (Democratic Republic of the), COD
112.896, 1927, Feb Average, Congo (Democratic Republic of the), COD
193.49, 1927, Mar Average, Congo (Democratic Republic of the), COD
141.03, 1927, Apr Average, Congo (Democratic Republic of the), COD
140.994, 1927, May Average, Congo (Democratic Republic of the), COD
52.4019, 1927, Jun Average, Congo (Democratic Republic of the), COD
55.1782, 1927, Jul Average, Congo (Democratic Republic of the), COD
85.0805, 1927, Aug Average, Congo (Democratic Republic of the), COD
114.269, 1927, Sep Average, Congo (Democratic Republic of the), COD
160.724, 1927, Oct Average, Congo (Democratic Republic of the), COD
157.284, 1927, Nov Average, Congo (Democratic Republic of the), COD
161.003, 1927, Dec Average, Congo (Democratic Republic of the), COD
131.096, 1928, Jan Average, Congo (Democratic Republic of the), COD
118.185, 1928, Feb Average, Congo (Democratic Republic of the), COD
152.174, 1928, Mar Average, Congo (Democratic Republic of the), COD
172.623, 1928, Apr Average, Congo (Democratic Republic of the), COD
120.272, 1928, May Average, Congo (Democratic Republic of the), COD
80.9311, 1928, Jun Average, Congo (Democratic Republic of the), COD
54.9631, 1928, Jul Average, Congo (Democratic Republic of the), COD
75.7571, 1928, Aug Average, Congo (Democratic Republic of the), COD
132.813, 1928, Sep Average, Congo (Democratic Republic of the), COD
128.426, 1928, Oct Average, Congo (Democratic Republic of the), COD
133.781, 1928, Nov Average, Congo (Democratic Republic of the), COD
122.09, 1928, Dec Average, Congo (Democratic Republic of the), COD
133.674, 1929, Jan Average, Congo (Democratic Republic of the), COD
112.27, 1929, Feb Average, Congo (Democratic Republic of the), COD
147.024, 1929, Mar Average, Congo (Democratic Republic of the), COD
154.349, 1929, Apr Average, Congo (Democratic Republic of the), COD
86.9263, 1929, May Average, Congo (Democratic Republic of the), COD
63.8507, 1929, Jun Average, Congo (Democratic Republic of the), COD
71.009, 1929, Jul Average, Congo (Democratic Republic of the), COD
102.927, 1929, Aug Average, Congo (Democratic Republic of the), COD
115.157, 1929, Sep Average, Congo (Democratic Republic of the), COD
193.554, 1929, Oct Average, Congo (Democratic Republic of the), COD
165.571, 1929, Nov Average, Congo (Democratic Republic of the), COD
158.407, 1929, Dec Average, Congo (Democratic Republic of the), COD
113.795, 1930, Jan Average, Congo (Democratic Republic of the), COD
118.274, 1930, Feb Average, Congo (Democratic Republic of the), COD
211.094, 1930, Mar Average, Congo (Democratic Republic of the), COD
213.418, 1930, Apr Average, Congo (Democratic Republic of the), COD
86.1836, 1930, May Average, Congo (Democratic Republic of the), COD
75.1732, 1930, Jun Average, Congo (Democratic Republic of the), COD
45.5728, 1930, Jul Average, Congo (Democratic Republic of the), COD
87.4764, 1930, Aug Average, Congo (Democratic Republic of the), COD
119.535, 1930, Sep Average, Congo (Democratic Republic of the), COD
154.206, 1930, Oct Average, Congo (Democratic Republic of the), COD
131.556, 1930, Nov Average, Congo (Democratic Republic of the), COD
118.738, 1930, Dec Average, Congo (Democratic Republic of the), COD
154.372, 1931, Jan Average, Congo (Democratic Republic of the), COD
110.882, 1931, Feb Average, Congo (Democratic Republic of the), COD
157.427, 1931, Mar Average, Congo (Democratic Republic of the), COD
162.464, 1931, Apr Average, Congo (Democratic Republic of the), COD
102.603, 1931, May Average, Congo (Democratic Republic of the), COD
56.934, 1931, Jun Average, Congo (Democratic Republic of the), COD
60.2126, 1931, Jul Average, Congo (Democratic Republic of the), COD
84.796, 1931, Aug Average, Congo (Democratic Republic of the), COD
109.166, 1931, Sep Average, Congo (Democratic Republic of the), COD
133.805, 1931, Oct Average, Congo (Democratic Republic of the), COD
174.889, 1931, Nov Average, Congo (Democratic Republic of the), COD
175.024, 1931, Dec Average, Congo (Democratic Republic of the), COD
105.241, 1932, Jan Average, Congo (Democratic Republic of the), COD
94.6821, 1932, Feb Average, Congo (Democratic Republic of the), COD
171.757, 1932, Mar Average, Congo (Democratic Republic of the), COD
142.33, 1932, Apr Average, Congo (Democratic Republic of the), COD
132.577, 1932, May Average, Congo (Democratic Republic of the), COD
65.2225, 1932, Jun Average, Congo (Democratic Republic of the), COD
56.9593, 1932, Jul Average, Congo (Democratic Republic of the), COD
83.4311, 1932, Aug Average, Congo (Democratic Republic of the), COD
150.972, 1932, Sep Average, Congo (Democratic Republic of the), COD
152.634, 1932, Oct Average, Congo (Democratic Republic of the), COD
171.668, 1932, Nov Average, Congo (Democratic Republic of the), COD
150.425, 1932, Dec Average, Congo (Democratic Republic of the), COD
149.927, 1933, Jan Average, Congo (Democratic Republic of the), COD
136.571, 1933, Feb Average, Congo (Democratic Republic of the), COD
179.076, 1933, Mar Average, Congo (Democratic Republic of the), COD
117.855, 1933, Apr Average, Congo (Democratic Republic of the), COD
99.4713, 1933, May Average, Congo (Democratic Republic of the), COD
54.2266, 1933, Jun Average, Congo (Democratic Republic of the), COD
63.445, 1933, Jul Average, Congo (Democratic Republic of the), COD
95.5135, 1933, Aug Average, Congo (Democratic Republic of the), COD
109.38, 1933, Sep Average, Congo (Democratic Republic of the), COD
134.395, 1933, Oct Average, Congo (Democratic Republic of the), COD
162.466, 1933, Nov Average, Congo (Democratic Republic of the), COD
175.085, 1933, Dec Average, Congo (Democratic Republic of the), COD
118.552, 1934, Jan Average, Congo (Democratic Republic of the), COD
105.063, 1934, Feb Average, Congo (Democratic Republic of the), COD
143.713, 1934, Mar Average, Congo (Democratic Republic of the), COD
145.416, 1934, Apr Average, Congo (Democratic Republic of the), COD
88.4297, 1934, May Average, Congo (Democratic Republic of the), COD
70.2259, 1934, Jun Average, Congo (Democratic Republic of the), COD
60.1612, 1934, Jul Average, Congo (Democratic Republic of the), COD
100.074, 1934, Aug Average, Congo (Democratic Republic of the), COD
116.585, 1934, Sep Average, Congo (Democratic Republic of the), COD
176.875, 1934, Oct Average, Congo (Democratic Republic of the), COD
171.29, 1934, Nov Average, Congo (Democratic Republic of the), COD
164.429, 1934, Dec Average, Congo (Democratic Republic of the), COD
99.5019, 1935, Jan Average, Congo (Democratic Republic of the), COD
145.67, 1935, Feb Average, Congo (Democratic Republic of the), COD
161.389, 1935, Mar Average, Congo (Democratic Republic of the), COD
168.772, 1935, Apr Average, Congo (Democratic Republic of the), COD
149.314, 1935, May Average, Congo (Democratic Republic of the), COD
72.1533, 1935, Jun Average, Congo (Democratic Republic of the), COD
47.318, 1935, Jul Average, Congo (Democratic Republic of the), COD
80.6025, 1935, Aug Average, Congo (Democratic Republic of the), COD
97.2127, 1935, Sep Average, Congo (Democratic Republic of the), COD
147.916, 1935, Oct Average, Congo (Democratic Republic of the), COD
166.926, 1935, Nov Average, Congo (Democratic Republic of the), COD
156.266, 1935, Dec Average, Congo (Democratic Republic of the), COD
133.134, 1936, Jan Average, Congo (Democratic Republic of the), COD
133.868, 1936, Feb Average, Congo (Democratic Republic of the), COD
172.952, 1936, Mar Average, Congo (Democratic Republic of the), COD
146.131, 1936, Apr Average, Congo (Democratic Republic of the), COD
104.451, 1936, May Average, Congo (Democratic Republic of the), COD
70.8558, 1936, Jun Average, Congo (Democratic Republic of the), COD
65.7903, 1936, Jul Average, Congo (Democratic Republic of the), COD
98.1974, 1936, Aug Average, Congo (Democratic Republic of the), COD
156.141, 1936, Sep Average, Congo (Democratic Republic of the), COD
156.379, 1936, Oct Average, Congo (Democratic Republic of the), COD
148.99, 1936, Nov Average, Congo (Democratic Republic of the), COD
173.523, 1936, Dec Average, Congo (Democratic Republic of the), COD
126.536, 1937, Jan Average, Congo (Democratic Republic of the), COD
145.66, 1937, Feb Average, Congo (Democratic Republic of the), COD
164.15, 1937, Mar Average, Congo (Democratic Republic of the), COD
191.086, 1937, Apr Average, Congo (Democratic Republic of the), COD
102.82, 1937, May Average, Congo (Democratic Republic of the), COD
63.4691, 1937, Jun Average, Congo (Democratic Republic of the), COD
66.8695, 1937, Jul Average, Congo (Democratic Republic of the), COD
66.6215, 1937, Aug Average, Congo (Democratic Republic of the), COD
126.214, 1937, Sep Average, Congo (Democratic Republic of the), COD
176.503, 1937, Oct Average, Congo (Democratic Republic of the), COD
168.942, 1937, Nov Average, Congo (Democratic Republic of the), COD
157.107, 1937, Dec Average, Congo (Democratic Republic of the), COD
100.703, 1938, Jan Average, Congo (Democratic Republic of the), COD
128.064, 1938, Feb Average, Congo (Democratic Republic of the), COD
156.364, 1938, Mar Average, Congo (Democratic Republic of the), COD
164.906, 1938, Apr Average, Congo (Democratic Republic of the), COD
106.271, 1938, May Average, Congo (Democratic Republic of the), COD
57.1649, 1938, Jun Average, Congo (Democratic Republic of the), COD
81.1248, 1938, Jul Average, Congo (Democratic Republic of the), COD
85.8165, 1938, Aug Average, Congo (Democratic Republic of the), COD
116.231, 1938, Sep Average, Congo (Democratic Republic of the), COD
176.195, 1938, Oct Average, Congo (Democratic Republic of the), COD
154.662, 1938, Nov Average, Congo (Democratic Republic of the), COD
157.029, 1938, Dec Average, Congo (Democratic Republic of the), COD
138.913, 1939, Jan Average, Congo (Democratic Republic of the), COD
144.896, 1939, Feb Average, Congo (Democratic Republic of the), COD
163.357, 1939, Mar Average, Congo (Democratic Republic of the), COD
164.958, 1939, Apr Average, Congo (Democratic Republic of the), COD
102.651, 1939, May Average, Congo (Democratic Republic of the), COD
58.8155, 1939, Jun Average, Congo (Democratic Republic of the), COD
58.4628, 1939, Jul Average, Congo (Democratic Republic of the), COD
83.2356, 1939, Aug Average, Congo (Democratic Republic of the), COD
143.487, 1939, Sep Average, Congo (Democratic Republic of the), COD
156.95, 1939, Oct Average, Congo (Democratic Republic of the), COD
195.294, 1939, Nov Average, Congo (Democratic Republic of the), COD
166.134, 1939, Dec Average, Congo (Democratic Republic of the), COD
156.757, 1940, Jan Average, Congo (Democratic Republic of the), COD
153.281, 1940, Feb Average, Congo (Democratic Republic of the), COD
162.56, 1940, Mar Average, Congo (Democratic Republic of the), COD
183.726, 1940, Apr Average, Congo (Democratic Republic of the), COD
103.426, 1940, May Average, Congo (Democratic Republic of the), COD
50.2744, 1940, Jun Average, Congo (Democratic Republic of the), COD
66.6294, 1940, Jul Average, Congo (Democratic Republic of the), COD
81.9893, 1940, Aug Average, Congo (Democratic Republic of the), COD
108.523, 1940, Sep Average, Congo (Democratic Republic of the), COD
186.705, 1940, Oct Average, Congo (Democratic Republic of the), COD
180.451, 1940, Nov Average, Congo (Democratic Republic of the), COD
130.154, 1940, Dec Average, Congo (Democratic Republic of the), COD
100.899, 1941, Jan Average, Congo (Democratic Republic of the), COD
136.915, 1941, Feb Average, Congo (Democratic Republic of the), COD
158.31, 1941, Mar Average, Congo (Democratic Republic of the), COD
137.815, 1941, Apr Average, Congo (Democratic Republic of the), COD
117.789, 1941, May Average, Congo (Democratic Republic of the), COD
69.0444, 1941, Jun Average, Congo (Democratic Republic of the), COD
59.4323, 1941, Jul Average, Congo (Democratic Republic of the), COD
110.548, 1941, Aug Average, Congo (Democratic Republic of the), COD
96.7122, 1941, Sep Average, Congo (Democratic Republic of the), COD
188.033, 1941, Oct Average, Congo (Democratic Republic of the), COD
204.166, 1941, Nov Average, Congo (Democratic Republic of the), COD
165.363, 1941, Dec Average, Congo (Democratic Republic of the), COD
126.845, 1942, Jan Average, Congo (Democratic Republic of the), COD
105.795, 1942, Feb Average, Congo (Democratic Republic of the), COD
196.658, 1942, Mar Average, Congo (Democratic Republic of the), COD
162.967, 1942, Apr Average, Congo (Democratic Republic of the), COD
120.772, 1942, May Average, Congo (Democratic Republic of the), COD
56.7091, 1942, Jun Average, Congo (Democratic Republic of the), COD
55.2475, 1942, Jul Average, Congo (Democratic Republic of the), COD
124.19, 1942, Aug Average, Congo (Democratic Republic of the), COD
98.6613, 1942, Sep Average, Congo (Democratic Republic of the), COD
175.93, 1942, Oct Average, Congo (Democratic Republic of the), COD
145.382, 1942, Nov Average, Congo (Democratic Republic of the), COD
149.836, 1942, Dec Average, Congo (Democratic Republic of the), COD
131.16, 1943, Jan Average, Congo (Democratic Republic of the), COD
99.9037, 1943, Feb Average, Congo (Democratic Republic of the), COD
148.925, 1943, Mar Average, Congo (Democratic Republic of the), COD
152.847, 1943, Apr Average, Congo (Democratic Republic of the), COD
145.47, 1943, May Average, Congo (Democratic Republic of the), COD
71.5622, 1943, Jun Average, Congo (Democratic Republic of the), COD
54.9486, 1943, Jul Average, Congo (Democratic Republic of the), COD
107.865, 1943, Aug Average, Congo (Democratic Republic of the), COD
101.412, 1943, Sep Average, Congo (Democratic Republic of the), COD
109.778, 1943, Oct Average, Congo (Democratic Republic of the), COD
151.531, 1943, Nov Average, Congo (Democratic Republic of the), COD
158.916, 1943, Dec Average, Congo (Democratic Republic of the), COD
151.275, 1944, Jan Average, Congo (Democratic Republic of the), COD
92.8002, 1944, Feb Average, Congo (Democratic Republic of the), COD
200.146, 1944, Mar Average, Congo (Democratic Republic of the), COD
158.305, 1944, Apr Average, Congo (Democratic Republic of the), COD
116.417, 1944, May Average, Congo (Democratic Republic of the), COD
47.7075, 1944, Jun Average, Congo (Democratic Republic of the), COD
66.3715, 1944, Jul Average, Congo (Democratic Republic of the), COD
98.775, 1944, Aug Average, Congo (Democratic Republic of the), COD
124.032, 1944, Sep Average, Congo (Democratic Republic of the), COD
173.555, 1944, Oct Average, Congo (Democratic Republic of the), COD
178.691, 1944, Nov Average, Congo (Democratic Republic of the), COD
149.035, 1944, Dec Average, Congo (Democratic Republic of the), COD
141.765, 1945, Jan Average, Congo (Democratic Republic of the), COD
106.286, 1945, Feb Average, Congo (Democratic Republic of the), COD
152.855, 1945, Mar Average, Congo (Democratic Republic of the), COD
147.217, 1945, Apr Average, Congo (Democratic Republic of the), COD
142.972, 1945, May Average, Congo (Democratic Republic of the), COD
55.9838, 1945, Jun Average, Congo (Democratic Republic of the), COD
66.2708, 1945, Jul Average, Congo (Democratic Republic of the), COD
93.1776, 1945, Aug Average, Congo (Democratic Republic of the), COD
142.67, 1945, Sep Average, Congo (Democratic Republic of the), COD
156.239, 1945, Oct Average, Congo (Democratic Republic of the), COD
168.051, 1945, Nov Average, Congo (Democratic Republic of the), COD
145.522, 1945, Dec Average, Congo (Democratic Republic of the), COD
108.779, 1946, Jan Average, Congo (Democratic Republic of the), COD
107.851, 1946, Feb Average, Congo (Democratic Republic of the), COD
136.247, 1946, Mar Average, Congo (Democratic Republic of the), COD
172.17, 1946, Apr Average, Congo (Democratic Republic of the), COD
119.834, 1946, May Average, Congo (Democratic Republic of the), COD
50.0401, 1946, Jun Average, Congo (Democratic Republic of the), COD
78.2653, 1946, Jul Average, Congo (Democratic Republic of the), COD
84.9042, 1946, Aug Average, Congo (Democratic Republic of the), COD
143.685, 1946, Sep Average, Congo (Democratic Republic of the), COD
163.629, 1946, Oct Average, Congo (Democratic Republic of the), COD
179.912, 1946, Nov Average, Congo (Democratic Republic of the), COD
196.385, 1946, Dec Average, Congo (Democratic Republic of the), COD
162.464, 1947, Jan Average, Congo (Democratic Republic of the), COD
119.262, 1947, Feb Average, Congo (Democratic Republic of the), COD
183.113, 1947, Mar Average, Congo (Democratic Republic of the), COD
181.825, 1947, Apr Average, Congo (Democratic Republic of the), COD
114.698, 1947, May Average, Congo (Democratic Republic of the), COD
70.6518, 1947, Jun Average, Congo (Democratic Republic of the), COD
80.7461, 1947, Jul Average, Congo (Democratic Republic of the), COD
79.6588, 1947, Aug Average, Congo (Democratic Republic of the), COD
111.187, 1947, Sep Average, Congo (Democratic Republic of the), COD
152.641, 1947, Oct Average, Congo (Democratic Republic of the), COD
149.173, 1947, Nov Average, Congo (Democratic Republic of the), COD
166.103, 1947, Dec Average, Congo (Democratic Republic of the), COD
142.51, 1948, Jan Average, Congo (Democratic Republic of the), COD
130.259, 1948, Feb Average, Congo (Democratic Republic of the), COD
158.252, 1948, Mar Average, Congo (Democratic Republic of the), COD
142.909, 1948, Apr Average, Congo (Democratic Republic of the), COD
125.3, 1948, May Average, Congo (Democratic Republic of the), COD
62.0978, 1948, Jun Average, Congo (Democratic Republic of the), COD
75.744, 1948, Jul Average, Congo (Democratic Republic of the), COD
110.787, 1948, Aug Average, Congo (Democratic Republic of the), COD
121.236, 1948, Sep Average, Congo (Democratic Republic of the), COD
178.473, 1948, Oct Average, Congo (Democratic Republic of the), COD
171.641, 1948, Nov Average, Congo (Democratic Republic of the), COD
115.087, 1948, Dec Average, Congo (Democratic Republic of the), COD
112.68, 1949, Jan Average, Congo (Democratic Republic of the), COD
106.611, 1949, Feb Average, Congo (Democratic Republic of the), COD
155.386, 1949, Mar Average, Congo (Democratic Republic of the), COD
144.59, 1949, Apr Average, Congo (Democratic Republic of the), COD
103.714, 1949, May Average, Congo (Democratic Republic of the), COD
62.1785, 1949, Jun Average, Congo (Democratic Republic of the), COD
78.4328, 1949, Jul Average, Congo (Democratic Republic of the), COD
88.8506, 1949, Aug Average, Congo (Democratic Republic of the), COD
120.841, 1949, Sep Average, Congo (Democratic Republic of the), COD
143.667, 1949, Oct Average, Congo (Democratic Republic of the), COD
152.028, 1949, Nov Average, Congo (Democratic Republic of the), COD
143.611, 1949, Dec Average, Congo (Democratic Republic of the), COD
114.958, 1950, Jan Average, Congo (Democratic Republic of the), COD
109.013, 1950, Feb Average, Congo (Democratic Republic of the), COD
209.118, 1950, Mar Average, Congo (Democratic Republic of the), COD
159.511, 1950, Apr Average, Congo (Democratic Republic of the), COD
121.751, 1950, May Average, Congo (Democratic Republic of the), COD
55.431, 1950, Jun Average, Congo (Democratic Republic of the), COD
86.5244, 1950, Jul Average, Congo (Democratic Republic of the), COD
107.552, 1950, Aug Average, Congo (Democratic Republic of the), COD
117.266, 1950, Sep Average, Congo (Democratic Republic of the), COD
188.517, 1950, Oct Average, Congo (Democratic Republic of the), COD
153.406, 1950, Nov Average, Congo (Democratic Republic of the), COD
143.312, 1950, Dec Average, Congo (Democratic Republic of the), COD
116.497, 1951, Jan Average, Congo (Democratic Republic of the), COD
111.395, 1951, Feb Average, Congo (Democratic Republic of the), COD
190.4, 1951, Mar Average, Congo (Democratic Republic of the), COD
131.636, 1951, Apr Average, Congo (Democratic Republic of the), COD
110.219, 1951, May Average, Congo (Democratic Republic of the), COD
72.6909, 1951, Jun Average, Congo (Democratic Republic of the), COD
52.7658, 1951, Jul Average, Congo (Democratic Republic of the), COD
78.8264, 1951, Aug Average, Congo (Democratic Republic of the), COD
130.255, 1951, Sep Average, Congo (Democratic Republic of the), COD
189.102, 1951, Oct Average, Congo (Democratic Republic of the), COD
205.155, 1951, Nov Average, Congo (Democratic Republic of the), COD
158.963, 1951, Dec Average, Congo (Democratic Republic of the), COD
98.4113, 1952, Jan Average, Congo (Democratic Republic of the), COD
127.466, 1952, Feb Average, Congo (Democratic Republic of the), COD
168.386, 1952, Mar Average, Congo (Democratic Republic of the), COD
167.912, 1952, Apr Average, Congo (Democratic Republic of the), COD
115.067, 1952, May Average, Congo (Democratic Republic of the), COD
56.7282, 1952, Jun Average, Congo (Democratic Republic of the), COD
64.9397, 1952, Jul Average, Congo (Democratic Republic of the), COD
79.633, 1952, Aug Average, Congo (Democratic Republic of the), COD
135.109, 1952, Sep Average, Congo (Democratic Republic of the), COD
166.171, 1952, Oct Average, Congo (Democratic Republic of the), COD
181.836, 1952, Nov Average, Congo (Democratic Republic of the), COD
142.968, 1952, Dec Average, Congo (Democratic Republic of the), COD
126.66, 1953, Jan Average, Congo (Democratic Republic of the), COD
116.371, 1953, Feb Average, Congo (Democratic Republic of the), COD
180.675, 1953, Mar Average, Congo (Democratic Republic of the), COD
170.152, 1953, Apr Average, Congo (Democratic Republic of the), COD
121.423, 1953, May Average, Congo (Democratic Republic of the), COD
55.8386, 1953, Jun Average, Congo (Democratic Republic of the), COD
54.8944, 1953, Jul Average, Congo (Democratic Republic of the), COD
76.3526, 1953, Aug Average, Congo (Democratic Republic of the), COD
111.473, 1953, Sep Average, Congo (Democratic Republic of the), COD
169.516, 1953, Oct Average, Congo (Democratic Republic of the), COD
164.779, 1953, Nov Average, Congo (Democratic Republic of the), COD
141.718, 1953, Dec Average, Congo (Democratic Republic of the), COD
111.537, 1954, Jan Average, Congo (Democratic Republic of the), COD
134.329, 1954, Feb Average, Congo (Democratic Republic of the), COD
162.041, 1954, Mar Average, Congo (Democratic Republic of the), COD
154.286, 1954, Apr Average, Congo (Democratic Republic of the), COD
152.141, 1954, May Average, Congo (Democratic Republic of the), COD
61.2512, 1954, Jun Average, Congo (Democratic Republic of the), COD
59.8509, 1954, Jul Average, Congo (Democratic Republic of the), COD
94.1755, 1954, Aug Average, Congo (Democratic Republic of the), COD
118.821, 1954, Sep Average, Congo (Democratic Republic of the), COD
149.598, 1954, Oct Average, Congo (Democratic Republic of the), COD
184.824, 1954, Nov Average, Congo (Democratic Republic of the), COD
174.903, 1954, Dec Average, Congo (Democratic Republic of the), COD
166.829, 1955, Jan Average, Congo (Democratic Republic of the), COD
109.78, 1955, Feb Average, Congo (Democratic Republic of the), COD
171.66, 1955, Mar Average, Congo (Democratic Republic of the), COD
192.81, 1955, Apr Average, Congo (Democratic Republic of the), COD
131.032, 1955, May Average, Congo (Democratic Republic of the), COD
49.5828, 1955, Jun Average, Congo (Democratic Republic of the), COD
78.8372, 1955, Jul Average, Congo (Democratic Republic of the), COD
78.7389, 1955, Aug Average, Congo (Democratic Republic of the), COD
157.332, 1955, Sep Average, Congo (Democratic Republic of the), COD
166.475, 1955, Oct Average, Congo (Democratic Republic of the), COD
150.052, 1955, Nov Average, Congo (Democratic Republic of the), COD
182.394, 1955, Dec Average, Congo (Democratic Republic of the), COD
134.588, 1956, Jan Average, Congo (Democratic Republic of the), COD
122.615, 1956, Feb Average, Congo (Democratic Republic of the), COD
170.044, 1956, Mar Average, Congo (Democratic Republic of the), COD
208.205, 1956, Apr Average, Congo (Democratic Republic of the), COD
120.59, 1956, May Average, Congo (Democratic Republic of the), COD
66.0027, 1956, Jun Average, Congo (Democratic Republic of the), COD
55.4048, 1956, Jul Average, Congo (Democratic Republic of the), COD
95.0329, 1956, Aug Average, Congo (Democratic Republic of the), COD
119.146, 1956, Sep Average, Congo (Democratic Republic of the), COD
168.497, 1956, Oct Average, Congo (Democratic Republic of the), COD
159.388, 1956, Nov Average, Congo (Democratic Republic of the), COD
188.963, 1956, Dec Average, Congo (Democratic Republic of the), COD
139.355, 1957, Jan Average, Congo (Democratic Republic of the), COD
108.4, 1957, Feb Average, Congo (Democratic Republic of the), COD
216.343, 1957, Mar Average, Congo (Democratic Republic of the), COD
188.232, 1957, Apr Average, Congo (Democratic Republic of the), COD
96.8652, 1957, May Average, Congo (Democratic Republic of the), COD
69.6174, 1957, Jun Average, Congo (Democratic Republic of the), COD
57.3973, 1957, Jul Average, Congo (Democratic Republic of the), COD
80.6843, 1957, Aug Average, Congo (Democratic Republic of the), COD
98.5726, 1957, Sep Average, Congo (Democratic Republic of the), COD
190.388, 1957, Oct Average, Congo (Democratic Republic of the), COD
154.669, 1957, Nov Average, Congo (Democratic Republic of the), COD
196.823, 1957, Dec Average, Congo (Democratic Republic of the), COD
118.703, 1958, Jan Average, Congo (Democratic Republic of the), COD
84.1349, 1958, Feb Average, Congo (Democratic Republic of the), COD
155.264, 1958, Mar Average, Congo (Democratic Republic of the), COD
158.793, 1958, Apr Average, Congo (Democratic Republic of the), COD
93.6819, 1958, May Average, Congo (Democratic Republic of the), COD
59.1036, 1958, Jun Average, Congo (Democratic Republic of the), COD
49.6211, 1958, Jul Average, Congo (Democratic Republic of the), COD
91.8714, 1958, Aug Average, Congo (Democratic Republic of the), COD
114.547, 1958, Sep Average, Congo (Democratic Republic of the), COD
167.775, 1958, Oct Average, Congo (Democratic Republic of the), COD
168.858, 1958, Nov Average, Congo (Democratic Republic of the), COD
153.242, 1958, Dec Average, Congo (Democratic Republic of the), COD
138.672, 1959, Jan Average, Congo (Democratic Republic of the), COD
124.571, 1959, Feb Average, Congo (Democratic Republic of the), COD
148.836, 1959, Mar Average, Congo (Democratic Republic of the), COD
151.794, 1959, Apr Average, Congo (Democratic Republic of the), COD
113.838, 1959, May Average, Congo (Democratic Republic of the), COD
52.9832, 1959, Jun Average, Congo (Democratic Republic of the), COD
53.4452, 1959, Jul Average, Congo (Democratic Republic of the), COD
93.8354, 1959, Aug Average, Congo (Democratic Republic of the), COD
131.759, 1959, Sep Average, Congo (Democratic Republic of the), COD
172.584, 1959, Oct Average, Congo (Democratic Republic of the), COD
181.485, 1959, Nov Average, Congo (Democratic Republic of the), COD
161.052, 1959, Dec Average, Congo (Democratic Republic of the), COD
132.15, 1960, Jan Average, Congo (Democratic Republic of the), COD
159.685, 1960, Feb Average, Congo (Democratic Republic of the), COD
196.443, 1960, Mar Average, Congo (Democratic Republic of the), COD
182.204, 1960, Apr Average, Congo (Democratic Republic of the), COD
104.028, 1960, May Average, Congo (Democratic Republic of the), COD
72.1112, 1960, Jun Average, Congo (Democratic Republic of the), COD
54.2109, 1960, Jul Average, Congo (Democratic Republic of the), COD
79.7262, 1960, Aug Average, Congo (Democratic Republic of the), COD
137.177, 1960, Sep Average, Congo (Democratic Republic of the), COD
179.644, 1960, Oct Average, Congo (Democratic Republic of the), COD
159.154, 1960, Nov Average, Congo (Democratic Republic of the), COD
146.477, 1960, Dec Average, Congo (Democratic Republic of the), COD
147.918, 1961, Jan Average, Congo (Democratic Republic of the), COD
135.361, 1961, Feb Average, Congo (Democratic Republic of the), COD
169.068, 1961, Mar Average, Congo (Democratic Republic of the), COD
170.741, 1961, Apr Average, Congo (Democratic Republic of the), COD
102.324, 1961, May Average, Congo (Democratic Republic of the), COD
62.364, 1961, Jun Average, Congo (Democratic Republic of the), COD
73.995, 1961, Jul Average, Congo (Democratic Republic of the), COD
94.1506, 1961, Aug Average, Congo (Democratic Republic of the), COD
163.244, 1961, Sep Average, Congo (Democratic Republic of the), COD
224.103, 1961, Oct Average, Congo (Democratic Republic of the), COD
230.609, 1961, Nov Average, Congo (Democratic Republic of the), COD
170.872, 1961, Dec Average, Congo (Democratic Republic of the), COD
112.053, 1962, Jan Average, Congo (Democratic Republic of the), COD
115.903, 1962, Feb Average, Congo (Democratic Republic of the), COD
212.382, 1962, Mar Average, Congo (Democratic Republic of the), COD
179.771, 1962, Apr Average, Congo (Democratic Republic of the), COD
113.121, 1962, May Average, Congo (Democratic Republic of the), COD
75.076, 1962, Jun Average, Congo (Democratic Republic of the), COD
62.2399, 1962, Jul Average, Congo (Democratic Republic of the), COD
109.951, 1962, Aug Average, Congo (Democratic Republic of the), COD
153.28, 1962, Sep Average, Congo (Democratic Republic of the), COD
179.109, 1962, Oct Average, Congo (Democratic Republic of the), COD
187.097, 1962, Nov Average, Congo (Democratic Republic of the), COD
151.191, 1962, Dec Average, Congo (Democratic Republic of the), COD
148.611, 1963, Jan Average, Congo (Democratic Republic of the), COD
117.127, 1963, Feb Average, Congo (Democratic Republic of the), COD
184.097, 1963, Mar Average, Congo (Democratic Republic of the), COD
202.219, 1963, Apr Average, Congo (Democratic Republic of the), COD
130.654, 1963, May Average, Congo (Democratic Republic of the), COD
58.9071, 1963, Jun Average, Congo (Democratic Republic of the), COD
75.6123, 1963, Jul Average, Congo (Democratic Republic of the), COD
80.0037, 1963, Aug Average, Congo (Democratic Republic of the), COD
108.483, 1963, Sep Average, Congo (Democratic Republic of the), COD
136.514, 1963, Oct Average, Congo (Democratic Republic of the), COD
211.442, 1963, Nov Average, Congo (Democratic Republic of the), COD
170.647, 1963, Dec Average, Congo (Democratic Republic of the), COD
126.627, 1964, Jan Average, Congo (Democratic Republic of the), COD
137.894, 1964, Feb Average, Congo (Democratic Republic of the), COD
149.15, 1964, Mar Average, Congo (Democratic Republic of the), COD
177.922, 1964, Apr Average, Congo (Democratic Republic of the), COD
101.294, 1964, May Average, Congo (Democratic Republic of the), COD
66.3458, 1964, Jun Average, Congo (Democratic Republic of the), COD
57.2317, 1964, Jul Average, Congo (Democratic Republic of the), COD
98.1481, 1964, Aug Average, Congo (Democratic Republic of the), COD
103.048, 1964, Sep Average, Congo (Democratic Republic of the), COD
175.796, 1964, Oct Average, Congo (Democratic Republic of the), COD
159.207, 1964, Nov Average, Congo (Democratic Republic of the), COD
176.607, 1964, Dec Average, Congo (Democratic Republic of the), COD
99.6842, 1965, Jan Average, Congo (Democratic Republic of the), COD
131.555, 1965, Feb Average, Congo (Democratic Republic of the), COD
198.334, 1965, Mar Average, Congo (Democratic Republic of the), COD
144.87, 1965, Apr Average, Congo (Democratic Republic of the), COD
79.1774, 1965, May Average, Congo (Democratic Republic of the), COD
53.7172, 1965, Jun Average, Congo (Democratic Republic of the), COD
61.0139, 1965, Jul Average, Congo (Democratic Republic of the), COD
88.8375, 1965, Aug Average, Congo (Democratic Republic of the), COD
146.964, 1965, Sep Average, Congo (Democratic Republic of the), COD
186.134, 1965, Oct Average, Congo (Democratic Republic of the), COD
184.444, 1965, Nov Average, Congo (Democratic Republic of the), COD
156.137, 1965, Dec Average, Congo (Democratic Republic of the), COD
143.869, 1966, Jan Average, Congo (Democratic Republic of the), COD
130.798, 1966, Feb Average, Congo (Democratic Republic of the), COD
212.281, 1966, Mar Average, Congo (Democratic Republic of the), COD
197.506, 1966, Apr Average, Congo (Democratic Republic of the), COD
93.9127, 1966, May Average, Congo (Democratic Republic of the), COD
78.4697, 1966, Jun Average, Congo (Democratic Republic of the), COD
59.7481, 1966, Jul Average, Congo (Democratic Republic of the), COD
114.685, 1966, Aug Average, Congo (Democratic Republic of the), COD
127.58, 1966, Sep Average, Congo (Democratic Republic of the), COD
144.089, 1966, Oct Average, Congo (Democratic Republic of the), COD
186.131, 1966, Nov Average, Congo (Democratic Republic of the), COD
123.293, 1966, Dec Average, Congo (Democratic Republic of the), COD
104.855, 1967, Jan Average, Congo (Democratic Republic of the), COD
104.712, 1967, Feb Average, Congo (Democratic Republic of the), COD
159.765, 1967, Mar Average, Congo (Democratic Republic of the), COD
133.692, 1967, Apr Average, Congo (Democratic Republic of the), COD
109.26, 1967, May Average, Congo (Democratic Republic of the), COD
73.4139, 1967, Jun Average, Congo (Democratic Republic of the), COD
53.7548, 1967, Jul Average, Congo (Democratic Republic of the), COD
94.9106, 1967, Aug Average, Congo (Democratic Republic of the), COD
140.409, 1967, Sep Average, Congo (Democratic Republic of the), COD
186.897, 1967, Oct Average, Congo (Democratic Republic of the), COD
203.254, 1967, Nov Average, Congo (Democratic Republic of the), COD
152.736, 1967, Dec Average, Congo (Democratic Republic of the), COD
118.697, 1968, Jan Average, Congo (Democratic Republic of the), COD
126.414, 1968, Feb Average, Congo (Democratic Republic of the), COD
174.863, 1968, Mar Average, Congo (Democratic Republic of the), COD
167.116, 1968, Apr Average, Congo (Democratic Republic of the), COD
103.344, 1968, May Average, Congo (Democratic Republic of the), COD
65.3439, 1968, Jun Average, Congo (Democratic Republic of the), COD
67.2394, 1968, Jul Average, Congo (Democratic Republic of the), COD
73.5182, 1968, Aug Average, Congo (Democratic Republic of the), COD
108.975, 1968, Sep Average, Congo (Democratic Republic of the), COD
161.184, 1968, Oct Average, Congo (Democratic Republic of the), COD
198.277, 1968, Nov Average, Congo (Democratic Republic of the), COD
173.608, 1968, Dec Average, Congo (Democratic Republic of the), COD
175.6, 1969, Jan Average, Congo (Democratic Republic of the), COD
138.492, 1969, Feb Average, Congo (Democratic Republic of the), COD
209.112, 1969, Mar Average, Congo (Democratic Republic of the), COD
159.874, 1969, Apr Average, Congo (Democratic Republic of the), COD
126.969, 1969, May Average, Congo (Democratic Republic of the), COD
53.3452, 1969, Jun Average, Congo (Democratic Republic of the), COD
70.1612, 1969, Jul Average, Congo (Democratic Republic of the), COD
97.7669, 1969, Aug Average, Congo (Democratic Republic of the), COD
114.79, 1969, Sep Average, Congo (Democratic Republic of the), COD
170.785, 1969, Oct Average, Congo (Democratic Republic of the), COD
176.652, 1969, Nov Average, Congo (Democratic Republic of the), COD
158.181, 1969, Dec Average, Congo (Democratic Republic of the), COD
167.863, 1970, Jan Average, Congo (Democratic Republic of the), COD
135.95, 1970, Feb Average, Congo (Democratic Republic of the), COD
169.201, 1970, Mar Average, Congo (Democratic Republic of the), COD
138.569, 1970, Apr Average, Congo (Democratic Republic of the), COD
90.1906, 1970, May Average, Congo (Democratic Republic of the), COD
78.0799, 1970, Jun Average, Congo (Democratic Republic of the), COD
71.6158, 1970, Jul Average, Congo (Democratic Republic of the), COD
108.345, 1970, Aug Average, Congo (Democratic Republic of the), COD
117.869, 1970, Sep Average, Congo (Democratic Republic of the), COD
158.42, 1970, Oct Average, Congo (Democratic Republic of the), COD
170.231, 1970, Nov Average, Congo (Democratic Republic of the), COD
127.755, 1970, Dec Average, Congo (Democratic Republic of the), COD
110.851, 1971, Jan Average, Congo (Democratic Republic of the), COD
119.5, 1971, Feb Average, Congo (Democratic Republic of the), COD
141.689, 1971, Mar Average, Congo (Democratic Republic of the), COD
138.871, 1971, Apr Average, Congo (Democratic Republic of the), COD
95.5219, 1971, May Average, Congo (Democratic Republic of the), COD
47.4552, 1971, Jun Average, Congo (Democratic Republic of the), COD
88.2054, 1971, Jul Average, Congo (Democratic Republic of the), COD
89.0108, 1971, Aug Average, Congo (Democratic Republic of the), COD
146.972, 1971, Sep Average, Congo (Democratic Republic of the), COD
152.659, 1971, Oct Average, Congo (Democratic Republic of the), COD
190.183, 1971, Nov Average, Congo (Democratic Republic of the), COD
133.457, 1971, Dec Average, Congo (Democratic Republic of the), COD
140.571, 1972, Jan Average, Congo (Democratic Republic of the), COD
111.355, 1972, Feb Average, Congo (Democratic Republic of the), COD
147.701, 1972, Mar Average, Congo (Democratic Republic of the), COD
138.869, 1972, Apr Average, Congo (Democratic Republic of the), COD
118.494, 1972, May Average, Congo (Democratic Republic of the), COD
72.0266, 1972, Jun Average, Congo (Democratic Republic of the), COD
54.8142, 1972, Jul Average, Congo (Democratic Republic of the), COD
87.8214, 1972, Aug Average, Congo (Democratic Republic of the), COD
112.652, 1972, Sep Average, Congo (Democratic Republic of the), COD
176.772, 1972, Oct Average, Congo (Democratic Republic of the), COD
185.199, 1972, Nov Average, Congo (Democratic Republic of the), COD
129.546, 1972, Dec Average, Congo (Democratic Republic of the), COD
115.663, 1973, Jan Average, Congo (Democratic Republic of the), COD
116.779, 1973, Feb Average, Congo (Democratic Republic of the), COD
129.04, 1973, Mar Average, Congo (Democratic Republic of the), COD
151.781, 1973, Apr Average, Congo (Democratic Republic of the), COD
133.35, 1973, May Average, Congo (Democratic Republic of the), COD
46.3577, 1973, Jun Average, Congo (Democratic Republic of the), COD
45.2896, 1973, Jul Average, Congo (Democratic Republic of the), COD
76.6522, 1973, Aug Average, Congo (Democratic Republic of the), COD
119.46, 1973, Sep Average, Congo (Democratic Republic of the), COD
169.213, 1973, Oct Average, Congo (Democratic Republic of the), COD
167.854, 1973, Nov Average, Congo (Democratic Republic of the), COD
131.506, 1973, Dec Average, Congo (Democratic Republic of the), COD
140.173, 1974, Jan Average, Congo (Democratic Republic of the), COD
121.612, 1974, Feb Average, Congo (Democratic Republic of the), COD
161.576, 1974, Mar Average, Congo (Democratic Republic of the), COD
155.788, 1974, Apr Average, Congo (Democratic Republic of the), COD
155.142, 1974, May Average, Congo (Democratic Republic of the), COD
66.7212, 1974, Jun Average, Congo (Democratic Republic of the), COD
67.2862, 1974, Jul Average, Congo (Democratic Republic of the), COD
86.4475, 1974, Aug Average, Congo (Democratic Republic of the), COD
125.487, 1974, Sep Average, Congo (Democratic Republic of the), COD
147.278, 1974, Oct Average, Congo (Democratic Republic of the), COD
158.322, 1974, Nov Average, Congo (Democratic Republic of the), COD
146.392, 1974, Dec Average, Congo (Democratic Republic of the), COD
109.934, 1975, Jan Average, Congo (Democratic Republic of the), COD
126.933, 1975, Feb Average, Congo (Democratic Republic of the), COD
150.828, 1975, Mar Average, Congo (Democratic Republic of the), COD
157.291, 1975, Apr Average, Congo (Democratic Republic of the), COD
110.071, 1975, May Average, Congo (Democratic Republic of the), COD
56.1934, 1975, Jun Average, Congo (Democratic Republic of the), COD
66.4888, 1975, Jul Average, Congo (Democratic Republic of the), COD
90.0784, 1975, Aug Average, Congo (Democratic Republic of the), COD
137.414, 1975, Sep Average, Congo (Democratic Republic of the), COD
167.69, 1975, Oct Average, Congo (Democratic Republic of the), COD
148.66, 1975, Nov Average, Congo (Democratic Republic of the), COD
154.523, 1975, Dec Average, Congo (Democratic Republic of the), COD
124.026, 1976, Jan Average, Congo (Democratic Republic of the), COD
149.135, 1976, Feb Average, Congo (Democratic Republic of the), COD
150.652, 1976, Mar Average, Congo (Democratic Republic of the), COD
189.947, 1976, Apr Average, Congo (Democratic Republic of the), COD
116.114, 1976, May Average, Congo (Democratic Republic of the), COD
53.013, 1976, Jun Average, Congo (Democratic Republic of the), COD
58.5542, 1976, Jul Average, Congo (Democratic Republic of the), COD
102.105, 1976, Aug Average, Congo (Democratic Republic of the), COD
126.778, 1976, Sep Average, Congo (Democratic Republic of the), COD
166.182, 1976, Oct Average, Congo (Democratic Republic of the), COD
164.504, 1976, Nov Average, Congo (Democratic Republic of the), COD
161.772, 1976, Dec Average, Congo (Democratic Republic of the), COD
135.947, 1977, Jan Average, Congo (Democratic Republic of the), COD
94.4546, 1977, Feb Average, Congo (Democratic Republic of the), COD
171.299, 1977, Mar Average, Congo (Democratic Republic of the), COD
184.627, 1977, Apr Average, Congo (Democratic Republic of the), COD
95.4826, 1977, May Average, Congo (Democratic Republic of the), COD
72.096, 1977, Jun Average, Congo (Democratic Republic of the), COD
67.7524, 1977, Jul Average, Congo (Democratic Republic of the), COD
112.93, 1977, Aug Average, Congo (Democratic Republic of the), COD
126.781, 1977, Sep Average, Congo (Democratic Republic of the), COD
182.315, 1977, Oct Average, Congo (Democratic Republic of the), COD
198.006, 1977, Nov Average, Congo (Democratic Republic of the), COD
168.44, 1977, Dec Average, Congo (Democratic Republic of the), COD
96.3874, 1978, Jan Average, Congo (Democratic Republic of the), COD
118.98, 1978, Feb Average, Congo (Democratic Republic of the), COD
166.494, 1978, Mar Average, Congo (Democratic Republic of the), COD
173.247, 1978, Apr Average, Congo (Democratic Republic of the), COD
91.0956, 1978, May Average, Congo (Democratic Republic of the), COD
77.8708, 1978, Jun Average, Congo (Democratic Republic of the), COD
61.6899, 1978, Jul Average, Congo (Democratic Republic of the), COD
103.189, 1978, Aug Average, Congo (Democratic Republic of the), COD
104.202, 1978, Sep Average, Congo (Democratic Republic of the), COD
177.975, 1978, Oct Average, Congo (Democratic Republic of the), COD
189.16, 1978, Nov Average, Congo (Democratic Republic of the), COD
158.361, 1978, Dec Average, Congo (Democratic Republic of the), COD
141.954, 1979, Jan Average, Congo (Democratic Republic of the), COD
152.309, 1979, Feb Average, Congo (Democratic Republic of the), COD
164.173, 1979, Mar Average, Congo (Democratic Republic of the), COD
176.701, 1979, Apr Average, Congo (Democratic Republic of the), COD
114.33, 1979, May Average, Congo (Democratic Republic of the), COD
63.3751, 1979, Jun Average, Congo (Democratic Republic of the), COD
57.0576, 1979, Jul Average, Congo (Democratic Republic of the), COD
82.0974, 1979, Aug Average, Congo (Democratic Republic of the), COD
92.7863, 1979, Sep Average, Congo (Democratic Republic of the), COD
157.68, 1979, Oct Average, Congo (Democratic Republic of the), COD
176.676, 1979, Nov Average, Congo (Democratic Republic of the), COD
150.846, 1979, Dec Average, Congo (Democratic Republic of the), COD
112.333, 1980, Jan Average, Congo (Democratic Republic of the), COD
128.039, 1980, Feb Average, Congo (Democratic Republic of the), COD
152.093, 1980, Mar Average, Congo (Democratic Republic of the), COD
166.706, 1980, Apr Average, Congo (Democratic Republic of the), COD
118.468, 1980, May Average, Congo (Democratic Republic of the), COD
66.0552, 1980, Jun Average, Congo (Democratic Republic of the), COD
72.3229, 1980, Jul Average, Congo (Democratic Republic of the), COD
88.7056, 1980, Aug Average, Congo (Democratic Republic of the), COD
126.925, 1980, Sep Average, Congo (Democratic Republic of the), COD
159.186, 1980, Oct Average, Congo (Democratic Republic of the), COD
170.613, 1980, Nov Average, Congo (Democratic Republic of the), COD
152.509, 1980, Dec Average, Congo (Democratic Republic of the), COD
116.479, 1981, Jan Average, Congo (Democratic Republic of the), COD
93.8756, 1981, Feb Average, Congo (Democratic Republic of the), COD
190.722, 1981, Mar Average, Congo (Democratic Republic of the), COD
141.304, 1981, Apr Average, Congo (Democratic Republic of the), COD
107.706, 1981, May Average, Congo (Democratic Republic of the), COD
57.8852, 1981, Jun Average, Congo (Democratic Republic of the), COD
62.4053, 1981, Jul Average, Congo (Democratic Republic of the), COD
98.654, 1981, Aug Average, Congo (Democratic Republic of the), COD
149.058, 1981, Sep Average, Congo (Democratic Republic of the), COD
172.256, 1981, Oct Average, Congo (Democratic Republic of the), COD
150.262, 1981, Nov Average, Congo (Democratic Republic of the), COD
135.353, 1981, Dec Average, Congo (Democratic Republic of the), COD
132.943, 1982, Jan Average, Congo (Democratic Republic of the), COD
101.072, 1982, Feb Average, Congo (Democratic Republic of the), COD
139.541, 1982, Mar Average, Congo (Democratic Republic of the), COD
155.747, 1982, Apr Average, Congo (Democratic Republic of the), COD
131.799, 1982, May Average, Congo (Democratic Republic of the), COD
73.0201, 1982, Jun Average, Congo (Democratic Republic of the), COD
58.4594, 1982, Jul Average, Congo (Democratic Republic of the), COD
86.7762, 1982, Aug Average, Congo (Democratic Republic of the), COD
119.481, 1982, Sep Average, Congo (Democratic Republic of the), COD
227.131, 1982, Oct Average, Congo (Democratic Republic of the), COD
197.535, 1982, Nov Average, Congo (Democratic Republic of the), COD
137.455, 1982, Dec Average, Congo (Democratic Republic of the), COD
118.902, 1983, Jan Average, Congo (Democratic Republic of the), COD
105.717, 1983, Feb Average, Congo (Democratic Republic of the), COD
132.755, 1983, Mar Average, Congo (Democratic Republic of the), COD
138.095, 1983, Apr Average, Congo (Democratic Republic of the), COD
105.524, 1983, May Average, Congo (Democratic Republic of the), COD
65.2736, 1983, Jun Average, Congo (Democratic Republic of the), COD
61.3627, 1983, Jul Average, Congo (Democratic Republic of the), COD
80.7752, 1983, Aug Average, Congo (Democratic Republic of the), COD
106.381, 1983, Sep Average, Congo (Democratic Republic of the), COD
206.897, 1983, Oct Average, Congo (Democratic Republic of the), COD
182.468, 1983, Nov Average, Congo (Democratic Republic of the), COD
143.082, 1983, Dec Average, Congo (Democratic Republic of the), COD
115.387, 1984, Jan Average, Congo (Democratic Republic of the), COD
110.605, 1984, Feb Average, Congo (Democratic Republic of the), COD
152.807, 1984, Mar Average, Congo (Democratic Republic of the), COD
133.962, 1984, Apr Average, Congo (Democratic Republic of the), COD
109.627, 1984, May Average, Congo (Democratic Republic of the), COD
47.3295, 1984, Jun Average, Congo (Democratic Republic of the), COD
72.3018, 1984, Jul Average, Congo (Democratic Republic of the), COD
106.217, 1984, Aug Average, Congo (Democratic Republic of the), COD
119.034, 1984, Sep Average, Congo (Democratic Republic of the), COD
162.833, 1984, Oct Average, Congo (Democratic Republic of the), COD
169.006, 1984, Nov Average, Congo (Democratic Republic of the), COD
151.208, 1984, Dec Average, Congo (Democratic Republic of the), COD
131.73, 1985, Jan Average, Congo (Democratic Republic of the), COD
115.317, 1985, Feb Average, Congo (Democratic Republic of the), COD
170.757, 1985, Mar Average, Congo (Democratic Republic of the), COD
189.139, 1985, Apr Average, Congo (Democratic Republic of the), COD
124.66, 1985, May Average, Congo (Democratic Republic of the), COD
57.154, 1985, Jun Average, Congo (Democratic Republic of the), COD
65.8423, 1985, Jul Average, Congo (Democratic Republic of the), COD
74.6096, 1985, Aug Average, Congo (Democratic Republic of the), COD
140.123, 1985, Sep Average, Congo (Democratic Republic of the), COD
137.878, 1985, Oct Average, Congo (Democratic Republic of the), COD
162.45, 1985, Nov Average, Congo (Democratic Republic of the), COD
156.026, 1985, Dec Average, Congo (Democratic Republic of the), COD
130.728, 1986, Jan Average, Congo (Democratic Republic of the), COD
122.26, 1986, Feb Average, Congo (Democratic Republic of the), COD
178.102, 1986, Mar Average, Congo (Democratic Republic of the), COD
168.355, 1986, Apr Average, Congo (Democratic Republic of the), COD
104.012, 1986, May Average, Congo (Democratic Republic of the), COD
71.9608, 1986, Jun Average, Congo (Democratic Republic of the), COD
64.6692, 1986, Jul Average, Congo (Democratic Republic of the), COD
61.7105, 1986, Aug Average, Congo (Democratic Republic of the), COD
139.12, 1986, Sep Average, Congo (Democratic Republic of the), COD
181.699, 1986, Oct Average, Congo (Democratic Republic of the), COD
180.332, 1986, Nov Average, Congo (Democratic Republic of the), COD
155.203, 1986, Dec Average, Congo (Democratic Republic of the), COD
114.694, 1987, Jan Average, Congo (Democratic Republic of the), COD
156.957, 1987, Feb Average, Congo (Democratic Republic of the), COD
171.024, 1987, Mar Average, Congo (Democratic Republic of the), COD
149.278, 1987, Apr Average, Congo (Democratic Republic of the), COD
100.628, 1987, May Average, Congo (Democratic Republic of the), COD
67.1397, 1987, Jun Average, Congo (Democratic Republic of the), COD
53.4545, 1987, Jul Average, Congo (Democratic Republic of the), COD
91.0173, 1987, Aug Average, Congo (Democratic Republic of the), COD
144.841, 1987, Sep Average, Congo (Democratic Republic of the), COD
179.419, 1987, Oct Average, Congo (Democratic Republic of the), COD
187.35, 1987, Nov Average, Congo (Democratic Republic of the), COD
139.366, 1987, Dec Average, Congo (Democratic Republic of the), COD
124.314, 1988, Jan Average, Congo (Democratic Republic of the), COD
126.057, 1988, Feb Average, Congo (Democratic Republic of the), COD
167.253, 1988, Mar Average, Congo (Democratic Republic of the), COD
154.761, 1988, Apr Average, Congo (Democratic Republic of the), COD
102.609, 1988, May Average, Congo (Democratic Republic of the), COD
68.349, 1988, Jun Average, Congo (Democratic Republic of the), COD
76.5282, 1988, Jul Average, Congo (Democratic Republic of the), COD
99.4938, 1988, Aug Average, Congo (Democratic Republic of the), COD
123.618, 1988, Sep Average, Congo (Democratic Republic of the), COD
178.779, 1988, Oct Average, Congo (Democratic Republic of the), COD
180.969, 1988, Nov Average, Congo (Democratic Republic of the), COD
161.667, 1988, Dec Average, Congo (Democratic Republic of the), COD
133.78, 1989, Jan Average, Congo (Democratic Republic of the), COD
111.686, 1989, Feb Average, Congo (Democratic Republic of the), COD
181.09, 1989, Mar Average, Congo (Democratic Republic of the), COD
151.24, 1989, Apr Average, Congo (Democratic Republic of the), COD
107.721, 1989, May Average, Congo (Democratic Republic of the), COD
51.0075, 1989, Jun Average, Congo (Democratic Republic of the), COD
52.5192, 1989, Jul Average, Congo (Democratic Republic of the), COD
101.709, 1989, Aug Average, Congo (Democratic Republic of the), COD
141.949, 1989, Sep Average, Congo (Democratic Republic of the), COD
189.098, 1989, Oct Average, Congo (Democratic Republic of the), COD
185.339, 1989, Nov Average, Congo (Democratic Republic of the), COD
172.614, 1989, Dec Average, Congo (Democratic Republic of the), COD
124.851, 1990, Jan Average, Congo (Democratic Republic of the), COD
142.233, 1990, Feb Average, Congo (Democratic Republic of the), COD
159.88, 1990, Mar Average, Congo (Democratic Republic of the), COD
154.34, 1990, Apr Average, Congo (Democratic Republic of the), COD
124.082, 1990, May Average, Congo (Democratic Republic of the), COD
54.9066, 1990, Jun Average, Congo (Democratic Republic of the), COD
62.4063, 1990, Jul Average, Congo (Democratic Republic of the), COD
95.8719, 1990, Aug Average, Congo (Democratic Republic of the), COD
132.853, 1990, Sep Average, Congo (Democratic Republic of the), COD
153.623, 1990, Oct Average, Congo (Democratic Republic of the), COD
161.326, 1990, Nov Average, Congo (Democratic Republic of the), COD
172.671, 1990, Dec Average, Congo (Democratic Republic of the), COD
133.73, 1991, Jan Average, Congo (Democratic Republic of the), COD
119.89, 1991, Feb Average, Congo (Democratic Republic of the), COD
173.308, 1991, Mar Average, Congo (Democratic Republic of the), COD
140.971, 1991, Apr Average, Congo (Democratic Republic of the), COD
115.047, 1991, May Average, Congo (Democratic Republic of the), COD
56.4357, 1991, Jun Average, Congo (Democratic Republic of the), COD
66.4634, 1991, Jul Average, Congo (Democratic Republic of the), COD
102.01, 1991, Aug Average, Congo (Democratic Republic of the), COD
93.9333, 1991, Sep Average, Congo (Democratic Republic of the), COD
183.45, 1991, Oct Average, Congo (Democratic Republic of the), COD
161.608, 1991, Nov Average, Congo (Democratic Republic of the), COD
115.97, 1991, Dec Average, Congo (Democratic Republic of the), COD
111.314, 1992, Jan Average, Congo (Democratic Republic of the), COD
110.766, 1992, Feb Average, Congo (Democratic Republic of the), COD
112.465, 1992, Mar Average, Congo (Democratic Republic of the), COD
142.487, 1992, Apr Average, Congo (Democratic Republic of the), COD
146.822, 1992, May Average, Congo (Democratic Republic of the), COD
70.9799, 1992, Jun Average, Congo (Democratic Republic of the), COD
46.6034, 1992, Jul Average, Congo (Democratic Republic of the), COD
60.0476, 1992, Aug Average, Congo (Democratic Republic of the), COD
135.765, 1992, Sep Average, Congo (Democratic Republic of the), COD
161.979, 1992, Oct Average, Congo (Democratic Republic of the), COD
169.496, 1992, Nov Average, Congo (Democratic Republic of the), COD
126.662, 1992, Dec Average, Congo (Democratic Republic of the), COD
154.826, 1993, Jan Average, Congo (Democratic Republic of the), COD
115.277, 1993, Feb Average, Congo (Democratic Republic of the), COD
167.51, 1993, Mar Average, Congo (Democratic Republic of the), COD
141.671, 1993, Apr Average, Congo (Democratic Republic of the), COD
111.769, 1993, May Average, Congo (Democratic Republic of the), COD
78.4612, 1993, Jun Average, Congo (Democratic Republic of the), COD
53.8772, 1993, Jul Average, Congo (Democratic Republic of the), COD
74.4452, 1993, Aug Average, Congo (Democratic Republic of the), COD
84.3206, 1993, Sep Average, Congo (Democratic Republic of the), COD
107.625, 1993, Oct Average, Congo (Democratic Republic of the), COD
174.138, 1993, Nov Average, Congo (Democratic Republic of the), COD
147.451, 1993, Dec Average, Congo (Democratic Republic of the), COD
150.131, 1994, Jan Average, Congo (Democratic Republic of the), COD
89.6311, 1994, Feb Average, Congo (Democratic Republic of the), COD
106.852, 1994, Mar Average, Congo (Democratic Republic of the), COD
144.022, 1994, Apr Average, Congo (Democratic Republic of the), COD
105.045, 1994, May Average, Congo (Democratic Republic of the), COD
55.7598, 1994, Jun Average, Congo (Democratic Republic of the), COD
49.9543, 1994, Jul Average, Congo (Democratic Republic of the), COD
88.6438, 1994, Aug Average, Congo (Democratic Republic of the), COD
77.1595, 1994, Sep Average, Congo (Democratic Republic of the), COD
165.087, 1994, Oct Average, Congo (Democratic Republic of the), COD
192.842, 1994, Nov Average, Congo (Democratic Republic of the), COD
161.554, 1994, Dec Average, Congo (Democratic Republic of the), COD
112.339, 1995, Jan Average, Congo (Democratic Republic of the), COD
96.9483, 1995, Feb Average, Congo (Democratic Republic of the), COD
135.895, 1995, Mar Average, Congo (Democratic Republic of the), COD
154.266, 1995, Apr Average, Congo (Democratic Republic of the), COD
121.839, 1995, May Average, Congo (Democratic Republic of the), COD
66.9752, 1995, Jun Average, Congo (Democratic Republic of the), COD
47.038, 1995, Jul Average, Congo (Democratic Republic of the), COD
63.2002, 1995, Aug Average, Congo (Democratic Republic of the), COD
124.832, 1995, Sep Average, Congo (Democratic Republic of the), COD
190.684, 1995, Oct Average, Congo (Democratic Republic of the), COD
159.886, 1995, Nov Average, Congo (Democratic Republic of the), COD
172.701, 1995, Dec Average, Congo (Democratic Republic of the), COD
121.822, 1996, Jan Average, Congo (Democratic Republic of the), COD
102.719, 1996, Feb Average, Congo (Democratic Republic of the), COD
203.298, 1996, Mar Average, Congo (Democratic Republic of the), COD
125.886, 1996, Apr Average, Congo (Democratic Republic of the), COD
97.457, 1996, May Average, Congo (Democratic Republic of the), COD
59.839, 1996, Jun Average, Congo (Democratic Republic of the), COD
45.0158, 1996, Jul Average, Congo (Democratic Republic of the), COD
73.9392, 1996, Aug Average, Congo (Democratic Republic of the), COD
108.152, 1996, Sep Average, Congo (Democratic Republic of the), COD
165.306, 1996, Oct Average, Congo (Democratic Republic of the), COD
163.121, 1996, Nov Average, Congo (Democratic Republic of the), COD
115.164, 1996, Dec Average, Congo (Democratic Republic of the), COD
126.317, 1997, Jan Average, Congo (Democratic Republic of the), COD
77.6637, 1997, Feb Average, Congo (Democratic Republic of the), COD
167.602, 1997, Mar Average, Congo (Democratic Republic of the), COD
203.636, 1997, Apr Average, Congo (Democratic Republic of the), COD
92.0212, 1997, May Average, Congo (Democratic Republic of the), COD
59.4735, 1997, Jun Average, Congo (Democratic Republic of the), COD
58.1536, 1997, Jul Average, Congo (Democratic Republic of the), COD
70.9374, 1997, Aug Average, Congo (Democratic Republic of the), COD
120.498, 1997, Sep Average, Congo (Democratic Republic of the), COD
215.145, 1997, Oct Average, Congo (Democratic Republic of the), COD
162.815, 1997, Nov Average, Congo (Democratic Republic of the), COD
199.796, 1997, Dec Average, Congo (Democratic Republic of the), COD
160.765, 1998, Jan Average, Congo (Democratic Republic of the), COD
91.0743, 1998, Feb Average, Congo (Democratic Republic of the), COD
148.792, 1998, Mar Average, Congo (Democratic Republic of the), COD
137.602, 1998, Apr Average, Congo (Democratic Republic of the), COD
90.6214, 1998, May Average, Congo (Democratic Republic of the), COD
61.0706, 1998, Jun Average, Congo (Democratic Republic of the), COD
61.7452, 1998, Jul Average, Congo (Democratic Republic of the), COD
86.4283, 1998, Aug Average, Congo (Democratic Republic of the), COD
147.383, 1998, Sep Average, Congo (Democratic Republic of the), COD
142.613, 1998, Oct Average, Congo (Democratic Republic of the), COD
145.378, 1998, Nov Average, Congo (Democratic Republic of the), COD
121.884, 1998, Dec Average, Congo (Democratic Republic of the), COD
126.028, 1999, Jan Average, Congo (Democratic Republic of the), COD
85.3722, 1999, Feb Average, Congo (Democratic Republic of the), COD
165.135, 1999, Mar Average, Congo (Democratic Republic of the), COD
135.513, 1999, Apr Average, Congo (Democratic Republic of the), COD
103.162, 1999, May Average, Congo (Democratic Republic of the), COD
51.4107, 1999, Jun Average, Congo (Democratic Republic of the), COD
59.1207, 1999, Jul Average, Congo (Democratic Republic of the), COD
144.684, 1999, Aug Average, Congo (Democratic Republic of the), COD
110.534, 1999, Sep Average, Congo (Democratic Republic of the), COD
163.47, 1999, Oct Average, Congo (Democratic Republic of the), COD
202.082, 1999, Nov Average, Congo (Democratic Republic of the), COD
148.201, 1999, Dec Average, Congo (Democratic Republic of the), COD
103.244, 2000, Jan Average, Congo (Democratic Republic of the), COD
106.54, 2000, Feb Average, Congo (Democratic Republic of the), COD
134.096, 2000, Mar Average, Congo (Democratic Republic of the), COD
127.264, 2000, Apr Average, Congo (Democratic Republic of the), COD
135.978, 2000, May Average, Congo (Democratic Republic of the), COD
64.7913, 2000, Jun Average, Congo (Democratic Republic of the), COD
56.4917, 2000, Jul Average, Congo (Democratic Republic of the), COD
89.021, 2000, Aug Average, Congo (Democratic Republic of the), COD
116.59, 2000, Sep Average, Congo (Democratic Republic of the), COD
160.43, 2000, Oct Average, Congo (Democratic Republic of the), COD
180.643, 2000, Nov Average, Congo (Democratic Republic of the), COD
151.517, 2000, Dec Average, Congo (Democratic Republic of the), COD
162.01, 2001, Jan Average, Congo (Democratic Republic of the), COD
95.2781, 2001, Feb Average, Congo (Democratic Republic of the), COD
153.677, 2001, Mar Average, Congo (Democratic Republic of the), COD
128.908, 2001, Apr Average, Congo (Democratic Republic of the), COD
91.5717, 2001, May Average, Congo (Democratic Republic of the), COD
57.3146, 2001, Jun Average, Congo (Democratic Republic of the), COD
84.5215, 2001, Jul Average, Congo (Democratic Republic of the), COD
72.4331, 2001, Aug Average, Congo (Democratic Republic of the), COD
105.343, 2001, Sep Average, Congo (Democratic Republic of the), COD
159.613, 2001, Oct Average, Congo (Democratic Republic of the), COD
143.171, 2001, Nov Average, Congo (Democratic Republic of the), COD
135.395, 2001, Dec Average, Congo (Democratic Republic of the), COD
186.301, 2002, Jan Average, Congo (Democratic Republic of the), COD
128.658, 2002, Feb Average, Congo (Democratic Republic of the), COD
174.752, 2002, Mar Average, Congo (Democratic Republic of the), COD
131.524, 2002, Apr Average, Congo (Democratic Republic of the), COD
107.873, 2002, May Average, Congo (Democratic Republic of the), COD
45.7047, 2002, Jun Average, Congo (Democratic Republic of the), COD
54.3129, 2002, Jul Average, Congo (Democratic Republic of the), COD
86.9933, 2002, Aug Average, Congo (Democratic Republic of the), COD
131.642, 2002, Sep Average, Congo (Democratic Republic of the), COD
193.688, 2002, Oct Average, Congo (Democratic Republic of the), COD
186.252, 2002, Nov Average, Congo (Democratic Republic of the), COD
185.88, 2002, Dec Average, Congo (Democratic Republic of the), COD
134.484, 2003, Jan Average, Congo (Democratic Republic of the), COD
111.146, 2003, Feb Average, Congo (Democratic Republic of the), COD
150.223, 2003, Mar Average, Congo (Democratic Republic of the), COD
128.355, 2003, Apr Average, Congo (Democratic Republic of the), COD
96.6233, 2003, May Average, Congo (Democratic Republic of the), COD
53.5012, 2003, Jun Average, Congo (Democratic Republic of the), COD
54.6421, 2003, Jul Average, Congo (Democratic Republic of the), COD
87.6263, 2003, Aug Average, Congo (Democratic Republic of the), COD
124.17, 2003, Sep Average, Congo (Democratic Republic of the), COD
172.698, 2003, Oct Average, Congo (Democratic Republic of the), COD
151.312, 2003, Nov Average, Congo (Democratic Republic of the), COD
128.588, 2003, Dec Average, Congo (Democratic Republic of the), COD
122.269, 2004, Jan Average, Congo (Democratic Republic of the), COD
89.1753, 2004, Feb Average, Congo (Democratic Republic of the), COD
123.23, 2004, Mar Average, Congo (Democratic Republic of the), COD
138.524, 2004, Apr Average, Congo (Democratic Republic of the), COD
63.876, 2004, May Average, Congo (Democratic Republic of the), COD
61.9093, 2004, Jun Average, Congo (Democratic Republic of the), COD
55.3461, 2004, Jul Average, Congo (Democratic Republic of the), COD
94.7151, 2004, Aug Average, Congo (Democratic Republic of the), COD
126.272, 2004, Sep Average, Congo (Democratic Republic of the), COD
146.717, 2004, Oct Average, Congo (Democratic Republic of the), COD
143.577, 2004, Nov Average, Congo (Democratic Republic of the), COD
159.024, 2004, Dec Average, Congo (Democratic Republic of the), COD
137.217, 2005, Jan Average, Congo (Democratic Republic of the), COD
92.5993, 2005, Feb Average, Congo (Democratic Republic of the), COD
163.25, 2005, Mar Average, Congo (Democratic Republic of the), COD
131.195, 2005, Apr Average, Congo (Democratic Republic of the), COD
97.1, 2005, May Average, Congo (Democratic Republic of the), COD
46.933, 2005, Jun Average, Congo (Democratic Republic of the), COD
46.6737, 2005, Jul Average, Congo (Democratic Republic of the), COD
80.3207, 2005, Aug Average, Congo (Democratic Republic of the), COD
136.169, 2005, Sep Average, Congo (Democratic Republic of the), COD
142.123, 2005, Oct Average, Congo (Democratic Republic of the), COD
130.644, 2005, Nov Average, Congo (Democratic Republic of the), COD
140.416, 2005, Dec Average, Congo (Democratic Republic of the), COD
106.083, 2006, Jan Average, Congo (Democratic Republic of the), COD
140.054, 2006, Feb Average, Congo (Democratic Republic of the), COD
172.887, 2006, Mar Average, Congo (Democratic Republic of the), COD
155.453, 2006, Apr Average, Congo (Democratic Republic of the), COD
121.25, 2006, May Average, Congo (Democratic Republic of the), COD
57.2902, 2006, Jun Average, Congo (Democratic Republic of the), COD
66.7317, 2006, Jul Average, Congo (Democratic Republic of the), COD
94.4449, 2006, Aug Average, Congo (Democratic Republic of the), COD
136.553, 2006, Sep Average, Congo (Democratic Republic of the), COD
196.632, 2006, Oct Average, Congo (Democratic Republic of the), COD
234.816, 2006, Nov Average, Congo (Democratic Republic of the), COD
142.18, 2006, Dec Average, Congo (Democratic Republic of the), COD
103.006, 2007, Jan Average, Congo (Democratic Republic of the), COD
81.3794, 2007, Feb Average, Congo (Democratic Republic of the), COD
154.051, 2007, Mar Average, Congo (Democratic Republic of the), COD
145.247, 2007, Apr Average, Congo (Democratic Republic of the), COD
86.5992, 2007, May Average, Congo (Democratic Republic of the), COD
70.2482, 2007, Jun Average, Congo (Democratic Republic of the), COD
104.002, 2007, Jul Average, Congo (Democratic Republic of the), COD
103.041, 2007, Aug Average, Congo (Democratic Republic of the), COD
128.372, 2007, Sep Average, Congo (Democratic Republic of the), COD
172.828, 2007, Oct Average, Congo (Democratic Republic of the), COD
200.658, 2007, Nov Average, Congo (Democratic Republic of the), COD
163.145, 2007, Dec Average, Congo (Democratic Republic of the), COD
166.006, 2008, Jan Average, Congo (Democratic Republic of the), COD
104.422, 2008, Feb Average, Congo (Democratic Republic of the), COD
166.244, 2008, Mar Average, Congo (Democratic Republic of the), COD
145.61, 2008, Apr Average, Congo (Democratic Republic of the), COD
109.25, 2008, May Average, Congo (Democratic Republic of the), COD
66.8011, 2008, Jun Average, Congo (Democratic Republic of the), COD
70.334, 2008, Jul Average, Congo (Democratic Republic of the), COD
89.4226, 2008, Aug Average, Congo (Democratic Republic of the), COD
136.097, 2008, Sep Average, Congo (Democratic Republic of the), COD
149.052, 2008, Oct Average, Congo (Democratic Republic of the), COD
144.534, 2008, Nov Average, Congo (Democratic Republic of the), COD
141.547, 2008, Dec Average, Congo (Democratic Republic of the), COD
108.606, 2009, Jan Average, Congo (Democratic Republic of the), COD
141.761, 2009, Feb Average, Congo (Democratic Republic of the), COD
155.077, 2009, Mar Average, Congo (Democratic Republic of the), COD
171.959, 2009, Apr Average, Congo (Democratic Republic of the), COD
109.383, 2009, May Average, Congo (Democratic Republic of the), COD
72.6435, 2009, Jun Average, Congo (Democratic Republic of the), COD
62.2526, 2009, Jul Average, Congo (Democratic Republic of the), COD
90.859, 2009, Aug Average, Congo (Democratic Republic of the), COD
112.347, 2009, Sep Average, Congo (Democratic Republic of the), COD
161.503, 2009, Oct Average, Congo (Democratic Republic of the), COD
168.694, 2009, Nov Average, Congo (Democratic Republic of the), COD
177.157, 2009, Dec Average, Congo (Democratic Republic of the), COD
90.6279, 2010, Jan Average, Congo (Democratic Republic of the), COD
157.371, 2010, Feb Average, Congo (Democratic Republic of the), COD
190.688, 2010, Mar Average, Congo (Democratic Republic of the), COD
137.225, 2010, Apr Average, Congo (Democratic Republic of the), COD
118.387, 2010, May Average, Congo (Democratic Republic of the), COD
72.7412, 2010, Jun Average, Congo (Democratic Republic of the), COD
68.2983, 2010, Jul Average, Congo (Democratic Republic of the), COD
65.8337, 2010, Aug Average, Congo (Democratic Republic of the), COD
116.602, 2010, Sep Average, Congo (Democratic Republic of the), COD
164.835, 2010, Oct Average, Congo (Democratic Republic of the), COD
157.355, 2010, Nov Average, Congo (Democratic Republic of the), COD
137.974, 2010, Dec Average, Congo (Democratic Republic of the), COD
114.678, 2011, Jan Average, Congo (Democratic Republic of the), COD
111.728, 2011, Feb Average, Congo (Democratic Republic of the), COD
160.301, 2011, Mar Average, Congo (Democratic Republic of the), COD
148.87, 2011, Apr Average, Congo (Democratic Republic of the), COD
102.23, 2011, May Average, Congo (Democratic Republic of the), COD
53.3154, 2011, Jun Average, Congo (Democratic Republic of the), COD
70.4274, 2011, Jul Average, Congo (Democratic Republic of the), COD
89.1067, 2011, Aug Average, Congo (Democratic Republic of the), COD
167.522, 2011, Sep Average, Congo (Democratic Republic of the), COD
172.053, 2011, Oct Average, Congo (Democratic Republic of the), COD
193.169, 2011, Nov Average, Congo (Democratic Republic of the), COD
149.648, 2011, Dec Average, Congo (Democratic Republic of the), COD
76.5066, 2012, Jan Average, Congo (Democratic Republic of the), COD
118.005, 2012, Feb Average, Congo (Democratic Republic of the), COD
171.946, 2012, Mar Average, Congo (Democratic Republic of the), COD
136.926, 2012, Apr Average, Congo (Democratic Republic of the), COD
115.489, 2012, May Average, Congo (Democratic Republic of the), COD
70.9336, 2012, Jun Average, Congo (Democratic Republic of the), COD
62.0287, 2012, Jul Average, Congo (Democratic Republic of the), COD
92.7075, 2012, Aug Average, Congo (Democratic Republic of the), COD
113.997, 2012, Sep Average, Congo (Democratic Republic of the), COD
163.655, 2012, Oct Average, Congo (Democratic Republic of the), COD
184.67, 2012, Nov Average, Congo (Democratic Republic of the), COD
171.201, 2012, Dec Average, Congo (Democratic Republic of the), COD
131.489, 2013, Jan Average, Congo (Democratic Republic of the), COD
115.403, 2013, Feb Average, Congo (Democratic Republic of the), COD
172.895, 2013, Mar Average, Congo (Democratic Republic of the), COD
155.223, 2013, Apr Average, Congo (Democratic Republic of the), COD
100.59, 2013, May Average, Congo (Democratic Republic of the), COD
53.2359, 2013, Jun Average, Congo (Democratic Republic of the), COD
60.831, 2013, Jul Average, Congo (Democratic Republic of the), COD
83.1251, 2013, Aug Average, Congo (Democratic Republic of the), COD
129.525, 2013, Sep Average, Congo (Democratic Republic of the), COD
166.346, 2013, Oct Average, Congo (Democratic Republic of the), COD
201.256, 2013, Nov Average, Congo (Democratic Republic of the), COD
164.43, 2013, Dec Average, Congo (Democratic Republic of the), COD
120.374, 2014, Jan Average, Congo (Democratic Republic of the), COD
124.869, 2014, Feb Average, Congo (Democratic Republic of the), COD
163.515, 2014, Mar Average, Congo (Democratic Republic of the), COD
143.205, 2014, Apr Average, Congo (Democratic Republic of the), COD
110.556, 2014, May Average, Congo (Democratic Republic of the), COD
53.622, 2014, Jun Average, Congo (Democratic Republic of the), COD
60.2072, 2014, Jul Average, Congo (Democratic Republic of the), COD
87.9299, 2014, Aug Average, Congo (Democratic Republic of the), COD
115.584, 2014, Sep Average, Congo (Democratic Republic of the), COD
172.675, 2014, Oct Average, Congo (Democratic Republic of the), COD
173.272, 2014, Nov Average, Congo (Democratic Republic of the), COD
145.517, 2014, Dec Average, Congo (Democratic Republic of the), COD
122.272, 2015, Jan Average, Congo (Democratic Republic of the), COD
128.644, 2015, Feb Average, Congo (Democratic Republic of the), COD
181.687, 2015, Mar Average, Congo (Democratic Republic of the), COD
145.19, 2015, Apr Average, Congo (Democratic Republic of the), COD
115.347, 2015, May Average, Congo (Democratic Republic of the), COD
53.9302, 2015, Jun Average, Congo (Democratic Republic of the), COD
53.0929, 2015, Jul Average, Congo (Democratic Republic of the), COD
74.0691, 2015, Aug Average, Congo (Democratic Republic of the), COD
127.53, 2015, Sep Average, Congo (Democratic Republic of the), COD
156.987, 2015, Oct Average, Congo (Democratic Republic of the), COD
193.062, 2015, Nov Average, Congo (Democratic Republic of the), COD
149.897, 2015, Dec Average, Congo (Democratic Republic of the), COD
131.787, 2016, Jan Average, Congo (Democratic Republic of the), COD
125.974, 2016, Feb Average, Congo (Democratic Republic of the), COD
169.015, 2016, Mar Average, Congo (Democratic Republic of the), COD
177.439, 2016, Apr Average, Congo (Democratic Republic of the), COD
108.859, 2016, May Average, Congo (Democratic Republic of the), COD
63.1756, 2016, Jun Average, Congo (Democratic Republic of the), COD
66.7005, 2016, Jul Average, Congo (Democratic Republic of the), COD
88.5452, 2016, Aug Average, Congo (Democratic Republic of the), COD
127.134, 2016, Sep Average, Congo (Democratic Republic of the), COD
158.837, 2016, Oct Average, Congo (Democratic Republic of the), COD
163.644, 2016, Nov Average, Congo (Democratic Republic of the), COD
157.16, 2016, Dec Average, Congo (Democratic Republic of the), COD
