39.4423, 1901, Jan Average, Uganda, UGA
72.6007, 1901, Feb Average, Uganda, UGA
90.9371, 1901, Mar Average, Uganda, UGA
145.19, 1901, Apr Average, Uganda, UGA
119.585, 1901, May Average, Uganda, UGA
73.8086, 1901, Jun Average, Uganda, UGA
83.0512, 1901, Jul Average, Uganda, UGA
36.2741, 1901, Aug Average, Uganda, UGA
55.7509, 1901, Sep Average, Uganda, UGA
70.0489, 1901, Oct Average, Uganda, UGA
91.5435, 1901, Nov Average, Uganda, UGA
37.546, 1901, Dec Average, Uganda, UGA
36.0722, 1902, Jan Average, Uganda, UGA
61.0104, 1902, Feb Average, Uganda, UGA
43.6043, 1902, Mar Average, Uganda, UGA
159.006, 1902, Apr Average, Uganda, UGA
138.858, 1902, May Average, Uganda, UGA
76.9807, 1902, Jun Average, Uganda, UGA
112.332, 1902, Jul Average, Uganda, UGA
176.175, 1902, Aug Average, Uganda, UGA
147.862, 1902, Sep Average, Uganda, UGA
136.043, 1902, Oct Average, Uganda, UGA
120.242, 1902, Nov Average, Uganda, UGA
65.8014, 1902, Dec Average, Uganda, UGA
69.8483, 1903, Jan Average, Uganda, UGA
28.6335, 1903, Feb Average, Uganda, UGA
101.905, 1903, Mar Average, Uganda, UGA
146.805, 1903, Apr Average, Uganda, UGA
148.331, 1903, May Average, Uganda, UGA
209.236, 1903, Jun Average, Uganda, UGA
108.783, 1903, Jul Average, Uganda, UGA
59.1576, 1903, Aug Average, Uganda, UGA
157.198, 1903, Sep Average, Uganda, UGA
167.683, 1903, Oct Average, Uganda, UGA
71.2041, 1903, Nov Average, Uganda, UGA
54.2515, 1903, Dec Average, Uganda, UGA
28.5248, 1904, Jan Average, Uganda, UGA
58.6563, 1904, Feb Average, Uganda, UGA
117.46, 1904, Mar Average, Uganda, UGA
107.43, 1904, Apr Average, Uganda, UGA
114.153, 1904, May Average, Uganda, UGA
67.8346, 1904, Jun Average, Uganda, UGA
60.369, 1904, Jul Average, Uganda, UGA
166.111, 1904, Aug Average, Uganda, UGA
104.035, 1904, Sep Average, Uganda, UGA
101.472, 1904, Oct Average, Uganda, UGA
112.363, 1904, Nov Average, Uganda, UGA
89.5629, 1904, Dec Average, Uganda, UGA
44.3108, 1905, Jan Average, Uganda, UGA
25.4385, 1905, Feb Average, Uganda, UGA
124.059, 1905, Mar Average, Uganda, UGA
82.1697, 1905, Apr Average, Uganda, UGA
92.803, 1905, May Average, Uganda, UGA
49.8745, 1905, Jun Average, Uganda, UGA
98.5009, 1905, Jul Average, Uganda, UGA
107.345, 1905, Aug Average, Uganda, UGA
125.795, 1905, Sep Average, Uganda, UGA
139.847, 1905, Oct Average, Uganda, UGA
161.083, 1905, Nov Average, Uganda, UGA
103.295, 1905, Dec Average, Uganda, UGA
18.7348, 1906, Jan Average, Uganda, UGA
105.692, 1906, Feb Average, Uganda, UGA
169.455, 1906, Mar Average, Uganda, UGA
169.138, 1906, Apr Average, Uganda, UGA
111.46, 1906, May Average, Uganda, UGA
103.153, 1906, Jun Average, Uganda, UGA
61.655, 1906, Jul Average, Uganda, UGA
173.922, 1906, Aug Average, Uganda, UGA
129.021, 1906, Sep Average, Uganda, UGA
152.635, 1906, Oct Average, Uganda, UGA
46.4786, 1906, Nov Average, Uganda, UGA
30.2395, 1906, Dec Average, Uganda, UGA
30.1821, 1907, Jan Average, Uganda, UGA
59.6989, 1907, Feb Average, Uganda, UGA
23.0897, 1907, Mar Average, Uganda, UGA
178.243, 1907, Apr Average, Uganda, UGA
173.159, 1907, May Average, Uganda, UGA
88.7041, 1907, Jun Average, Uganda, UGA
98.1791, 1907, Jul Average, Uganda, UGA
88.3598, 1907, Aug Average, Uganda, UGA
63.0818, 1907, Sep Average, Uganda, UGA
98.5114, 1907, Oct Average, Uganda, UGA
111.934, 1907, Nov Average, Uganda, UGA
46.4384, 1907, Dec Average, Uganda, UGA
19.6133, 1908, Jan Average, Uganda, UGA
65.2703, 1908, Feb Average, Uganda, UGA
43.0442, 1908, Mar Average, Uganda, UGA
155.382, 1908, Apr Average, Uganda, UGA
165.296, 1908, May Average, Uganda, UGA
95.0597, 1908, Jun Average, Uganda, UGA
92.5819, 1908, Jul Average, Uganda, UGA
118.901, 1908, Aug Average, Uganda, UGA
86.8719, 1908, Sep Average, Uganda, UGA
108.798, 1908, Oct Average, Uganda, UGA
89.8246, 1908, Nov Average, Uganda, UGA
53.0299, 1908, Dec Average, Uganda, UGA
43.8018, 1909, Jan Average, Uganda, UGA
23.2241, 1909, Feb Average, Uganda, UGA
91.3769, 1909, Mar Average, Uganda, UGA
219.266, 1909, Apr Average, Uganda, UGA
81.7494, 1909, May Average, Uganda, UGA
51.9278, 1909, Jun Average, Uganda, UGA
81.0039, 1909, Jul Average, Uganda, UGA
175.779, 1909, Aug Average, Uganda, UGA
184.732, 1909, Sep Average, Uganda, UGA
63.9546, 1909, Oct Average, Uganda, UGA
69.0275, 1909, Nov Average, Uganda, UGA
133.222, 1909, Dec Average, Uganda, UGA
50.8148, 1910, Jan Average, Uganda, UGA
13.6846, 1910, Feb Average, Uganda, UGA
86.9372, 1910, Mar Average, Uganda, UGA
144.689, 1910, Apr Average, Uganda, UGA
157.91, 1910, May Average, Uganda, UGA
94.4817, 1910, Jun Average, Uganda, UGA
136.387, 1910, Jul Average, Uganda, UGA
89.0177, 1910, Aug Average, Uganda, UGA
61.198, 1910, Sep Average, Uganda, UGA
103.976, 1910, Oct Average, Uganda, UGA
103.687, 1910, Nov Average, Uganda, UGA
55.2701, 1910, Dec Average, Uganda, UGA
39.8577, 1911, Jan Average, Uganda, UGA
18.4194, 1911, Feb Average, Uganda, UGA
145.944, 1911, Mar Average, Uganda, UGA
138.004, 1911, Apr Average, Uganda, UGA
153.458, 1911, May Average, Uganda, UGA
69.682, 1911, Jun Average, Uganda, UGA
44.0108, 1911, Jul Average, Uganda, UGA
146.508, 1911, Aug Average, Uganda, UGA
62.0314, 1911, Sep Average, Uganda, UGA
104.129, 1911, Oct Average, Uganda, UGA
166.569, 1911, Nov Average, Uganda, UGA
20.6717, 1911, Dec Average, Uganda, UGA
32.9353, 1912, Jan Average, Uganda, UGA
87.5476, 1912, Feb Average, Uganda, UGA
87.5693, 1912, Mar Average, Uganda, UGA
165.467, 1912, Apr Average, Uganda, UGA
119.315, 1912, May Average, Uganda, UGA
101.598, 1912, Jun Average, Uganda, UGA
96.9671, 1912, Jul Average, Uganda, UGA
144.354, 1912, Aug Average, Uganda, UGA
102.426, 1912, Sep Average, Uganda, UGA
104.384, 1912, Oct Average, Uganda, UGA
122.951, 1912, Nov Average, Uganda, UGA
52.8688, 1912, Dec Average, Uganda, UGA
7.36378, 1913, Jan Average, Uganda, UGA
85.4079, 1913, Feb Average, Uganda, UGA
94.0087, 1913, Mar Average, Uganda, UGA
154.848, 1913, Apr Average, Uganda, UGA
146.288, 1913, May Average, Uganda, UGA
84.7514, 1913, Jun Average, Uganda, UGA
73.3783, 1913, Jul Average, Uganda, UGA
67.3209, 1913, Aug Average, Uganda, UGA
53.0955, 1913, Sep Average, Uganda, UGA
110.18, 1913, Oct Average, Uganda, UGA
67.9931, 1913, Nov Average, Uganda, UGA
38.4399, 1913, Dec Average, Uganda, UGA
48.1363, 1914, Jan Average, Uganda, UGA
56.6493, 1914, Feb Average, Uganda, UGA
111.511, 1914, Mar Average, Uganda, UGA
106.8, 1914, Apr Average, Uganda, UGA
140.367, 1914, May Average, Uganda, UGA
106.312, 1914, Jun Average, Uganda, UGA
104.682, 1914, Jul Average, Uganda, UGA
120.797, 1914, Aug Average, Uganda, UGA
143.234, 1914, Sep Average, Uganda, UGA
107.583, 1914, Oct Average, Uganda, UGA
156.872, 1914, Nov Average, Uganda, UGA
34.1522, 1914, Dec Average, Uganda, UGA
32.5126, 1915, Jan Average, Uganda, UGA
67.442, 1915, Feb Average, Uganda, UGA
128.065, 1915, Mar Average, Uganda, UGA
138.641, 1915, Apr Average, Uganda, UGA
132.667, 1915, May Average, Uganda, UGA
108.991, 1915, Jun Average, Uganda, UGA
44.6346, 1915, Jul Average, Uganda, UGA
83.9477, 1915, Aug Average, Uganda, UGA
159.268, 1915, Sep Average, Uganda, UGA
153.196, 1915, Oct Average, Uganda, UGA
98.6944, 1915, Nov Average, Uganda, UGA
102.799, 1915, Dec Average, Uganda, UGA
21.0956, 1916, Jan Average, Uganda, UGA
83.7316, 1916, Feb Average, Uganda, UGA
85.0476, 1916, Mar Average, Uganda, UGA
179.704, 1916, Apr Average, Uganda, UGA
178.402, 1916, May Average, Uganda, UGA
101.866, 1916, Jun Average, Uganda, UGA
55.5259, 1916, Jul Average, Uganda, UGA
116.378, 1916, Aug Average, Uganda, UGA
172.943, 1916, Sep Average, Uganda, UGA
96.092, 1916, Oct Average, Uganda, UGA
77.1356, 1916, Nov Average, Uganda, UGA
73.4339, 1916, Dec Average, Uganda, UGA
63.8984, 1917, Jan Average, Uganda, UGA
107.147, 1917, Feb Average, Uganda, UGA
40.1072, 1917, Mar Average, Uganda, UGA
199.942, 1917, Apr Average, Uganda, UGA
162.031, 1917, May Average, Uganda, UGA
110.891, 1917, Jun Average, Uganda, UGA
59.3004, 1917, Jul Average, Uganda, UGA
141.8, 1917, Aug Average, Uganda, UGA
164.972, 1917, Sep Average, Uganda, UGA
163.756, 1917, Oct Average, Uganda, UGA
29.6566, 1917, Nov Average, Uganda, UGA
33.3935, 1917, Dec Average, Uganda, UGA
24.5559, 1918, Jan Average, Uganda, UGA
19.1319, 1918, Feb Average, Uganda, UGA
48.1175, 1918, Mar Average, Uganda, UGA
120.775, 1918, Apr Average, Uganda, UGA
102.751, 1918, May Average, Uganda, UGA
82.4729, 1918, Jun Average, Uganda, UGA
70.8044, 1918, Jul Average, Uganda, UGA
80.279, 1918, Aug Average, Uganda, UGA
84.7179, 1918, Sep Average, Uganda, UGA
76.9602, 1918, Oct Average, Uganda, UGA
102.246, 1918, Nov Average, Uganda, UGA
43.3871, 1918, Dec Average, Uganda, UGA
17.2253, 1919, Jan Average, Uganda, UGA
88.7889, 1919, Feb Average, Uganda, UGA
120.238, 1919, Mar Average, Uganda, UGA
114.009, 1919, Apr Average, Uganda, UGA
140.601, 1919, May Average, Uganda, UGA
76.7463, 1919, Jun Average, Uganda, UGA
138.486, 1919, Jul Average, Uganda, UGA
106.004, 1919, Aug Average, Uganda, UGA
146.97, 1919, Sep Average, Uganda, UGA
108.06, 1919, Oct Average, Uganda, UGA
149.452, 1919, Nov Average, Uganda, UGA
39.4383, 1919, Dec Average, Uganda, UGA
22.3859, 1920, Jan Average, Uganda, UGA
18.9456, 1920, Feb Average, Uganda, UGA
134.34, 1920, Mar Average, Uganda, UGA
173.518, 1920, Apr Average, Uganda, UGA
169.228, 1920, May Average, Uganda, UGA
101.373, 1920, Jun Average, Uganda, UGA
75.7058, 1920, Jul Average, Uganda, UGA
93.9623, 1920, Aug Average, Uganda, UGA
92.1263, 1920, Sep Average, Uganda, UGA
117.98, 1920, Oct Average, Uganda, UGA
120.006, 1920, Nov Average, Uganda, UGA
55.1996, 1920, Dec Average, Uganda, UGA
21.846, 1921, Jan Average, Uganda, UGA
56.0368, 1921, Feb Average, Uganda, UGA
47.7146, 1921, Mar Average, Uganda, UGA
102.5, 1921, Apr Average, Uganda, UGA
129.604, 1921, May Average, Uganda, UGA
79.5498, 1921, Jun Average, Uganda, UGA
100.009, 1921, Jul Average, Uganda, UGA
114.255, 1921, Aug Average, Uganda, UGA
77.6969, 1921, Sep Average, Uganda, UGA
112.777, 1921, Oct Average, Uganda, UGA
67.1146, 1921, Nov Average, Uganda, UGA
34.7066, 1921, Dec Average, Uganda, UGA
20.4113, 1922, Jan Average, Uganda, UGA
59.8296, 1922, Feb Average, Uganda, UGA
132.569, 1922, Mar Average, Uganda, UGA
132.663, 1922, Apr Average, Uganda, UGA
187.27, 1922, May Average, Uganda, UGA
61.1058, 1922, Jun Average, Uganda, UGA
63.6754, 1922, Jul Average, Uganda, UGA
171.239, 1922, Aug Average, Uganda, UGA
99.2314, 1922, Sep Average, Uganda, UGA
110.147, 1922, Oct Average, Uganda, UGA
47.6757, 1922, Nov Average, Uganda, UGA
48.1859, 1922, Dec Average, Uganda, UGA
8.1107, 1923, Jan Average, Uganda, UGA
90.791, 1923, Feb Average, Uganda, UGA
102.231, 1923, Mar Average, Uganda, UGA
182.106, 1923, Apr Average, Uganda, UGA
191.278, 1923, May Average, Uganda, UGA
69.9022, 1923, Jun Average, Uganda, UGA
127.257, 1923, Jul Average, Uganda, UGA
85.168, 1923, Aug Average, Uganda, UGA
139.677, 1923, Sep Average, Uganda, UGA
144.64, 1923, Oct Average, Uganda, UGA
82.4301, 1923, Nov Average, Uganda, UGA
72.795, 1923, Dec Average, Uganda, UGA
22.6522, 1924, Jan Average, Uganda, UGA
69.6604, 1924, Feb Average, Uganda, UGA
74.4848, 1924, Mar Average, Uganda, UGA
168.287, 1924, Apr Average, Uganda, UGA
130.599, 1924, May Average, Uganda, UGA
45.1444, 1924, Jun Average, Uganda, UGA
88.5334, 1924, Jul Average, Uganda, UGA
153.16, 1924, Aug Average, Uganda, UGA
114.308, 1924, Sep Average, Uganda, UGA
137.168, 1924, Oct Average, Uganda, UGA
83.5396, 1924, Nov Average, Uganda, UGA
36.8089, 1924, Dec Average, Uganda, UGA
50.6898, 1925, Jan Average, Uganda, UGA
37.7945, 1925, Feb Average, Uganda, UGA
128.733, 1925, Mar Average, Uganda, UGA
84.0084, 1925, Apr Average, Uganda, UGA
110.853, 1925, May Average, Uganda, UGA
103.82, 1925, Jun Average, Uganda, UGA
82.2236, 1925, Jul Average, Uganda, UGA
99.3179, 1925, Aug Average, Uganda, UGA
73.7596, 1925, Sep Average, Uganda, UGA
128.379, 1925, Oct Average, Uganda, UGA
171.311, 1925, Nov Average, Uganda, UGA
53.498, 1925, Dec Average, Uganda, UGA
36.0375, 1926, Jan Average, Uganda, UGA
77.2261, 1926, Feb Average, Uganda, UGA
94.0263, 1926, Mar Average, Uganda, UGA
185.009, 1926, Apr Average, Uganda, UGA
129.755, 1926, May Average, Uganda, UGA
73.5962, 1926, Jun Average, Uganda, UGA
112.14, 1926, Jul Average, Uganda, UGA
110.662, 1926, Aug Average, Uganda, UGA
164.788, 1926, Sep Average, Uganda, UGA
119.812, 1926, Oct Average, Uganda, UGA
115.064, 1926, Nov Average, Uganda, UGA
19.4791, 1926, Dec Average, Uganda, UGA
46.9106, 1927, Jan Average, Uganda, UGA
77.7422, 1927, Feb Average, Uganda, UGA
99.5342, 1927, Mar Average, Uganda, UGA
145.402, 1927, Apr Average, Uganda, UGA
91.7291, 1927, May Average, Uganda, UGA
58.3073, 1927, Jun Average, Uganda, UGA
74.3765, 1927, Jul Average, Uganda, UGA
87.6862, 1927, Aug Average, Uganda, UGA
100.893, 1927, Sep Average, Uganda, UGA
47.6889, 1927, Oct Average, Uganda, UGA
86.6171, 1927, Nov Average, Uganda, UGA
58.1453, 1927, Dec Average, Uganda, UGA
25.0277, 1928, Jan Average, Uganda, UGA
25.9463, 1928, Feb Average, Uganda, UGA
69.3215, 1928, Mar Average, Uganda, UGA
168.321, 1928, Apr Average, Uganda, UGA
185.348, 1928, May Average, Uganda, UGA
102.179, 1928, Jun Average, Uganda, UGA
78.0282, 1928, Jul Average, Uganda, UGA
112.008, 1928, Aug Average, Uganda, UGA
93.2877, 1928, Sep Average, Uganda, UGA
139.077, 1928, Oct Average, Uganda, UGA
91.332, 1928, Nov Average, Uganda, UGA
37.4278, 1928, Dec Average, Uganda, UGA
22.7498, 1929, Jan Average, Uganda, UGA
25.0602, 1929, Feb Average, Uganda, UGA
79.4729, 1929, Mar Average, Uganda, UGA
154.642, 1929, Apr Average, Uganda, UGA
119.955, 1929, May Average, Uganda, UGA
90.5411, 1929, Jun Average, Uganda, UGA
104.291, 1929, Jul Average, Uganda, UGA
97.5024, 1929, Aug Average, Uganda, UGA
98.2199, 1929, Sep Average, Uganda, UGA
115.66, 1929, Oct Average, Uganda, UGA
81.0279, 1929, Nov Average, Uganda, UGA
108.291, 1929, Dec Average, Uganda, UGA
55.4965, 1930, Jan Average, Uganda, UGA
46.102, 1930, Feb Average, Uganda, UGA
127.469, 1930, Mar Average, Uganda, UGA
199.68, 1930, Apr Average, Uganda, UGA
140.74, 1930, May Average, Uganda, UGA
100.596, 1930, Jun Average, Uganda, UGA
64.0477, 1930, Jul Average, Uganda, UGA
95.5061, 1930, Aug Average, Uganda, UGA
112.824, 1930, Sep Average, Uganda, UGA
138.433, 1930, Oct Average, Uganda, UGA
65.4423, 1930, Nov Average, Uganda, UGA
37.7636, 1930, Dec Average, Uganda, UGA
36.3233, 1931, Jan Average, Uganda, UGA
43.5554, 1931, Feb Average, Uganda, UGA
149.124, 1931, Mar Average, Uganda, UGA
146.285, 1931, Apr Average, Uganda, UGA
154.502, 1931, May Average, Uganda, UGA
68.056, 1931, Jun Average, Uganda, UGA
131.021, 1931, Jul Average, Uganda, UGA
126.427, 1931, Aug Average, Uganda, UGA
119.703, 1931, Sep Average, Uganda, UGA
92.8513, 1931, Oct Average, Uganda, UGA
84.5858, 1931, Nov Average, Uganda, UGA
56.8938, 1931, Dec Average, Uganda, UGA
19.7218, 1932, Jan Average, Uganda, UGA
39.5038, 1932, Feb Average, Uganda, UGA
161.104, 1932, Mar Average, Uganda, UGA
106.127, 1932, Apr Average, Uganda, UGA
166.587, 1932, May Average, Uganda, UGA
54.5003, 1932, Jun Average, Uganda, UGA
90.5762, 1932, Jul Average, Uganda, UGA
103.42, 1932, Aug Average, Uganda, UGA
147.766, 1932, Sep Average, Uganda, UGA
86.9144, 1932, Oct Average, Uganda, UGA
87.4496, 1932, Nov Average, Uganda, UGA
59.3673, 1932, Dec Average, Uganda, UGA
61.5746, 1933, Jan Average, Uganda, UGA
66.8719, 1933, Feb Average, Uganda, UGA
80.5441, 1933, Mar Average, Uganda, UGA
112.228, 1933, Apr Average, Uganda, UGA
133.498, 1933, May Average, Uganda, UGA
69.7815, 1933, Jun Average, Uganda, UGA
75.6579, 1933, Jul Average, Uganda, UGA
150.542, 1933, Aug Average, Uganda, UGA
120.707, 1933, Sep Average, Uganda, UGA
112.833, 1933, Oct Average, Uganda, UGA
50.285, 1933, Nov Average, Uganda, UGA
65.498, 1933, Dec Average, Uganda, UGA
9.02154, 1934, Jan Average, Uganda, UGA
22.602, 1934, Feb Average, Uganda, UGA
76.2882, 1934, Mar Average, Uganda, UGA
174.253, 1934, Apr Average, Uganda, UGA
124.476, 1934, May Average, Uganda, UGA
78.6244, 1934, Jun Average, Uganda, UGA
109.912, 1934, Jul Average, Uganda, UGA
147.997, 1934, Aug Average, Uganda, UGA
65.5273, 1934, Sep Average, Uganda, UGA
110.295, 1934, Oct Average, Uganda, UGA
88.974, 1934, Nov Average, Uganda, UGA
78.3754, 1934, Dec Average, Uganda, UGA
8.92322, 1935, Jan Average, Uganda, UGA
94.1926, 1935, Feb Average, Uganda, UGA
74.8771, 1935, Mar Average, Uganda, UGA
137.422, 1935, Apr Average, Uganda, UGA
196.191, 1935, May Average, Uganda, UGA
146.705, 1935, Jun Average, Uganda, UGA
36.5894, 1935, Jul Average, Uganda, UGA
89.2737, 1935, Aug Average, Uganda, UGA
130.453, 1935, Sep Average, Uganda, UGA
125.223, 1935, Oct Average, Uganda, UGA
78.2969, 1935, Nov Average, Uganda, UGA
84.2012, 1935, Dec Average, Uganda, UGA
73.5323, 1936, Jan Average, Uganda, UGA
104.088, 1936, Feb Average, Uganda, UGA
109.246, 1936, Mar Average, Uganda, UGA
174.208, 1936, Apr Average, Uganda, UGA
84.9787, 1936, May Average, Uganda, UGA
137.591, 1936, Jun Average, Uganda, UGA
71.4337, 1936, Jul Average, Uganda, UGA
92.3519, 1936, Aug Average, Uganda, UGA
125.538, 1936, Sep Average, Uganda, UGA
87.4841, 1936, Oct Average, Uganda, UGA
50.7181, 1936, Nov Average, Uganda, UGA
88.5199, 1936, Dec Average, Uganda, UGA
29.2336, 1937, Jan Average, Uganda, UGA
88.9312, 1937, Feb Average, Uganda, UGA
122.343, 1937, Mar Average, Uganda, UGA
162.238, 1937, Apr Average, Uganda, UGA
181.866, 1937, May Average, Uganda, UGA
114.139, 1937, Jun Average, Uganda, UGA
97.5006, 1937, Jul Average, Uganda, UGA
83.7821, 1937, Aug Average, Uganda, UGA
93.8074, 1937, Sep Average, Uganda, UGA
127.159, 1937, Oct Average, Uganda, UGA
154.694, 1937, Nov Average, Uganda, UGA
39.3668, 1937, Dec Average, Uganda, UGA
24.6261, 1938, Jan Average, Uganda, UGA
27.5098, 1938, Feb Average, Uganda, UGA
82.8821, 1938, Mar Average, Uganda, UGA
131.261, 1938, Apr Average, Uganda, UGA
131.018, 1938, May Average, Uganda, UGA
94.6551, 1938, Jun Average, Uganda, UGA
103.26, 1938, Jul Average, Uganda, UGA
122.218, 1938, Aug Average, Uganda, UGA
127.4, 1938, Sep Average, Uganda, UGA
120.722, 1938, Oct Average, Uganda, UGA
56.6254, 1938, Nov Average, Uganda, UGA
47.6523, 1938, Dec Average, Uganda, UGA
25.5896, 1939, Jan Average, Uganda, UGA
74.9654, 1939, Feb Average, Uganda, UGA
85.6877, 1939, Mar Average, Uganda, UGA
140.57, 1939, Apr Average, Uganda, UGA
103.124, 1939, May Average, Uganda, UGA
69.5139, 1939, Jun Average, Uganda, UGA
95.6522, 1939, Jul Average, Uganda, UGA
110.957, 1939, Aug Average, Uganda, UGA
86.2209, 1939, Sep Average, Uganda, UGA
95.3914, 1939, Oct Average, Uganda, UGA
105.241, 1939, Nov Average, Uganda, UGA
26.5188, 1939, Dec Average, Uganda, UGA
66.5491, 1940, Jan Average, Uganda, UGA
109.121, 1940, Feb Average, Uganda, UGA
127.715, 1940, Mar Average, Uganda, UGA
157.036, 1940, Apr Average, Uganda, UGA
136.977, 1940, May Average, Uganda, UGA
58.3685, 1940, Jun Average, Uganda, UGA
106.467, 1940, Jul Average, Uganda, UGA
133.035, 1940, Aug Average, Uganda, UGA
72.7108, 1940, Sep Average, Uganda, UGA
79.7924, 1940, Oct Average, Uganda, UGA
134.908, 1940, Nov Average, Uganda, UGA
32.0065, 1940, Dec Average, Uganda, UGA
27.2644, 1941, Jan Average, Uganda, UGA
60.8076, 1941, Feb Average, Uganda, UGA
92.3412, 1941, Mar Average, Uganda, UGA
175.489, 1941, Apr Average, Uganda, UGA
171.764, 1941, May Average, Uganda, UGA
124.339, 1941, Jun Average, Uganda, UGA
59.9231, 1941, Jul Average, Uganda, UGA
136.338, 1941, Aug Average, Uganda, UGA
85.1739, 1941, Sep Average, Uganda, UGA
104.336, 1941, Oct Average, Uganda, UGA
169.262, 1941, Nov Average, Uganda, UGA
123.005, 1941, Dec Average, Uganda, UGA
59.4602, 1942, Jan Average, Uganda, UGA
44.773, 1942, Feb Average, Uganda, UGA
168.061, 1942, Mar Average, Uganda, UGA
191.069, 1942, Apr Average, Uganda, UGA
202.136, 1942, May Average, Uganda, UGA
71.8616, 1942, Jun Average, Uganda, UGA
62.3728, 1942, Jul Average, Uganda, UGA
177.082, 1942, Aug Average, Uganda, UGA
83.3636, 1942, Sep Average, Uganda, UGA
59.9471, 1942, Oct Average, Uganda, UGA
45.5899, 1942, Nov Average, Uganda, UGA
44.6694, 1942, Dec Average, Uganda, UGA
17.6652, 1943, Jan Average, Uganda, UGA
70.2466, 1943, Feb Average, Uganda, UGA
53.3619, 1943, Mar Average, Uganda, UGA
148.518, 1943, Apr Average, Uganda, UGA
132.866, 1943, May Average, Uganda, UGA
122.592, 1943, Jun Average, Uganda, UGA
69.8034, 1943, Jul Average, Uganda, UGA
146.278, 1943, Aug Average, Uganda, UGA
83.5371, 1943, Sep Average, Uganda, UGA
73.4043, 1943, Oct Average, Uganda, UGA
29.2208, 1943, Nov Average, Uganda, UGA
32.3163, 1943, Dec Average, Uganda, UGA
39.1009, 1944, Jan Average, Uganda, UGA
37.6212, 1944, Feb Average, Uganda, UGA
116.826, 1944, Mar Average, Uganda, UGA
155.947, 1944, Apr Average, Uganda, UGA
147.19, 1944, May Average, Uganda, UGA
66.2525, 1944, Jun Average, Uganda, UGA
87.0388, 1944, Jul Average, Uganda, UGA
138.568, 1944, Aug Average, Uganda, UGA
144.376, 1944, Sep Average, Uganda, UGA
124.449, 1944, Oct Average, Uganda, UGA
118.894, 1944, Nov Average, Uganda, UGA
65.3949, 1944, Dec Average, Uganda, UGA
32.1781, 1945, Jan Average, Uganda, UGA
26.5855, 1945, Feb Average, Uganda, UGA
64.5239, 1945, Mar Average, Uganda, UGA
70.7489, 1945, Apr Average, Uganda, UGA
223.86, 1945, May Average, Uganda, UGA
105.676, 1945, Jun Average, Uganda, UGA
103.472, 1945, Jul Average, Uganda, UGA
167.631, 1945, Aug Average, Uganda, UGA
141.016, 1945, Sep Average, Uganda, UGA
97.7514, 1945, Oct Average, Uganda, UGA
106.587, 1945, Nov Average, Uganda, UGA
29.7858, 1945, Dec Average, Uganda, UGA
15.1518, 1946, Jan Average, Uganda, UGA
10.6566, 1946, Feb Average, Uganda, UGA
58.577, 1946, Mar Average, Uganda, UGA
191.866, 1946, Apr Average, Uganda, UGA
152.78, 1946, May Average, Uganda, UGA
113.056, 1946, Jun Average, Uganda, UGA
115.778, 1946, Jul Average, Uganda, UGA
190.36, 1946, Aug Average, Uganda, UGA
121.348, 1946, Sep Average, Uganda, UGA
127.043, 1946, Oct Average, Uganda, UGA
102.467, 1946, Nov Average, Uganda, UGA
51.268, 1946, Dec Average, Uganda, UGA
75.5841, 1947, Jan Average, Uganda, UGA
63.0383, 1947, Feb Average, Uganda, UGA
120.498, 1947, Mar Average, Uganda, UGA
227.016, 1947, Apr Average, Uganda, UGA
164.834, 1947, May Average, Uganda, UGA
100.49, 1947, Jun Average, Uganda, UGA
142.551, 1947, Jul Average, Uganda, UGA
105.87, 1947, Aug Average, Uganda, UGA
141.381, 1947, Sep Average, Uganda, UGA
57.1591, 1947, Oct Average, Uganda, UGA
44.0165, 1947, Nov Average, Uganda, UGA
63.7742, 1947, Dec Average, Uganda, UGA
34.3281, 1948, Jan Average, Uganda, UGA
48.8741, 1948, Feb Average, Uganda, UGA
82.1455, 1948, Mar Average, Uganda, UGA
145.929, 1948, Apr Average, Uganda, UGA
144.366, 1948, May Average, Uganda, UGA
120.212, 1948, Jun Average, Uganda, UGA
118.986, 1948, Jul Average, Uganda, UGA
136.998, 1948, Aug Average, Uganda, UGA
132.35, 1948, Sep Average, Uganda, UGA
130.836, 1948, Oct Average, Uganda, UGA
78.063, 1948, Nov Average, Uganda, UGA
34.7719, 1948, Dec Average, Uganda, UGA
11.599, 1949, Jan Average, Uganda, UGA
30.3757, 1949, Feb Average, Uganda, UGA
38.5059, 1949, Mar Average, Uganda, UGA
152.184, 1949, Apr Average, Uganda, UGA
133.386, 1949, May Average, Uganda, UGA
82.3283, 1949, Jun Average, Uganda, UGA
119.9, 1949, Jul Average, Uganda, UGA
133.605, 1949, Aug Average, Uganda, UGA
134.861, 1949, Sep Average, Uganda, UGA
99.1986, 1949, Oct Average, Uganda, UGA
54.0073, 1949, Nov Average, Uganda, UGA
82.3911, 1949, Dec Average, Uganda, UGA
34.3797, 1950, Jan Average, Uganda, UGA
34.4262, 1950, Feb Average, Uganda, UGA
115.878, 1950, Mar Average, Uganda, UGA
159.993, 1950, Apr Average, Uganda, UGA
140.804, 1950, May Average, Uganda, UGA
93.7979, 1950, Jun Average, Uganda, UGA
110.482, 1950, Jul Average, Uganda, UGA
134.3, 1950, Aug Average, Uganda, UGA
114.15, 1950, Sep Average, Uganda, UGA
114.579, 1950, Oct Average, Uganda, UGA
35.7395, 1950, Nov Average, Uganda, UGA
37.3508, 1950, Dec Average, Uganda, UGA
37.0766, 1951, Jan Average, Uganda, UGA
61.6459, 1951, Feb Average, Uganda, UGA
125.466, 1951, Mar Average, Uganda, UGA
190.426, 1951, Apr Average, Uganda, UGA
150.439, 1951, May Average, Uganda, UGA
96.0933, 1951, Jun Average, Uganda, UGA
81.696, 1951, Jul Average, Uganda, UGA
108.419, 1951, Aug Average, Uganda, UGA
91.494, 1951, Sep Average, Uganda, UGA
166.834, 1951, Oct Average, Uganda, UGA
178.672, 1951, Nov Average, Uganda, UGA
144.507, 1951, Dec Average, Uganda, UGA
17.9538, 1952, Jan Average, Uganda, UGA
55.4014, 1952, Feb Average, Uganda, UGA
121.672, 1952, Mar Average, Uganda, UGA
164.997, 1952, Apr Average, Uganda, UGA
161.354, 1952, May Average, Uganda, UGA
46.6104, 1952, Jun Average, Uganda, UGA
73.9224, 1952, Jul Average, Uganda, UGA
125.36, 1952, Aug Average, Uganda, UGA
125.191, 1952, Sep Average, Uganda, UGA
109.196, 1952, Oct Average, Uganda, UGA
81.8329, 1952, Nov Average, Uganda, UGA
10.6802, 1952, Dec Average, Uganda, UGA
35.7172, 1953, Jan Average, Uganda, UGA
35.3971, 1953, Feb Average, Uganda, UGA
71.873, 1953, Mar Average, Uganda, UGA
178.451, 1953, Apr Average, Uganda, UGA
110.98, 1953, May Average, Uganda, UGA
121.328, 1953, Jun Average, Uganda, UGA
68.5767, 1953, Jul Average, Uganda, UGA
103.178, 1953, Aug Average, Uganda, UGA
97.7403, 1953, Sep Average, Uganda, UGA
153.183, 1953, Oct Average, Uganda, UGA
108.914, 1953, Nov Average, Uganda, UGA
40.9121, 1953, Dec Average, Uganda, UGA
14.8079, 1954, Jan Average, Uganda, UGA
45.5215, 1954, Feb Average, Uganda, UGA
65.4411, 1954, Mar Average, Uganda, UGA
156.521, 1954, Apr Average, Uganda, UGA
188.425, 1954, May Average, Uganda, UGA
108.104, 1954, Jun Average, Uganda, UGA
107.017, 1954, Jul Average, Uganda, UGA
115.067, 1954, Aug Average, Uganda, UGA
136.87, 1954, Sep Average, Uganda, UGA
105.511, 1954, Oct Average, Uganda, UGA
56.9079, 1954, Nov Average, Uganda, UGA
70.1289, 1954, Dec Average, Uganda, UGA
70.123, 1955, Jan Average, Uganda, UGA
57.274, 1955, Feb Average, Uganda, UGA
75.115, 1955, Mar Average, Uganda, UGA
156.06, 1955, Apr Average, Uganda, UGA
130.376, 1955, May Average, Uganda, UGA
64.2309, 1955, Jun Average, Uganda, UGA
102.007, 1955, Jul Average, Uganda, UGA
164.028, 1955, Aug Average, Uganda, UGA
150.968, 1955, Sep Average, Uganda, UGA
101.651, 1955, Oct Average, Uganda, UGA
81.691, 1955, Nov Average, Uganda, UGA
97.1213, 1955, Dec Average, Uganda, UGA
47.2082, 1956, Jan Average, Uganda, UGA
53.7469, 1956, Feb Average, Uganda, UGA
94.4857, 1956, Mar Average, Uganda, UGA
189.443, 1956, Apr Average, Uganda, UGA
143.223, 1956, May Average, Uganda, UGA
70.3513, 1956, Jun Average, Uganda, UGA
66.5237, 1956, Jul Average, Uganda, UGA
152.022, 1956, Aug Average, Uganda, UGA
109.859, 1956, Sep Average, Uganda, UGA
126.643, 1956, Oct Average, Uganda, UGA
69.9429, 1956, Nov Average, Uganda, UGA
63.0562, 1956, Dec Average, Uganda, UGA
67.0154, 1957, Jan Average, Uganda, UGA
33.6035, 1957, Feb Average, Uganda, UGA
106.249, 1957, Mar Average, Uganda, UGA
194.929, 1957, Apr Average, Uganda, UGA
172.823, 1957, May Average, Uganda, UGA
119.709, 1957, Jun Average, Uganda, UGA
63.6443, 1957, Jul Average, Uganda, UGA
106.887, 1957, Aug Average, Uganda, UGA
62.8209, 1957, Sep Average, Uganda, UGA
102.177, 1957, Oct Average, Uganda, UGA
98.2432, 1957, Nov Average, Uganda, UGA
82.8466, 1957, Dec Average, Uganda, UGA
38.3959, 1958, Jan Average, Uganda, UGA
53.5474, 1958, Feb Average, Uganda, UGA
96.3997, 1958, Mar Average, Uganda, UGA
153.723, 1958, Apr Average, Uganda, UGA
138.516, 1958, May Average, Uganda, UGA
100.903, 1958, Jun Average, Uganda, UGA
103.002, 1958, Jul Average, Uganda, UGA
116.621, 1958, Aug Average, Uganda, UGA
103.184, 1958, Sep Average, Uganda, UGA
111.997, 1958, Oct Average, Uganda, UGA
62.2743, 1958, Nov Average, Uganda, UGA
97.0213, 1958, Dec Average, Uganda, UGA
41.2586, 1959, Jan Average, Uganda, UGA
53.2867, 1959, Feb Average, Uganda, UGA
100.725, 1959, Mar Average, Uganda, UGA
135.238, 1959, Apr Average, Uganda, UGA
156.092, 1959, May Average, Uganda, UGA
73.9626, 1959, Jun Average, Uganda, UGA
69.0657, 1959, Jul Average, Uganda, UGA
124.975, 1959, Aug Average, Uganda, UGA
128.994, 1959, Sep Average, Uganda, UGA
147.284, 1959, Oct Average, Uganda, UGA
130.531, 1959, Nov Average, Uganda, UGA
38.5752, 1959, Dec Average, Uganda, UGA
64.3129, 1960, Jan Average, Uganda, UGA
78.4488, 1960, Feb Average, Uganda, UGA
136.066, 1960, Mar Average, Uganda, UGA
162.177, 1960, Apr Average, Uganda, UGA
127.762, 1960, May Average, Uganda, UGA
53.4094, 1960, Jun Average, Uganda, UGA
65.3325, 1960, Jul Average, Uganda, UGA
128.943, 1960, Aug Average, Uganda, UGA
130.815, 1960, Sep Average, Uganda, UGA
112.216, 1960, Oct Average, Uganda, UGA
80.3604, 1960, Nov Average, Uganda, UGA
40.7211, 1960, Dec Average, Uganda, UGA
17.6936, 1961, Jan Average, Uganda, UGA
57.7045, 1961, Feb Average, Uganda, UGA
112.405, 1961, Mar Average, Uganda, UGA
146.117, 1961, Apr Average, Uganda, UGA
120.131, 1961, May Average, Uganda, UGA
109.86, 1961, Jun Average, Uganda, UGA
126.252, 1961, Jul Average, Uganda, UGA
159.558, 1961, Aug Average, Uganda, UGA
167.597, 1961, Sep Average, Uganda, UGA
198.36, 1961, Oct Average, Uganda, UGA
268.487, 1961, Nov Average, Uganda, UGA
101.632, 1961, Dec Average, Uganda, UGA
49.0366, 1962, Jan Average, Uganda, UGA
19.3854, 1962, Feb Average, Uganda, UGA
119.128, 1962, Mar Average, Uganda, UGA
158.232, 1962, Apr Average, Uganda, UGA
170.996, 1962, May Average, Uganda, UGA
112.46, 1962, Jun Average, Uganda, UGA
81.8291, 1962, Jul Average, Uganda, UGA
131.53, 1962, Aug Average, Uganda, UGA
164.833, 1962, Sep Average, Uganda, UGA
154.985, 1962, Oct Average, Uganda, UGA
97.5206, 1962, Nov Average, Uganda, UGA
60.9751, 1962, Dec Average, Uganda, UGA
86.0232, 1963, Jan Average, Uganda, UGA
88.4722, 1963, Feb Average, Uganda, UGA
107.194, 1963, Mar Average, Uganda, UGA
208.525, 1963, Apr Average, Uganda, UGA
182.305, 1963, May Average, Uganda, UGA
64.0128, 1963, Jun Average, Uganda, UGA
66.9862, 1963, Jul Average, Uganda, UGA
98.5002, 1963, Aug Average, Uganda, UGA
64.5335, 1963, Sep Average, Uganda, UGA
83.5817, 1963, Oct Average, Uganda, UGA
194.104, 1963, Nov Average, Uganda, UGA
116.443, 1963, Dec Average, Uganda, UGA
27.8387, 1964, Jan Average, Uganda, UGA
88.4162, 1964, Feb Average, Uganda, UGA
94.4768, 1964, Mar Average, Uganda, UGA
187.493, 1964, Apr Average, Uganda, UGA
117.306, 1964, May Average, Uganda, UGA
87.8728, 1964, Jun Average, Uganda, UGA
92.1934, 1964, Jul Average, Uganda, UGA
126.125, 1964, Aug Average, Uganda, UGA
144.594, 1964, Sep Average, Uganda, UGA
128.687, 1964, Oct Average, Uganda, UGA
79.2108, 1964, Nov Average, Uganda, UGA
84.0479, 1964, Dec Average, Uganda, UGA
15.5287, 1965, Jan Average, Uganda, UGA
29.5722, 1965, Feb Average, Uganda, UGA
105.964, 1965, Mar Average, Uganda, UGA
141.033, 1965, Apr Average, Uganda, UGA
105.876, 1965, May Average, Uganda, UGA
47.3988, 1965, Jun Average, Uganda, UGA
73.6068, 1965, Jul Average, Uganda, UGA
93.712, 1965, Aug Average, Uganda, UGA
93.3969, 1965, Sep Average, Uganda, UGA
179.145, 1965, Oct Average, Uganda, UGA
132.697, 1965, Nov Average, Uganda, UGA
81.5666, 1965, Dec Average, Uganda, UGA
40.9532, 1966, Jan Average, Uganda, UGA
89.8263, 1966, Feb Average, Uganda, UGA
127.456, 1966, Mar Average, Uganda, UGA
195.453, 1966, Apr Average, Uganda, UGA
75.1054, 1966, May Average, Uganda, UGA
79.9439, 1966, Jun Average, Uganda, UGA
78.8334, 1966, Jul Average, Uganda, UGA
118.378, 1966, Aug Average, Uganda, UGA
134.946, 1966, Sep Average, Uganda, UGA
126.34, 1966, Oct Average, Uganda, UGA
100.241, 1966, Nov Average, Uganda, UGA
30.426, 1966, Dec Average, Uganda, UGA
15.9324, 1967, Jan Average, Uganda, UGA
23.5981, 1967, Feb Average, Uganda, UGA
84.1795, 1967, Mar Average, Uganda, UGA
143.676, 1967, Apr Average, Uganda, UGA
174.193, 1967, May Average, Uganda, UGA
95.4257, 1967, Jun Average, Uganda, UGA
98.013, 1967, Jul Average, Uganda, UGA
95.5249, 1967, Aug Average, Uganda, UGA
119.679, 1967, Sep Average, Uganda, UGA
166.063, 1967, Oct Average, Uganda, UGA
184.458, 1967, Nov Average, Uganda, UGA
34.4082, 1967, Dec Average, Uganda, UGA
10.1947, 1968, Jan Average, Uganda, UGA
100.441, 1968, Feb Average, Uganda, UGA
123.993, 1968, Mar Average, Uganda, UGA
183.897, 1968, Apr Average, Uganda, UGA
138.061, 1968, May Average, Uganda, UGA
107.325, 1968, Jun Average, Uganda, UGA
71.5669, 1968, Jul Average, Uganda, UGA
83.9311, 1968, Aug Average, Uganda, UGA
94.2793, 1968, Sep Average, Uganda, UGA
142.493, 1968, Oct Average, Uganda, UGA
106.308, 1968, Nov Average, Uganda, UGA
95.0262, 1968, Dec Average, Uganda, UGA
68.8939, 1969, Jan Average, Uganda, UGA
98.9095, 1969, Feb Average, Uganda, UGA
110.984, 1969, Mar Average, Uganda, UGA
100.841, 1969, Apr Average, Uganda, UGA
146.995, 1969, May Average, Uganda, UGA
72.378, 1969, Jun Average, Uganda, UGA
78.3874, 1969, Jul Average, Uganda, UGA
77.5995, 1969, Aug Average, Uganda, UGA
109.067, 1969, Sep Average, Uganda, UGA
136.775, 1969, Oct Average, Uganda, UGA
113.625, 1969, Nov Average, Uganda, UGA
43.893, 1969, Dec Average, Uganda, UGA
77.2154, 1970, Jan Average, Uganda, UGA
41.0029, 1970, Feb Average, Uganda, UGA
159.105, 1970, Mar Average, Uganda, UGA
168.248, 1970, Apr Average, Uganda, UGA
133.434, 1970, May Average, Uganda, UGA
60.9057, 1970, Jun Average, Uganda, UGA
99.8229, 1970, Jul Average, Uganda, UGA
160.734, 1970, Aug Average, Uganda, UGA
119.303, 1970, Sep Average, Uganda, UGA
113.937, 1970, Oct Average, Uganda, UGA
67.0078, 1970, Nov Average, Uganda, UGA
36.7271, 1970, Dec Average, Uganda, UGA
35.2735, 1971, Jan Average, Uganda, UGA
19.3861, 1971, Feb Average, Uganda, UGA
64.046, 1971, Mar Average, Uganda, UGA
164.239, 1971, Apr Average, Uganda, UGA
159.295, 1971, May Average, Uganda, UGA
68.6956, 1971, Jun Average, Uganda, UGA
108.768, 1971, Jul Average, Uganda, UGA
135.003, 1971, Aug Average, Uganda, UGA
122.551, 1971, Sep Average, Uganda, UGA
110.702, 1971, Oct Average, Uganda, UGA
82.1152, 1971, Nov Average, Uganda, UGA
31.6502, 1971, Dec Average, Uganda, UGA
48.9837, 1972, Jan Average, Uganda, UGA
64.7488, 1972, Feb Average, Uganda, UGA
66.0319, 1972, Mar Average, Uganda, UGA
142.603, 1972, Apr Average, Uganda, UGA
146.331, 1972, May Average, Uganda, UGA
137.192, 1972, Jun Average, Uganda, UGA
70.6317, 1972, Jul Average, Uganda, UGA
98.8842, 1972, Aug Average, Uganda, UGA
115.317, 1972, Sep Average, Uganda, UGA
154.398, 1972, Oct Average, Uganda, UGA
162.555, 1972, Nov Average, Uganda, UGA
61.9392, 1972, Dec Average, Uganda, UGA
38.5991, 1973, Jan Average, Uganda, UGA
65.5618, 1973, Feb Average, Uganda, UGA
45.3498, 1973, Mar Average, Uganda, UGA
141.546, 1973, Apr Average, Uganda, UGA
147.805, 1973, May Average, Uganda, UGA
81.644, 1973, Jun Average, Uganda, UGA
50.4994, 1973, Jul Average, Uganda, UGA
126.87, 1973, Aug Average, Uganda, UGA
167.999, 1973, Sep Average, Uganda, UGA
122.687, 1973, Oct Average, Uganda, UGA
133.284, 1973, Nov Average, Uganda, UGA
25.3385, 1973, Dec Average, Uganda, UGA
39.5814, 1974, Jan Average, Uganda, UGA
40.1361, 1974, Feb Average, Uganda, UGA
133.289, 1974, Mar Average, Uganda, UGA
138.654, 1974, Apr Average, Uganda, UGA
142.239, 1974, May Average, Uganda, UGA
108.952, 1974, Jun Average, Uganda, UGA
145.269, 1974, Jul Average, Uganda, UGA
104.094, 1974, Aug Average, Uganda, UGA
117.613, 1974, Sep Average, Uganda, UGA
98.5566, 1974, Oct Average, Uganda, UGA
65.0618, 1974, Nov Average, Uganda, UGA
32.539, 1974, Dec Average, Uganda, UGA
24.9661, 1975, Jan Average, Uganda, UGA
57.3599, 1975, Feb Average, Uganda, UGA
122.985, 1975, Mar Average, Uganda, UGA
136.693, 1975, Apr Average, Uganda, UGA
160.388, 1975, May Average, Uganda, UGA
99.992, 1975, Jun Average, Uganda, UGA
127.7, 1975, Jul Average, Uganda, UGA
159.573, 1975, Aug Average, Uganda, UGA
175.051, 1975, Sep Average, Uganda, UGA
126.668, 1975, Oct Average, Uganda, UGA
57.9318, 1975, Nov Average, Uganda, UGA
52.8136, 1975, Dec Average, Uganda, UGA
28.6763, 1976, Jan Average, Uganda, UGA
78.1204, 1976, Feb Average, Uganda, UGA
73.3149, 1976, Mar Average, Uganda, UGA
143.954, 1976, Apr Average, Uganda, UGA
173.1, 1976, May Average, Uganda, UGA
87.1016, 1976, Jun Average, Uganda, UGA
132.377, 1976, Jul Average, Uganda, UGA
133.82, 1976, Aug Average, Uganda, UGA
108.729, 1976, Sep Average, Uganda, UGA
80.4348, 1976, Oct Average, Uganda, UGA
111.293, 1976, Nov Average, Uganda, UGA
53.5278, 1976, Dec Average, Uganda, UGA
66.6671, 1977, Jan Average, Uganda, UGA
43.2901, 1977, Feb Average, Uganda, UGA
123.231, 1977, Mar Average, Uganda, UGA
181.969, 1977, Apr Average, Uganda, UGA
137.507, 1977, May Average, Uganda, UGA
97.4848, 1977, Jun Average, Uganda, UGA
102.06, 1977, Jul Average, Uganda, UGA
128.267, 1977, Aug Average, Uganda, UGA
94.1665, 1977, Sep Average, Uganda, UGA
176.395, 1977, Oct Average, Uganda, UGA
165.926, 1977, Nov Average, Uganda, UGA
54.4694, 1977, Dec Average, Uganda, UGA
27.4719, 1978, Jan Average, Uganda, UGA
97.4013, 1978, Feb Average, Uganda, UGA
145.934, 1978, Mar Average, Uganda, UGA
166.932, 1978, Apr Average, Uganda, UGA
123.026, 1978, May Average, Uganda, UGA
93.1569, 1978, Jun Average, Uganda, UGA
98.1246, 1978, Jul Average, Uganda, UGA
133.668, 1978, Aug Average, Uganda, UGA
125.562, 1978, Sep Average, Uganda, UGA
150.551, 1978, Oct Average, Uganda, UGA
111.542, 1978, Nov Average, Uganda, UGA
65.4251, 1978, Dec Average, Uganda, UGA
83.4661, 1979, Jan Average, Uganda, UGA
98.3392, 1979, Feb Average, Uganda, UGA
85.1525, 1979, Mar Average, Uganda, UGA
132.526, 1979, Apr Average, Uganda, UGA
137.758, 1979, May Average, Uganda, UGA
105.96, 1979, Jun Average, Uganda, UGA
59.0235, 1979, Jul Average, Uganda, UGA
84.9907, 1979, Aug Average, Uganda, UGA
84.1642, 1979, Sep Average, Uganda, UGA
65.0972, 1979, Oct Average, Uganda, UGA
90.9972, 1979, Nov Average, Uganda, UGA
67.8546, 1979, Dec Average, Uganda, UGA
25.3893, 1980, Jan Average, Uganda, UGA
36.3295, 1980, Feb Average, Uganda, UGA
91.5477, 1980, Mar Average, Uganda, UGA
133.885, 1980, Apr Average, Uganda, UGA
161.8, 1980, May Average, Uganda, UGA
73.2228, 1980, Jun Average, Uganda, UGA
67.1608, 1980, Jul Average, Uganda, UGA
110.687, 1980, Aug Average, Uganda, UGA
101.473, 1980, Sep Average, Uganda, UGA
95.3039, 1980, Oct Average, Uganda, UGA
138.634, 1980, Nov Average, Uganda, UGA
40.415, 1980, Dec Average, Uganda, UGA
26.5885, 1981, Jan Average, Uganda, UGA
32.2476, 1981, Feb Average, Uganda, UGA
162.69, 1981, Mar Average, Uganda, UGA
138.588, 1981, Apr Average, Uganda, UGA
126.577, 1981, May Average, Uganda, UGA
53.2114, 1981, Jun Average, Uganda, UGA
112.937, 1981, Jul Average, Uganda, UGA
141.985, 1981, Aug Average, Uganda, UGA
139.065, 1981, Sep Average, Uganda, UGA
115.818, 1981, Oct Average, Uganda, UGA
78.0148, 1981, Nov Average, Uganda, UGA
47.2165, 1981, Dec Average, Uganda, UGA
42.1639, 1982, Jan Average, Uganda, UGA
29.8622, 1982, Feb Average, Uganda, UGA
87.065, 1982, Mar Average, Uganda, UGA
147.649, 1982, Apr Average, Uganda, UGA
179.617, 1982, May Average, Uganda, UGA
90.9734, 1982, Jun Average, Uganda, UGA
88.4745, 1982, Jul Average, Uganda, UGA
105.692, 1982, Aug Average, Uganda, UGA
93.023, 1982, Sep Average, Uganda, UGA
170.893, 1982, Oct Average, Uganda, UGA
162.61, 1982, Nov Average, Uganda, UGA
56.7249, 1982, Dec Average, Uganda, UGA
14.1976, 1983, Jan Average, Uganda, UGA
28.0064, 1983, Feb Average, Uganda, UGA
55.4032, 1983, Mar Average, Uganda, UGA
145.641, 1983, Apr Average, Uganda, UGA
125.198, 1983, May Average, Uganda, UGA
96.655, 1983, Jun Average, Uganda, UGA
77.8748, 1983, Jul Average, Uganda, UGA
140.565, 1983, Aug Average, Uganda, UGA
152.728, 1983, Sep Average, Uganda, UGA
152.83, 1983, Oct Average, Uganda, UGA
91.6361, 1983, Nov Average, Uganda, UGA
39.9917, 1983, Dec Average, Uganda, UGA
21.3576, 1984, Jan Average, Uganda, UGA
38.5169, 1984, Feb Average, Uganda, UGA
63.8508, 1984, Mar Average, Uganda, UGA
149.898, 1984, Apr Average, Uganda, UGA
96.7178, 1984, May Average, Uganda, UGA
70.5818, 1984, Jun Average, Uganda, UGA
110.915, 1984, Jul Average, Uganda, UGA
109.56, 1984, Aug Average, Uganda, UGA
84.149, 1984, Sep Average, Uganda, UGA
95.6686, 1984, Oct Average, Uganda, UGA
156.915, 1984, Nov Average, Uganda, UGA
51.0449, 1984, Dec Average, Uganda, UGA
56.4632, 1985, Jan Average, Uganda, UGA
26.3696, 1985, Feb Average, Uganda, UGA
124.418, 1985, Mar Average, Uganda, UGA
178.506, 1985, Apr Average, Uganda, UGA
172.253, 1985, May Average, Uganda, UGA
83.3117, 1985, Jun Average, Uganda, UGA
93.2865, 1985, Jul Average, Uganda, UGA
86.8606, 1985, Aug Average, Uganda, UGA
99.6579, 1985, Sep Average, Uganda, UGA
88.2897, 1985, Oct Average, Uganda, UGA
120.355, 1985, Nov Average, Uganda, UGA
50.8054, 1985, Dec Average, Uganda, UGA
26.361, 1986, Jan Average, Uganda, UGA
56.7743, 1986, Feb Average, Uganda, UGA
113.887, 1986, Mar Average, Uganda, UGA
177.125, 1986, Apr Average, Uganda, UGA
131.279, 1986, May Average, Uganda, UGA
82.2914, 1986, Jun Average, Uganda, UGA
66.8163, 1986, Jul Average, Uganda, UGA
65.3895, 1986, Aug Average, Uganda, UGA
95.8397, 1986, Sep Average, Uganda, UGA
112.381, 1986, Oct Average, Uganda, UGA
107.245, 1986, Nov Average, Uganda, UGA
76.9752, 1986, Dec Average, Uganda, UGA
41.9045, 1987, Jan Average, Uganda, UGA
47.6399, 1987, Feb Average, Uganda, UGA
108.893, 1987, Mar Average, Uganda, UGA
131.082, 1987, Apr Average, Uganda, UGA
159.22, 1987, May Average, Uganda, UGA
103.602, 1987, Jun Average, Uganda, UGA
50.3825, 1987, Jul Average, Uganda, UGA
93.5193, 1987, Aug Average, Uganda, UGA
104.09, 1987, Sep Average, Uganda, UGA
101.384, 1987, Oct Average, Uganda, UGA
132.527, 1987, Nov Average, Uganda, UGA
35.6622, 1987, Dec Average, Uganda, UGA
55.551, 1988, Jan Average, Uganda, UGA
51.5597, 1988, Feb Average, Uganda, UGA
99.5224, 1988, Mar Average, Uganda, UGA
182.844, 1988, Apr Average, Uganda, UGA
130.371, 1988, May Average, Uganda, UGA
73.1692, 1988, Jun Average, Uganda, UGA
125.669, 1988, Jul Average, Uganda, UGA
176.413, 1988, Aug Average, Uganda, UGA
182.175, 1988, Sep Average, Uganda, UGA
125.786, 1988, Oct Average, Uganda, UGA
96.5217, 1988, Nov Average, Uganda, UGA
52.57, 1988, Dec Average, Uganda, UGA
12.0219, 1989, Jan Average, Uganda, UGA
35.87, 1989, Feb Average, Uganda, UGA
114.987, 1989, Mar Average, Uganda, UGA
108.218, 1989, Apr Average, Uganda, UGA
165.217, 1989, May Average, Uganda, UGA
61.2972, 1989, Jun Average, Uganda, UGA
79.9689, 1989, Jul Average, Uganda, UGA
98.0906, 1989, Aug Average, Uganda, UGA
134.697, 1989, Sep Average, Uganda, UGA
135.13, 1989, Oct Average, Uganda, UGA
115.366, 1989, Nov Average, Uganda, UGA
111.74, 1989, Dec Average, Uganda, UGA
38.6963, 1990, Jan Average, Uganda, UGA
78.6594, 1990, Feb Average, Uganda, UGA
133.094, 1990, Mar Average, Uganda, UGA
148.627, 1990, Apr Average, Uganda, UGA
109.416, 1990, May Average, Uganda, UGA
43.167, 1990, Jun Average, Uganda, UGA
54.2521, 1990, Jul Average, Uganda, UGA
130.13, 1990, Aug Average, Uganda, UGA
107.387, 1990, Sep Average, Uganda, UGA
137.877, 1990, Oct Average, Uganda, UGA
86.927, 1990, Nov Average, Uganda, UGA
86.6458, 1990, Dec Average, Uganda, UGA
45.7273, 1991, Jan Average, Uganda, UGA
52.7551, 1991, Feb Average, Uganda, UGA
99.9186, 1991, Mar Average, Uganda, UGA
158.393, 1991, Apr Average, Uganda, UGA
182.511, 1991, May Average, Uganda, UGA
102.293, 1991, Jun Average, Uganda, UGA
87.1223, 1991, Jul Average, Uganda, UGA
124.756, 1991, Aug Average, Uganda, UGA
89.3416, 1991, Sep Average, Uganda, UGA
159.676, 1991, Oct Average, Uganda, UGA
85.6748, 1991, Nov Average, Uganda, UGA
38.366, 1991, Dec Average, Uganda, UGA
23.4411, 1992, Jan Average, Uganda, UGA
20.8878, 1992, Feb Average, Uganda, UGA
64.9072, 1992, Mar Average, Uganda, UGA
131.07, 1992, Apr Average, Uganda, UGA
129.156, 1992, May Average, Uganda, UGA
114.032, 1992, Jun Average, Uganda, UGA
86.6126, 1992, Jul Average, Uganda, UGA
91.4742, 1992, Aug Average, Uganda, UGA
106.688, 1992, Sep Average, Uganda, UGA
165.43, 1992, Oct Average, Uganda, UGA
99.4796, 1992, Nov Average, Uganda, UGA
85.4239, 1992, Dec Average, Uganda, UGA
41.1409, 1993, Jan Average, Uganda, UGA
48.4447, 1993, Feb Average, Uganda, UGA
84.5131, 1993, Mar Average, Uganda, UGA
117.748, 1993, Apr Average, Uganda, UGA
179.67, 1993, May Average, Uganda, UGA
112.203, 1993, Jun Average, Uganda, UGA
50.6447, 1993, Jul Average, Uganda, UGA
94.5152, 1993, Aug Average, Uganda, UGA
97.8014, 1993, Sep Average, Uganda, UGA
94.9727, 1993, Oct Average, Uganda, UGA
88.7606, 1993, Nov Average, Uganda, UGA
51.7326, 1993, Dec Average, Uganda, UGA
31.2884, 1994, Jan Average, Uganda, UGA
32.8752, 1994, Feb Average, Uganda, UGA
109.718, 1994, Mar Average, Uganda, UGA
155.611, 1994, Apr Average, Uganda, UGA
173.995, 1994, May Average, Uganda, UGA
99.8422, 1994, Jun Average, Uganda, UGA
116.924, 1994, Jul Average, Uganda, UGA
130.111, 1994, Aug Average, Uganda, UGA
91.1645, 1994, Sep Average, Uganda, UGA
134.035, 1994, Oct Average, Uganda, UGA
176.384, 1994, Nov Average, Uganda, UGA
50.6187, 1994, Dec Average, Uganda, UGA
17.5988, 1995, Jan Average, Uganda, UGA
40.1322, 1995, Feb Average, Uganda, UGA
102.862, 1995, Mar Average, Uganda, UGA
173.123, 1995, Apr Average, Uganda, UGA
145.945, 1995, May Average, Uganda, UGA
91.4414, 1995, Jun Average, Uganda, UGA
103.707, 1995, Jul Average, Uganda, UGA
80.8326, 1995, Aug Average, Uganda, UGA
128.479, 1995, Sep Average, Uganda, UGA
155.598, 1995, Oct Average, Uganda, UGA
111.788, 1995, Nov Average, Uganda, UGA
60.1607, 1995, Dec Average, Uganda, UGA
87.2209, 1996, Jan Average, Uganda, UGA
70.3284, 1996, Feb Average, Uganda, UGA
131.099, 1996, Mar Average, Uganda, UGA
135.545, 1996, Apr Average, Uganda, UGA
142.062, 1996, May Average, Uganda, UGA
109.492, 1996, Jun Average, Uganda, UGA
81.4352, 1996, Jul Average, Uganda, UGA
128.428, 1996, Aug Average, Uganda, UGA
135.879, 1996, Sep Average, Uganda, UGA
131.028, 1996, Oct Average, Uganda, UGA
117.386, 1996, Nov Average, Uganda, UGA
43.2703, 1996, Dec Average, Uganda, UGA
60.461, 1997, Jan Average, Uganda, UGA
10.5366, 1997, Feb Average, Uganda, UGA
76.2916, 1997, Mar Average, Uganda, UGA
217.456, 1997, Apr Average, Uganda, UGA
102.664, 1997, May Average, Uganda, UGA
67.9676, 1997, Jun Average, Uganda, UGA
75.318, 1997, Jul Average, Uganda, UGA
100.273, 1997, Aug Average, Uganda, UGA
45.6251, 1997, Sep Average, Uganda, UGA
188.284, 1997, Oct Average, Uganda, UGA
223.171, 1997, Nov Average, Uganda, UGA
128.907, 1997, Dec Average, Uganda, UGA
93.8821, 1998, Jan Average, Uganda, UGA
60.0337, 1998, Feb Average, Uganda, UGA
97.9015, 1998, Mar Average, Uganda, UGA
166.002, 1998, Apr Average, Uganda, UGA
141.853, 1998, May Average, Uganda, UGA
89.5921, 1998, Jun Average, Uganda, UGA
84.6096, 1998, Jul Average, Uganda, UGA
112.982, 1998, Aug Average, Uganda, UGA
102.502, 1998, Sep Average, Uganda, UGA
151.24, 1998, Oct Average, Uganda, UGA
86.3412, 1998, Nov Average, Uganda, UGA
22.0668, 1998, Dec Average, Uganda, UGA
65.2968, 1999, Jan Average, Uganda, UGA
20.0141, 1999, Feb Average, Uganda, UGA
160.683, 1999, Mar Average, Uganda, UGA
124.503, 1999, Apr Average, Uganda, UGA
120.387, 1999, May Average, Uganda, UGA
55.8319, 1999, Jun Average, Uganda, UGA
80.6224, 1999, Jul Average, Uganda, UGA
141.77, 1999, Aug Average, Uganda, UGA
115.899, 1999, Sep Average, Uganda, UGA
191.408, 1999, Oct Average, Uganda, UGA
122.127, 1999, Nov Average, Uganda, UGA
55.953, 1999, Dec Average, Uganda, UGA
28.7526, 2000, Jan Average, Uganda, UGA
24.5113, 2000, Feb Average, Uganda, UGA
61.1808, 2000, Mar Average, Uganda, UGA
139.722, 2000, Apr Average, Uganda, UGA
122.795, 2000, May Average, Uganda, UGA
90.9499, 2000, Jun Average, Uganda, UGA
71.6431, 2000, Jul Average, Uganda, UGA
106.299, 2000, Aug Average, Uganda, UGA
116.276, 2000, Sep Average, Uganda, UGA
212.626, 2000, Oct Average, Uganda, UGA
100.158, 2000, Nov Average, Uganda, UGA
63.3322, 2000, Dec Average, Uganda, UGA
92.1531, 2001, Jan Average, Uganda, UGA
28.2814, 2001, Feb Average, Uganda, UGA
94.5589, 2001, Mar Average, Uganda, UGA
134.373, 2001, Apr Average, Uganda, UGA
108.97, 2001, May Average, Uganda, UGA
89.3328, 2001, Jun Average, Uganda, UGA
118.397, 2001, Jul Average, Uganda, UGA
98.3384, 2001, Aug Average, Uganda, UGA
106.291, 2001, Sep Average, Uganda, UGA
192.719, 2001, Oct Average, Uganda, UGA
132.708, 2001, Nov Average, Uganda, UGA
29.8501, 2001, Dec Average, Uganda, UGA
61.7233, 2002, Jan Average, Uganda, UGA
64.7914, 2002, Feb Average, Uganda, UGA
121.566, 2002, Mar Average, Uganda, UGA
140.714, 2002, Apr Average, Uganda, UGA
151.458, 2002, May Average, Uganda, UGA
64.8737, 2002, Jun Average, Uganda, UGA
52.9848, 2002, Jul Average, Uganda, UGA
66.8672, 2002, Aug Average, Uganda, UGA
69.3666, 2002, Sep Average, Uganda, UGA
191.545, 2002, Oct Average, Uganda, UGA
123.772, 2002, Nov Average, Uganda, UGA
142.893, 2002, Dec Average, Uganda, UGA
31.0686, 2003, Jan Average, Uganda, UGA
39.2733, 2003, Feb Average, Uganda, UGA
126.856, 2003, Mar Average, Uganda, UGA
187.639, 2003, Apr Average, Uganda, UGA
178.649, 2003, May Average, Uganda, UGA
63.1316, 2003, Jun Average, Uganda, UGA
80.9174, 2003, Jul Average, Uganda, UGA
150.1, 2003, Aug Average, Uganda, UGA
119.643, 2003, Sep Average, Uganda, UGA
86.2388, 2003, Oct Average, Uganda, UGA
51.3099, 2003, Nov Average, Uganda, UGA
61.6367, 2003, Dec Average, Uganda, UGA
80.9537, 2004, Jan Average, Uganda, UGA
18.5623, 2004, Feb Average, Uganda, UGA
77.2361, 2004, Mar Average, Uganda, UGA
162.384, 2004, Apr Average, Uganda, UGA
67.5661, 2004, May Average, Uganda, UGA
75.16, 2004, Jun Average, Uganda, UGA
58.7136, 2004, Jul Average, Uganda, UGA
176.267, 2004, Aug Average, Uganda, UGA
100.168, 2004, Sep Average, Uganda, UGA
112.371, 2004, Oct Average, Uganda, UGA
151.959, 2004, Nov Average, Uganda, UGA
44.8417, 2004, Dec Average, Uganda, UGA
43.6629, 2005, Jan Average, Uganda, UGA
27.3429, 2005, Feb Average, Uganda, UGA
96.334, 2005, Mar Average, Uganda, UGA
88.2134, 2005, Apr Average, Uganda, UGA
140.75, 2005, May Average, Uganda, UGA
71.5542, 2005, Jun Average, Uganda, UGA
62.2143, 2005, Jul Average, Uganda, UGA
79.5569, 2005, Aug Average, Uganda, UGA
109.66, 2005, Sep Average, Uganda, UGA
121.888, 2005, Oct Average, Uganda, UGA
34.5388, 2005, Nov Average, Uganda, UGA
21.8096, 2005, Dec Average, Uganda, UGA
26.0479, 2006, Jan Average, Uganda, UGA
50.9719, 2006, Feb Average, Uganda, UGA
167.349, 2006, Mar Average, Uganda, UGA
141.348, 2006, Apr Average, Uganda, UGA
153.774, 2006, May Average, Uganda, UGA
47.7199, 2006, Jun Average, Uganda, UGA
48.8077, 2006, Jul Average, Uganda, UGA
185.479, 2006, Aug Average, Uganda, UGA
132.975, 2006, Sep Average, Uganda, UGA
108.785, 2006, Oct Average, Uganda, UGA
164.075, 2006, Nov Average, Uganda, UGA
120.546, 2006, Dec Average, Uganda, UGA
57.2492, 2007, Jan Average, Uganda, UGA
56.6984, 2007, Feb Average, Uganda, UGA
63.0324, 2007, Mar Average, Uganda, UGA
162.334, 2007, Apr Average, Uganda, UGA
154.056, 2007, May Average, Uganda, UGA
90.7677, 2007, Jun Average, Uganda, UGA
190.343, 2007, Jul Average, Uganda, UGA
202.158, 2007, Aug Average, Uganda, UGA
350.741, 2007, Sep Average, Uganda, UGA
81.2506, 2007, Oct Average, Uganda, UGA
77.866, 2007, Nov Average, Uganda, UGA
41.2106, 2007, Dec Average, Uganda, UGA
59.0042, 2008, Jan Average, Uganda, UGA
22.4644, 2008, Feb Average, Uganda, UGA
92.5551, 2008, Mar Average, Uganda, UGA
88.0703, 2008, Apr Average, Uganda, UGA
96.5084, 2008, May Average, Uganda, UGA
91.2533, 2008, Jun Average, Uganda, UGA
71.8137, 2008, Jul Average, Uganda, UGA
112.294, 2008, Aug Average, Uganda, UGA
220.676, 2008, Sep Average, Uganda, UGA
223.208, 2008, Oct Average, Uganda, UGA
141.53, 2008, Nov Average, Uganda, UGA
12.1728, 2008, Dec Average, Uganda, UGA
65.921, 2009, Jan Average, Uganda, UGA
88.2387, 2009, Feb Average, Uganda, UGA
48.7585, 2009, Mar Average, Uganda, UGA
170.534, 2009, Apr Average, Uganda, UGA
112.075, 2009, May Average, Uganda, UGA
26.0754, 2009, Jun Average, Uganda, UGA
56.6705, 2009, Jul Average, Uganda, UGA
75.4037, 2009, Aug Average, Uganda, UGA
160.162, 2009, Sep Average, Uganda, UGA
195.059, 2009, Oct Average, Uganda, UGA
112.428, 2009, Nov Average, Uganda, UGA
79.4157, 2009, Dec Average, Uganda, UGA
67.6755, 2010, Jan Average, Uganda, UGA
126.883, 2010, Feb Average, Uganda, UGA
148.939, 2010, Mar Average, Uganda, UGA
136.879, 2010, Apr Average, Uganda, UGA
155.377, 2010, May Average, Uganda, UGA
210.652, 2010, Jun Average, Uganda, UGA
92.3488, 2010, Jul Average, Uganda, UGA
114.01, 2010, Aug Average, Uganda, UGA
78.0717, 2010, Sep Average, Uganda, UGA
167.933, 2010, Oct Average, Uganda, UGA
71.9231, 2010, Nov Average, Uganda, UGA
53.9018, 2010, Dec Average, Uganda, UGA
33.3922, 2011, Jan Average, Uganda, UGA
21.5418, 2011, Feb Average, Uganda, UGA
128.409, 2011, Mar Average, Uganda, UGA
127.541, 2011, Apr Average, Uganda, UGA
139.051, 2011, May Average, Uganda, UGA
139.957, 2011, Jun Average, Uganda, UGA
72.1242, 2011, Jul Average, Uganda, UGA
143.722, 2011, Aug Average, Uganda, UGA
182.45, 2011, Sep Average, Uganda, UGA
133.28, 2011, Oct Average, Uganda, UGA
147.614, 2011, Nov Average, Uganda, UGA
57.2759, 2011, Dec Average, Uganda, UGA
11.2074, 2012, Jan Average, Uganda, UGA
17.9534, 2012, Feb Average, Uganda, UGA
51.5501, 2012, Mar Average, Uganda, UGA
234.422, 2012, Apr Average, Uganda, UGA
121.697, 2012, May Average, Uganda, UGA
173.773, 2012, Jun Average, Uganda, UGA
86.8524, 2012, Jul Average, Uganda, UGA
71.9332, 2012, Aug Average, Uganda, UGA
231.242, 2012, Sep Average, Uganda, UGA
238.557, 2012, Oct Average, Uganda, UGA
124.078, 2012, Nov Average, Uganda, UGA
135.148, 2012, Dec Average, Uganda, UGA
65.2668, 2013, Jan Average, Uganda, UGA
26.8944, 2013, Feb Average, Uganda, UGA
189.564, 2013, Mar Average, Uganda, UGA
207.057, 2013, Apr Average, Uganda, UGA
129.114, 2013, May Average, Uganda, UGA
56.1212, 2013, Jun Average, Uganda, UGA
86.0767, 2013, Jul Average, Uganda, UGA
218.103, 2013, Aug Average, Uganda, UGA
275.043, 2013, Sep Average, Uganda, UGA
152.592, 2013, Oct Average, Uganda, UGA
127.67, 2013, Nov Average, Uganda, UGA
84.2901, 2013, Dec Average, Uganda, UGA
39.4933, 2014, Jan Average, Uganda, UGA
39.839, 2014, Feb Average, Uganda, UGA
90.637, 2014, Mar Average, Uganda, UGA
68.9749, 2014, Apr Average, Uganda, UGA
126.431, 2014, May Average, Uganda, UGA
96.3035, 2014, Jun Average, Uganda, UGA
97.5322, 2014, Jul Average, Uganda, UGA
141.778, 2014, Aug Average, Uganda, UGA
191.009, 2014, Sep Average, Uganda, UGA
133.168, 2014, Oct Average, Uganda, UGA
116.547, 2014, Nov Average, Uganda, UGA
58.0796, 2014, Dec Average, Uganda, UGA
25.5304, 2015, Jan Average, Uganda, UGA
29.1744, 2015, Feb Average, Uganda, UGA
66.419, 2015, Mar Average, Uganda, UGA
123.134, 2015, Apr Average, Uganda, UGA
141.61, 2015, May Average, Uganda, UGA
198.953, 2015, Jun Average, Uganda, UGA
61.4314, 2015, Jul Average, Uganda, UGA
72.1642, 2015, Aug Average, Uganda, UGA
141.16, 2015, Sep Average, Uganda, UGA
201.687, 2015, Oct Average, Uganda, UGA
211.078, 2015, Nov Average, Uganda, UGA
102.772, 2015, Dec Average, Uganda, UGA
86.6088, 2016, Jan Average, Uganda, UGA
27.6312, 2016, Feb Average, Uganda, UGA
89.5341, 2016, Mar Average, Uganda, UGA
180.276, 2016, Apr Average, Uganda, UGA
154.995, 2016, May Average, Uganda, UGA
110.991, 2016, Jun Average, Uganda, UGA
156.151, 2016, Jul Average, Uganda, UGA
124.955, 2016, Aug Average, Uganda, UGA
85.6372, 2016, Sep Average, Uganda, UGA
143.482, 2016, Oct Average, Uganda, UGA
94.0705, 2016, Nov Average, Uganda, UGA
120.528, 2016, Dec Average, Uganda, UGA
