10.7111, 1901, Jan Average, Algeria, DZA
11.2564, 1901, Feb Average, Algeria, DZA
8.48546, 1901, Mar Average, Algeria, DZA
5.34105, 1901, Apr Average, Algeria, DZA
11.0473, 1901, May Average, Algeria, DZA
2.45341, 1901, Jun Average, Algeria, DZA
3.12252, 1901, Jul Average, Algeria, DZA
4.89737, 1901, Aug Average, Algeria, DZA
8.66387, 1901, Sep Average, Algeria, DZA
19.3932, 1901, Oct Average, Algeria, DZA
12.2979, 1901, Nov Average, Algeria, DZA
15.7832, 1901, Dec Average, Algeria, DZA
5.40547, 1902, Jan Average, Algeria, DZA
11.1454, 1902, Feb Average, Algeria, DZA
10.0081, 1902, Mar Average, Algeria, DZA
6.61178, 1902, Apr Average, Algeria, DZA
7.79011, 1902, May Average, Algeria, DZA
3.57897, 1902, Jun Average, Algeria, DZA
3.82684, 1902, Jul Average, Algeria, DZA
3.48822, 1902, Aug Average, Algeria, DZA
6.58805, 1902, Sep Average, Algeria, DZA
15.2386, 1902, Oct Average, Algeria, DZA
14.0474, 1902, Nov Average, Algeria, DZA
11.9591, 1902, Dec Average, Algeria, DZA
8.89526, 1903, Jan Average, Algeria, DZA
2.8471, 1903, Feb Average, Algeria, DZA
7.64151, 1903, Mar Average, Algeria, DZA
4.82821, 1903, Apr Average, Algeria, DZA
5.86833, 1903, May Average, Algeria, DZA
3.7206, 1903, Jun Average, Algeria, DZA
2.1661, 1903, Jul Average, Algeria, DZA
2.11555, 1903, Aug Average, Algeria, DZA
5.63321, 1903, Sep Average, Algeria, DZA
5.4094, 1903, Oct Average, Algeria, DZA
8.71937, 1903, Nov Average, Algeria, DZA
17.8794, 1903, Dec Average, Algeria, DZA
25.1144, 1904, Jan Average, Algeria, DZA
14.0576, 1904, Feb Average, Algeria, DZA
18.2954, 1904, Mar Average, Algeria, DZA
13.9397, 1904, Apr Average, Algeria, DZA
2.4507, 1904, May Average, Algeria, DZA
4.60238, 1904, Jun Average, Algeria, DZA
2.11529, 1904, Jul Average, Algeria, DZA
2.97959, 1904, Aug Average, Algeria, DZA
4.36233, 1904, Sep Average, Algeria, DZA
7.44077, 1904, Oct Average, Algeria, DZA
8.02737, 1904, Nov Average, Algeria, DZA
12.4222, 1904, Dec Average, Algeria, DZA
7.53667, 1905, Jan Average, Algeria, DZA
5.75573, 1905, Feb Average, Algeria, DZA
4.84387, 1905, Mar Average, Algeria, DZA
7.5784, 1905, Apr Average, Algeria, DZA
14.9933, 1905, May Average, Algeria, DZA
3.75502, 1905, Jun Average, Algeria, DZA
2.63475, 1905, Jul Average, Algeria, DZA
2.65772, 1905, Aug Average, Algeria, DZA
2.42843, 1905, Sep Average, Algeria, DZA
15.8702, 1905, Oct Average, Algeria, DZA
10.4563, 1905, Nov Average, Algeria, DZA
13.7578, 1905, Dec Average, Algeria, DZA
16.608, 1906, Jan Average, Algeria, DZA
9.61631, 1906, Feb Average, Algeria, DZA
8.83625, 1906, Mar Average, Algeria, DZA
8.48499, 1906, Apr Average, Algeria, DZA
8.21597, 1906, May Average, Algeria, DZA
3.31076, 1906, Jun Average, Algeria, DZA
3.38494, 1906, Jul Average, Algeria, DZA
3.29465, 1906, Aug Average, Algeria, DZA
7.31516, 1906, Sep Average, Algeria, DZA
6.33379, 1906, Oct Average, Algeria, DZA
8.285, 1906, Nov Average, Algeria, DZA
12.03, 1906, Dec Average, Algeria, DZA
6.89571, 1907, Jan Average, Algeria, DZA
13.7485, 1907, Feb Average, Algeria, DZA
7.43066, 1907, Mar Average, Algeria, DZA
8.56467, 1907, Apr Average, Algeria, DZA
4.8839, 1907, May Average, Algeria, DZA
1.65223, 1907, Jun Average, Algeria, DZA
1.54578, 1907, Jul Average, Algeria, DZA
3.35631, 1907, Aug Average, Algeria, DZA
9.59765, 1907, Sep Average, Algeria, DZA
7.70983, 1907, Oct Average, Algeria, DZA
16.3995, 1907, Nov Average, Algeria, DZA
4.16358, 1907, Dec Average, Algeria, DZA
9.52262, 1908, Jan Average, Algeria, DZA
11.5125, 1908, Feb Average, Algeria, DZA
18.8804, 1908, Mar Average, Algeria, DZA
7.03988, 1908, Apr Average, Algeria, DZA
8.06805, 1908, May Average, Algeria, DZA
3.61939, 1908, Jun Average, Algeria, DZA
2.52466, 1908, Jul Average, Algeria, DZA
3.65393, 1908, Aug Average, Algeria, DZA
5.29759, 1908, Sep Average, Algeria, DZA
12.6052, 1908, Oct Average, Algeria, DZA
7.13848, 1908, Nov Average, Algeria, DZA
10.8096, 1908, Dec Average, Algeria, DZA
10.0673, 1909, Jan Average, Algeria, DZA
6.15367, 1909, Feb Average, Algeria, DZA
8.82591, 1909, Mar Average, Algeria, DZA
9.57389, 1909, Apr Average, Algeria, DZA
6.96322, 1909, May Average, Algeria, DZA
3.4177, 1909, Jun Average, Algeria, DZA
1.92249, 1909, Jul Average, Algeria, DZA
2.44085, 1909, Aug Average, Algeria, DZA
3.01039, 1909, Sep Average, Algeria, DZA
9.2519, 1909, Oct Average, Algeria, DZA
9.71069, 1909, Nov Average, Algeria, DZA
4.60887, 1909, Dec Average, Algeria, DZA
6.12558, 1910, Jan Average, Algeria, DZA
7.21427, 1910, Feb Average, Algeria, DZA
6.64956, 1910, Mar Average, Algeria, DZA
6.79724, 1910, Apr Average, Algeria, DZA
15.4558, 1910, May Average, Algeria, DZA
2.42111, 1910, Jun Average, Algeria, DZA
1.45697, 1910, Jul Average, Algeria, DZA
2.05093, 1910, Aug Average, Algeria, DZA
2.80849, 1910, Sep Average, Algeria, DZA
2.84872, 1910, Oct Average, Algeria, DZA
3.35362, 1910, Nov Average, Algeria, DZA
13.1736, 1910, Dec Average, Algeria, DZA
18.5202, 1911, Jan Average, Algeria, DZA
7.28457, 1911, Feb Average, Algeria, DZA
15.3875, 1911, Mar Average, Algeria, DZA
6.54621, 1911, Apr Average, Algeria, DZA
9.41771, 1911, May Average, Algeria, DZA
3.02228, 1911, Jun Average, Algeria, DZA
2.04585, 1911, Jul Average, Algeria, DZA
2.10668, 1911, Aug Average, Algeria, DZA
3.56317, 1911, Sep Average, Algeria, DZA
9.4894, 1911, Oct Average, Algeria, DZA
9.74408, 1911, Nov Average, Algeria, DZA
8.58225, 1911, Dec Average, Algeria, DZA
15.7403, 1912, Jan Average, Algeria, DZA
4.58463, 1912, Feb Average, Algeria, DZA
6.75411, 1912, Mar Average, Algeria, DZA
10.1814, 1912, Apr Average, Algeria, DZA
1.1637, 1912, May Average, Algeria, DZA
2.23466, 1912, Jun Average, Algeria, DZA
1.18315, 1912, Jul Average, Algeria, DZA
3.59294, 1912, Aug Average, Algeria, DZA
11.7424, 1912, Sep Average, Algeria, DZA
14.8266, 1912, Oct Average, Algeria, DZA
4.27614, 1912, Nov Average, Algeria, DZA
15.3646, 1912, Dec Average, Algeria, DZA
18.0745, 1913, Jan Average, Algeria, DZA
11.5162, 1913, Feb Average, Algeria, DZA
3.93485, 1913, Mar Average, Algeria, DZA
4.06727, 1913, Apr Average, Algeria, DZA
4.15312, 1913, May Average, Algeria, DZA
1.57934, 1913, Jun Average, Algeria, DZA
1.18415, 1913, Jul Average, Algeria, DZA
2.0291, 1913, Aug Average, Algeria, DZA
1.16816, 1913, Sep Average, Algeria, DZA
6.32318, 1913, Oct Average, Algeria, DZA
4.20751, 1913, Nov Average, Algeria, DZA
6.64806, 1913, Dec Average, Algeria, DZA
16.0518, 1914, Jan Average, Algeria, DZA
12.0296, 1914, Feb Average, Algeria, DZA
7.02236, 1914, Mar Average, Algeria, DZA
8.2952, 1914, Apr Average, Algeria, DZA
5.98626, 1914, May Average, Algeria, DZA
2.56214, 1914, Jun Average, Algeria, DZA
1.43338, 1914, Jul Average, Algeria, DZA
4.11691, 1914, Aug Average, Algeria, DZA
4.86035, 1914, Sep Average, Algeria, DZA
5.11285, 1914, Oct Average, Algeria, DZA
11.2056, 1914, Nov Average, Algeria, DZA
6.65423, 1914, Dec Average, Algeria, DZA
12.7031, 1915, Jan Average, Algeria, DZA
7.71452, 1915, Feb Average, Algeria, DZA
7.21466, 1915, Mar Average, Algeria, DZA
8.04816, 1915, Apr Average, Algeria, DZA
6.36216, 1915, May Average, Algeria, DZA
5.58895, 1915, Jun Average, Algeria, DZA
2.12295, 1915, Jul Average, Algeria, DZA
2.89157, 1915, Aug Average, Algeria, DZA
6.8119, 1915, Sep Average, Algeria, DZA
12.2848, 1915, Oct Average, Algeria, DZA
7.16489, 1915, Nov Average, Algeria, DZA
7.55182, 1915, Dec Average, Algeria, DZA
12.4086, 1916, Jan Average, Algeria, DZA
8.4969, 1916, Feb Average, Algeria, DZA
10.2328, 1916, Mar Average, Algeria, DZA
5.88966, 1916, Apr Average, Algeria, DZA
6.94378, 1916, May Average, Algeria, DZA
2.67516, 1916, Jun Average, Algeria, DZA
1.49331, 1916, Jul Average, Algeria, DZA
2.9139, 1916, Aug Average, Algeria, DZA
5.50379, 1916, Sep Average, Algeria, DZA
3.42424, 1916, Oct Average, Algeria, DZA
14.3146, 1916, Nov Average, Algeria, DZA
11.7247, 1916, Dec Average, Algeria, DZA
16.5735, 1917, Jan Average, Algeria, DZA
9.1992, 1917, Feb Average, Algeria, DZA
9.13425, 1917, Mar Average, Algeria, DZA
2.92161, 1917, Apr Average, Algeria, DZA
5.15155, 1917, May Average, Algeria, DZA
9.48101, 1917, Jun Average, Algeria, DZA
1.20456, 1917, Jul Average, Algeria, DZA
1.87669, 1917, Aug Average, Algeria, DZA
1.26109, 1917, Sep Average, Algeria, DZA
3.71319, 1917, Oct Average, Algeria, DZA
12.183, 1917, Nov Average, Algeria, DZA
13.0354, 1917, Dec Average, Algeria, DZA
5.97155, 1918, Jan Average, Algeria, DZA
5.18759, 1918, Feb Average, Algeria, DZA
12.4207, 1918, Mar Average, Algeria, DZA
6.69916, 1918, Apr Average, Algeria, DZA
6.78748, 1918, May Average, Algeria, DZA
5.87672, 1918, Jun Average, Algeria, DZA
2.84155, 1918, Jul Average, Algeria, DZA
2.25869, 1918, Aug Average, Algeria, DZA
4.57063, 1918, Sep Average, Algeria, DZA
12.7005, 1918, Oct Average, Algeria, DZA
22.7106, 1918, Nov Average, Algeria, DZA
8.02308, 1918, Dec Average, Algeria, DZA
12.6802, 1919, Jan Average, Algeria, DZA
6.70478, 1919, Feb Average, Algeria, DZA
6.54312, 1919, Mar Average, Algeria, DZA
3.50938, 1919, Apr Average, Algeria, DZA
4.78087, 1919, May Average, Algeria, DZA
4.41387, 1919, Jun Average, Algeria, DZA
2.015, 1919, Jul Average, Algeria, DZA
2.24609, 1919, Aug Average, Algeria, DZA
8.28564, 1919, Sep Average, Algeria, DZA
7.16824, 1919, Oct Average, Algeria, DZA
5.0242, 1919, Nov Average, Algeria, DZA
11.1485, 1919, Dec Average, Algeria, DZA
3.72295, 1920, Jan Average, Algeria, DZA
10.4412, 1920, Feb Average, Algeria, DZA
6.76586, 1920, Mar Average, Algeria, DZA
2.19323, 1920, Apr Average, Algeria, DZA
3.93388, 1920, May Average, Algeria, DZA
3.97916, 1920, Jun Average, Algeria, DZA
1.5933, 1920, Jul Average, Algeria, DZA
3.13252, 1920, Aug Average, Algeria, DZA
2.22617, 1920, Sep Average, Algeria, DZA
5.27933, 1920, Oct Average, Algeria, DZA
13.2465, 1920, Nov Average, Algeria, DZA
7.11499, 1920, Dec Average, Algeria, DZA
3.5144, 1921, Jan Average, Algeria, DZA
6.22502, 1921, Feb Average, Algeria, DZA
14.0842, 1921, Mar Average, Algeria, DZA
10.7315, 1921, Apr Average, Algeria, DZA
10.5265, 1921, May Average, Algeria, DZA
2.73338, 1921, Jun Average, Algeria, DZA
2.05572, 1921, Jul Average, Algeria, DZA
3.08484, 1921, Aug Average, Algeria, DZA
3.95739, 1921, Sep Average, Algeria, DZA
5.93371, 1921, Oct Average, Algeria, DZA
12.4449, 1921, Nov Average, Algeria, DZA
9.10288, 1921, Dec Average, Algeria, DZA
13.9203, 1922, Jan Average, Algeria, DZA
7.73862, 1922, Feb Average, Algeria, DZA
3.89868, 1922, Mar Average, Algeria, DZA
2.6378, 1922, Apr Average, Algeria, DZA
2.99826, 1922, May Average, Algeria, DZA
2.56971, 1922, Jun Average, Algeria, DZA
1.63405, 1922, Jul Average, Algeria, DZA
2.71844, 1922, Aug Average, Algeria, DZA
2.53541, 1922, Sep Average, Algeria, DZA
4.57346, 1922, Oct Average, Algeria, DZA
10.9461, 1922, Nov Average, Algeria, DZA
16.0868, 1922, Dec Average, Algeria, DZA
13.8954, 1923, Jan Average, Algeria, DZA
8.04655, 1923, Feb Average, Algeria, DZA
10.2004, 1923, Mar Average, Algeria, DZA
14.4244, 1923, Apr Average, Algeria, DZA
6.34218, 1923, May Average, Algeria, DZA
4.9436, 1923, Jun Average, Algeria, DZA
1.80264, 1923, Jul Average, Algeria, DZA
1.84469, 1923, Aug Average, Algeria, DZA
5.19329, 1923, Sep Average, Algeria, DZA
10.1462, 1923, Oct Average, Algeria, DZA
13.9392, 1923, Nov Average, Algeria, DZA
5.072, 1923, Dec Average, Algeria, DZA
8.82594, 1924, Jan Average, Algeria, DZA
7.70478, 1924, Feb Average, Algeria, DZA
6.07716, 1924, Mar Average, Algeria, DZA
2.95116, 1924, Apr Average, Algeria, DZA
2.71522, 1924, May Average, Algeria, DZA
2.31195, 1924, Jun Average, Algeria, DZA
2.40698, 1924, Jul Average, Algeria, DZA
1.81695, 1924, Aug Average, Algeria, DZA
3.14377, 1924, Sep Average, Algeria, DZA
7.01515, 1924, Oct Average, Algeria, DZA
11.1842, 1924, Nov Average, Algeria, DZA
11.9896, 1924, Dec Average, Algeria, DZA
1.15938, 1925, Jan Average, Algeria, DZA
9.09219, 1925, Feb Average, Algeria, DZA
16.0654, 1925, Mar Average, Algeria, DZA
4.80119, 1925, Apr Average, Algeria, DZA
9.32637, 1925, May Average, Algeria, DZA
2.54328, 1925, Jun Average, Algeria, DZA
3.30768, 1925, Jul Average, Algeria, DZA
2.21077, 1925, Aug Average, Algeria, DZA
10.3773, 1925, Sep Average, Algeria, DZA
9.90542, 1925, Oct Average, Algeria, DZA
11.4946, 1925, Nov Average, Algeria, DZA
3.80756, 1925, Dec Average, Algeria, DZA
2.24007, 1926, Jan Average, Algeria, DZA
2.72951, 1926, Feb Average, Algeria, DZA
3.95076, 1926, Mar Average, Algeria, DZA
4.87785, 1926, Apr Average, Algeria, DZA
4.6836, 1926, May Average, Algeria, DZA
1.58011, 1926, Jun Average, Algeria, DZA
1.71758, 1926, Jul Average, Algeria, DZA
3.25467, 1926, Aug Average, Algeria, DZA
2.28301, 1926, Sep Average, Algeria, DZA
2.99088, 1926, Oct Average, Algeria, DZA
10.4505, 1926, Nov Average, Algeria, DZA
9.07261, 1926, Dec Average, Algeria, DZA
7.84924, 1927, Jan Average, Algeria, DZA
6.08531, 1927, Feb Average, Algeria, DZA
5.49046, 1927, Mar Average, Algeria, DZA
4.6336, 1927, Apr Average, Algeria, DZA
6.82996, 1927, May Average, Algeria, DZA
0.79699, 1927, Jun Average, Algeria, DZA
0.30202, 1927, Jul Average, Algeria, DZA
3.20757, 1927, Aug Average, Algeria, DZA
2.9265, 1927, Sep Average, Algeria, DZA
8.78185, 1927, Oct Average, Algeria, DZA
20.3177, 1927, Nov Average, Algeria, DZA
20.2638, 1927, Dec Average, Algeria, DZA
20.7059, 1928, Jan Average, Algeria, DZA
5.04663, 1928, Feb Average, Algeria, DZA
9.33707, 1928, Mar Average, Algeria, DZA
3.65343, 1928, Apr Average, Algeria, DZA
7.75589, 1928, May Average, Algeria, DZA
0.59097, 1928, Jun Average, Algeria, DZA
2.01373, 1928, Jul Average, Algeria, DZA
8.65138, 1928, Aug Average, Algeria, DZA
9.43583, 1928, Sep Average, Algeria, DZA
15.8421, 1928, Oct Average, Algeria, DZA
4.28785, 1928, Nov Average, Algeria, DZA
10.7484, 1928, Dec Average, Algeria, DZA
5.84982, 1929, Jan Average, Algeria, DZA
11.4665, 1929, Feb Average, Algeria, DZA
10.8779, 1929, Mar Average, Algeria, DZA
1.53803, 1929, Apr Average, Algeria, DZA
14.7804, 1929, May Average, Algeria, DZA
6.12207, 1929, Jun Average, Algeria, DZA
1.33071, 1929, Jul Average, Algeria, DZA
7.5538, 1929, Aug Average, Algeria, DZA
8.79527, 1929, Sep Average, Algeria, DZA
6.01245, 1929, Oct Average, Algeria, DZA
10.1153, 1929, Nov Average, Algeria, DZA
4.26483, 1929, Dec Average, Algeria, DZA
10.4209, 1930, Jan Average, Algeria, DZA
8.57213, 1930, Feb Average, Algeria, DZA
4.15565, 1930, Mar Average, Algeria, DZA
7.25416, 1930, Apr Average, Algeria, DZA
3.21588, 1930, May Average, Algeria, DZA
4.16204, 1930, Jun Average, Algeria, DZA
3.48014, 1930, Jul Average, Algeria, DZA
4.52714, 1930, Aug Average, Algeria, DZA
3.74255, 1930, Sep Average, Algeria, DZA
2.92623, 1930, Oct Average, Algeria, DZA
3.44076, 1930, Nov Average, Algeria, DZA
22.2567, 1930, Dec Average, Algeria, DZA
14.2568, 1931, Jan Average, Algeria, DZA
11.4293, 1931, Feb Average, Algeria, DZA
5.07885, 1931, Mar Average, Algeria, DZA
5.44773, 1931, Apr Average, Algeria, DZA
2.83461, 1931, May Average, Algeria, DZA
0.54, 1931, Jun Average, Algeria, DZA
1.64329, 1931, Jul Average, Algeria, DZA
0.96166, 1931, Aug Average, Algeria, DZA
6.37336, 1931, Sep Average, Algeria, DZA
3.30857, 1931, Oct Average, Algeria, DZA
8.75723, 1931, Nov Average, Algeria, DZA
13.6353, 1931, Dec Average, Algeria, DZA
3.99957, 1932, Jan Average, Algeria, DZA
12.5229, 1932, Feb Average, Algeria, DZA
10.1301, 1932, Mar Average, Algeria, DZA
4.09007, 1932, Apr Average, Algeria, DZA
2.40775, 1932, May Average, Algeria, DZA
0.87468, 1932, Jun Average, Algeria, DZA
3.79114, 1932, Jul Average, Algeria, DZA
8.23333, 1932, Aug Average, Algeria, DZA
5.8042, 1932, Sep Average, Algeria, DZA
5.50033, 1932, Oct Average, Algeria, DZA
10.4523, 1932, Nov Average, Algeria, DZA
14.9049, 1932, Dec Average, Algeria, DZA
8.27926, 1933, Jan Average, Algeria, DZA
7.88148, 1933, Feb Average, Algeria, DZA
17.1427, 1933, Mar Average, Algeria, DZA
4.01556, 1933, Apr Average, Algeria, DZA
8.8977, 1933, May Average, Algeria, DZA
6.05615, 1933, Jun Average, Algeria, DZA
1.57167, 1933, Jul Average, Algeria, DZA
1.08932, 1933, Aug Average, Algeria, DZA
3.22931, 1933, Sep Average, Algeria, DZA
2.77356, 1933, Oct Average, Algeria, DZA
22.9479, 1933, Nov Average, Algeria, DZA
13.5487, 1933, Dec Average, Algeria, DZA
10.2491, 1934, Jan Average, Algeria, DZA
9.72045, 1934, Feb Average, Algeria, DZA
12.4439, 1934, Mar Average, Algeria, DZA
4.53606, 1934, Apr Average, Algeria, DZA
8.98236, 1934, May Average, Algeria, DZA
3.14801, 1934, Jun Average, Algeria, DZA
1.41198, 1934, Jul Average, Algeria, DZA
2.53117, 1934, Aug Average, Algeria, DZA
10.6409, 1934, Sep Average, Algeria, DZA
10.0759, 1934, Oct Average, Algeria, DZA
19.0552, 1934, Nov Average, Algeria, DZA
5.96354, 1934, Dec Average, Algeria, DZA
11.0811, 1935, Jan Average, Algeria, DZA
11.091, 1935, Feb Average, Algeria, DZA
7.24605, 1935, Mar Average, Algeria, DZA
6.26055, 1935, Apr Average, Algeria, DZA
6.77225, 1935, May Average, Algeria, DZA
0.33703, 1935, Jun Average, Algeria, DZA
1.55392, 1935, Jul Average, Algeria, DZA
4.06092, 1935, Aug Average, Algeria, DZA
2.10253, 1935, Sep Average, Algeria, DZA
19.3744, 1935, Oct Average, Algeria, DZA
6.94558, 1935, Nov Average, Algeria, DZA
9.58289, 1935, Dec Average, Algeria, DZA
2.92749, 1936, Jan Average, Algeria, DZA
10.0684, 1936, Feb Average, Algeria, DZA
6.40937, 1936, Mar Average, Algeria, DZA
3.70906, 1936, Apr Average, Algeria, DZA
10.6318, 1936, May Average, Algeria, DZA
3.10508, 1936, Jun Average, Algeria, DZA
1.28632, 1936, Jul Average, Algeria, DZA
4.67283, 1936, Aug Average, Algeria, DZA
2.27418, 1936, Sep Average, Algeria, DZA
15.7694, 1936, Oct Average, Algeria, DZA
10.526, 1936, Nov Average, Algeria, DZA
9.47913, 1936, Dec Average, Algeria, DZA
2.18956, 1937, Jan Average, Algeria, DZA
2.02733, 1937, Feb Average, Algeria, DZA
3.30631, 1937, Mar Average, Algeria, DZA
3.62882, 1937, Apr Average, Algeria, DZA
3.32906, 1937, May Average, Algeria, DZA
1.70826, 1937, Jun Average, Algeria, DZA
0.97496, 1937, Jul Average, Algeria, DZA
9.13898, 1937, Aug Average, Algeria, DZA
6.52024, 1937, Sep Average, Algeria, DZA
9.85013, 1937, Oct Average, Algeria, DZA
4.28773, 1937, Nov Average, Algeria, DZA
8.13705, 1937, Dec Average, Algeria, DZA
8.37777, 1938, Jan Average, Algeria, DZA
4.62735, 1938, Feb Average, Algeria, DZA
3.45985, 1938, Mar Average, Algeria, DZA
7.12643, 1938, Apr Average, Algeria, DZA
5.32897, 1938, May Average, Algeria, DZA
0.73731, 1938, Jun Average, Algeria, DZA
1.31832, 1938, Jul Average, Algeria, DZA
4.6713, 1938, Aug Average, Algeria, DZA
5.2817, 1938, Sep Average, Algeria, DZA
6.71631, 1938, Oct Average, Algeria, DZA
14.6835, 1938, Nov Average, Algeria, DZA
18.8745, 1938, Dec Average, Algeria, DZA
3.49864, 1939, Jan Average, Algeria, DZA
14.443, 1939, Feb Average, Algeria, DZA
6.97946, 1939, Mar Average, Algeria, DZA
14.3673, 1939, Apr Average, Algeria, DZA
9.39015, 1939, May Average, Algeria, DZA
3.36043, 1939, Jun Average, Algeria, DZA
0.63677, 1939, Jul Average, Algeria, DZA
10.8811, 1939, Aug Average, Algeria, DZA
4.42489, 1939, Sep Average, Algeria, DZA
4.39061, 1939, Oct Average, Algeria, DZA
6.38703, 1939, Nov Average, Algeria, DZA
6.7257, 1939, Dec Average, Algeria, DZA
15.2272, 1940, Jan Average, Algeria, DZA
5.50878, 1940, Feb Average, Algeria, DZA
6.65353, 1940, Mar Average, Algeria, DZA
1.53528, 1940, Apr Average, Algeria, DZA
2.53232, 1940, May Average, Algeria, DZA
6.21115, 1940, Jun Average, Algeria, DZA
0.26381, 1940, Jul Average, Algeria, DZA
4.77967, 1940, Aug Average, Algeria, DZA
6.50758, 1940, Sep Average, Algeria, DZA
10.9024, 1940, Oct Average, Algeria, DZA
6.43541, 1940, Nov Average, Algeria, DZA
7.98674, 1940, Dec Average, Algeria, DZA
6.11517, 1941, Jan Average, Algeria, DZA
4.43765, 1941, Feb Average, Algeria, DZA
11.748, 1941, Mar Average, Algeria, DZA
8.78042, 1941, Apr Average, Algeria, DZA
8.98352, 1941, May Average, Algeria, DZA
3.73435, 1941, Jun Average, Algeria, DZA
3.45541, 1941, Jul Average, Algeria, DZA
1.10266, 1941, Aug Average, Algeria, DZA
6.76956, 1941, Sep Average, Algeria, DZA
8.53448, 1941, Oct Average, Algeria, DZA
9.91351, 1941, Nov Average, Algeria, DZA
7.90882, 1941, Dec Average, Algeria, DZA
9.88229, 1942, Jan Average, Algeria, DZA
9.85889, 1942, Feb Average, Algeria, DZA
5.82655, 1942, Mar Average, Algeria, DZA
1.92835, 1942, Apr Average, Algeria, DZA
1.83306, 1942, May Average, Algeria, DZA
0.93438, 1942, Jun Average, Algeria, DZA
0.65831, 1942, Jul Average, Algeria, DZA
6.02541, 1942, Aug Average, Algeria, DZA
4.84181, 1942, Sep Average, Algeria, DZA
3.83008, 1942, Oct Average, Algeria, DZA
11.9383, 1942, Nov Average, Algeria, DZA
21.4861, 1942, Dec Average, Algeria, DZA
4.65399, 1943, Jan Average, Algeria, DZA
10.0033, 1943, Feb Average, Algeria, DZA
15.453, 1943, Mar Average, Algeria, DZA
13.3364, 1943, Apr Average, Algeria, DZA
6.0951, 1943, May Average, Algeria, DZA
2.20382, 1943, Jun Average, Algeria, DZA
3.26407, 1943, Jul Average, Algeria, DZA
3.81423, 1943, Aug Average, Algeria, DZA
6.96528, 1943, Sep Average, Algeria, DZA
10.9183, 1943, Oct Average, Algeria, DZA
9.49714, 1943, Nov Average, Algeria, DZA
20.1777, 1943, Dec Average, Algeria, DZA
1.0658, 1944, Jan Average, Algeria, DZA
9.38714, 1944, Feb Average, Algeria, DZA
4.98196, 1944, Mar Average, Algeria, DZA
5.63178, 1944, Apr Average, Algeria, DZA
1.63824, 1944, May Average, Algeria, DZA
2.55114, 1944, Jun Average, Algeria, DZA
1.49396, 1944, Jul Average, Algeria, DZA
1.75511, 1944, Aug Average, Algeria, DZA
8.39031, 1944, Sep Average, Algeria, DZA
6.69895, 1944, Oct Average, Algeria, DZA
7.55272, 1944, Nov Average, Algeria, DZA
8.75084, 1944, Dec Average, Algeria, DZA
10.594, 1945, Jan Average, Algeria, DZA
2.30915, 1945, Feb Average, Algeria, DZA
2.09426, 1945, Mar Average, Algeria, DZA
2.12745, 1945, Apr Average, Algeria, DZA
5.46812, 1945, May Average, Algeria, DZA
2.88229, 1945, Jun Average, Algeria, DZA
2.09164, 1945, Jul Average, Algeria, DZA
2.83817, 1945, Aug Average, Algeria, DZA
1.76238, 1945, Sep Average, Algeria, DZA
6.15694, 1945, Oct Average, Algeria, DZA
10.0817, 1945, Nov Average, Algeria, DZA
5.7251, 1945, Dec Average, Algeria, DZA
23.1425, 1946, Jan Average, Algeria, DZA
5.86279, 1946, Feb Average, Algeria, DZA
5.11787, 1946, Mar Average, Algeria, DZA
15.4196, 1946, Apr Average, Algeria, DZA
4.74878, 1946, May Average, Algeria, DZA
1.07845, 1946, Jun Average, Algeria, DZA
0.92393, 1946, Jul Average, Algeria, DZA
2.58127, 1946, Aug Average, Algeria, DZA
2.72719, 1946, Sep Average, Algeria, DZA
1.7044, 1946, Oct Average, Algeria, DZA
6.34263, 1946, Nov Average, Algeria, DZA
10.7727, 1946, Dec Average, Algeria, DZA
4.74867, 1947, Jan Average, Algeria, DZA
7.10971, 1947, Feb Average, Algeria, DZA
1.51288, 1947, Mar Average, Algeria, DZA
2.86542, 1947, Apr Average, Algeria, DZA
4.85065, 1947, May Average, Algeria, DZA
2.65398, 1947, Jun Average, Algeria, DZA
1.6729, 1947, Jul Average, Algeria, DZA
7.39486, 1947, Aug Average, Algeria, DZA
3.49507, 1947, Sep Average, Algeria, DZA
5.07734, 1947, Oct Average, Algeria, DZA
4.6234, 1947, Nov Average, Algeria, DZA
12.1741, 1947, Dec Average, Algeria, DZA
9.12628, 1948, Jan Average, Algeria, DZA
7.17246, 1948, Feb Average, Algeria, DZA
6.14381, 1948, Mar Average, Algeria, DZA
9.64819, 1948, Apr Average, Algeria, DZA
6.8203, 1948, May Average, Algeria, DZA
3.96897, 1948, Jun Average, Algeria, DZA
0.98894, 1948, Jul Average, Algeria, DZA
1.55642, 1948, Aug Average, Algeria, DZA
3.95947, 1948, Sep Average, Algeria, DZA
15.6729, 1948, Oct Average, Algeria, DZA
1.66201, 1948, Nov Average, Algeria, DZA
9.32959, 1948, Dec Average, Algeria, DZA
11.5424, 1949, Jan Average, Algeria, DZA
6.93367, 1949, Feb Average, Algeria, DZA
14.2295, 1949, Mar Average, Algeria, DZA
15.1764, 1949, Apr Average, Algeria, DZA
8.43967, 1949, May Average, Algeria, DZA
1.51316, 1949, Jun Average, Algeria, DZA
1.20524, 1949, Jul Average, Algeria, DZA
2.33399, 1949, Aug Average, Algeria, DZA
1.20186, 1949, Sep Average, Algeria, DZA
1.69023, 1949, Oct Average, Algeria, DZA
5.71621, 1949, Nov Average, Algeria, DZA
13.3153, 1949, Dec Average, Algeria, DZA
11.0309, 1950, Jan Average, Algeria, DZA
3.83243, 1950, Feb Average, Algeria, DZA
8.16078, 1950, Mar Average, Algeria, DZA
7.05962, 1950, Apr Average, Algeria, DZA
7.4993, 1950, May Average, Algeria, DZA
1.95428, 1950, Jun Average, Algeria, DZA
1.16638, 1950, Jul Average, Algeria, DZA
7.28183, 1950, Aug Average, Algeria, DZA
11.7737, 1950, Sep Average, Algeria, DZA
14.3882, 1950, Oct Average, Algeria, DZA
2.28826, 1950, Nov Average, Algeria, DZA
11.4673, 1950, Dec Average, Algeria, DZA
11.2142, 1951, Jan Average, Algeria, DZA
7.78429, 1951, Feb Average, Algeria, DZA
9.52366, 1951, Mar Average, Algeria, DZA
2.76354, 1951, Apr Average, Algeria, DZA
5.93099, 1951, May Average, Algeria, DZA
2.55485, 1951, Jun Average, Algeria, DZA
1.79117, 1951, Jul Average, Algeria, DZA
5.53877, 1951, Aug Average, Algeria, DZA
8.19357, 1951, Sep Average, Algeria, DZA
20.2172, 1951, Oct Average, Algeria, DZA
12.7881, 1951, Nov Average, Algeria, DZA
11.0113, 1951, Dec Average, Algeria, DZA
16.0575, 1952, Jan Average, Algeria, DZA
5.97487, 1952, Feb Average, Algeria, DZA
3.94353, 1952, Mar Average, Algeria, DZA
15.2816, 1952, Apr Average, Algeria, DZA
11.4795, 1952, May Average, Algeria, DZA
1.43767, 1952, Jun Average, Algeria, DZA
3.25592, 1952, Jul Average, Algeria, DZA
5.54964, 1952, Aug Average, Algeria, DZA
9.99642, 1952, Sep Average, Algeria, DZA
4.29909, 1952, Oct Average, Algeria, DZA
6.40781, 1952, Nov Average, Algeria, DZA
5.54239, 1952, Dec Average, Algeria, DZA
11.5352, 1953, Jan Average, Algeria, DZA
5.73719, 1953, Feb Average, Algeria, DZA
20.7248, 1953, Mar Average, Algeria, DZA
5.12909, 1953, Apr Average, Algeria, DZA
7.64486, 1953, May Average, Algeria, DZA
7.56293, 1953, Jun Average, Algeria, DZA
2.5103, 1953, Jul Average, Algeria, DZA
3.80582, 1953, Aug Average, Algeria, DZA
6.71661, 1953, Sep Average, Algeria, DZA
12.1434, 1953, Oct Average, Algeria, DZA
9.67333, 1953, Nov Average, Algeria, DZA
10.4004, 1953, Dec Average, Algeria, DZA
9.91636, 1954, Jan Average, Algeria, DZA
12.0135, 1954, Feb Average, Algeria, DZA
9.52604, 1954, Mar Average, Algeria, DZA
13.7935, 1954, Apr Average, Algeria, DZA
5.23345, 1954, May Average, Algeria, DZA
4.08052, 1954, Jun Average, Algeria, DZA
2.0871, 1954, Jul Average, Algeria, DZA
2.37192, 1954, Aug Average, Algeria, DZA
1.00415, 1954, Sep Average, Algeria, DZA
5.8191, 1954, Oct Average, Algeria, DZA
10.3785, 1954, Nov Average, Algeria, DZA
12.099, 1954, Dec Average, Algeria, DZA
11.0547, 1955, Jan Average, Algeria, DZA
6.54234, 1955, Feb Average, Algeria, DZA
8.05722, 1955, Mar Average, Algeria, DZA
12.2098, 1955, Apr Average, Algeria, DZA
3.61746, 1955, May Average, Algeria, DZA
5.02904, 1955, Jun Average, Algeria, DZA
1.15641, 1955, Jul Average, Algeria, DZA
3.25598, 1955, Aug Average, Algeria, DZA
7.34609, 1955, Sep Average, Algeria, DZA
10.7829, 1955, Oct Average, Algeria, DZA
5.50618, 1955, Nov Average, Algeria, DZA
13.5497, 1955, Dec Average, Algeria, DZA
10.5888, 1956, Jan Average, Algeria, DZA
17.1103, 1956, Feb Average, Algeria, DZA
11.8514, 1956, Mar Average, Algeria, DZA
6.10311, 1956, Apr Average, Algeria, DZA
3.96665, 1956, May Average, Algeria, DZA
1.20584, 1956, Jun Average, Algeria, DZA
0.70508, 1956, Jul Average, Algeria, DZA
5.01109, 1956, Aug Average, Algeria, DZA
4.97477, 1956, Sep Average, Algeria, DZA
6.43104, 1956, Oct Average, Algeria, DZA
12.7514, 1956, Nov Average, Algeria, DZA
5.59406, 1956, Dec Average, Algeria, DZA
9.22815, 1957, Jan Average, Algeria, DZA
0.74786, 1957, Feb Average, Algeria, DZA
5.17418, 1957, Mar Average, Algeria, DZA
16.3215, 1957, Apr Average, Algeria, DZA
11.0035, 1957, May Average, Algeria, DZA
2.54572, 1957, Jun Average, Algeria, DZA
2.86182, 1957, Jul Average, Algeria, DZA
5.6074, 1957, Aug Average, Algeria, DZA
7.15588, 1957, Sep Average, Algeria, DZA
17.2592, 1957, Oct Average, Algeria, DZA
15.2732, 1957, Nov Average, Algeria, DZA
21.8916, 1957, Dec Average, Algeria, DZA
20.2028, 1958, Jan Average, Algeria, DZA
4.75565, 1958, Feb Average, Algeria, DZA
2.9148, 1958, Mar Average, Algeria, DZA
5.35114, 1958, Apr Average, Algeria, DZA
0.74419, 1958, May Average, Algeria, DZA
3.74574, 1958, Jun Average, Algeria, DZA
1.29627, 1958, Jul Average, Algeria, DZA
4.19628, 1958, Aug Average, Algeria, DZA
3.52231, 1958, Sep Average, Algeria, DZA
15.8564, 1958, Oct Average, Algeria, DZA
17.0653, 1958, Nov Average, Algeria, DZA
11.6426, 1958, Dec Average, Algeria, DZA
4.58805, 1959, Jan Average, Algeria, DZA
11.13, 1959, Feb Average, Algeria, DZA
10.1145, 1959, Mar Average, Algeria, DZA
3.20147, 1959, Apr Average, Algeria, DZA
8.7266, 1959, May Average, Algeria, DZA
5.90098, 1959, Jun Average, Algeria, DZA
1.31343, 1959, Jul Average, Algeria, DZA
4.54136, 1959, Aug Average, Algeria, DZA
6.2231, 1959, Sep Average, Algeria, DZA
9.06296, 1959, Oct Average, Algeria, DZA
10.1201, 1959, Nov Average, Algeria, DZA
9.69532, 1959, Dec Average, Algeria, DZA
15.2614, 1960, Jan Average, Algeria, DZA
3.92375, 1960, Feb Average, Algeria, DZA
11.7909, 1960, Mar Average, Algeria, DZA
10.0997, 1960, Apr Average, Algeria, DZA
8.95628, 1960, May Average, Algeria, DZA
7.33156, 1960, Jun Average, Algeria, DZA
2.06689, 1960, Jul Average, Algeria, DZA
2.26884, 1960, Aug Average, Algeria, DZA
2.5709, 1960, Sep Average, Algeria, DZA
1.66052, 1960, Oct Average, Algeria, DZA
2.24785, 1960, Nov Average, Algeria, DZA
16.5881, 1960, Dec Average, Algeria, DZA
17.6229, 1961, Jan Average, Algeria, DZA
1.5257, 1961, Feb Average, Algeria, DZA
3.98158, 1961, Mar Average, Algeria, DZA
3.69641, 1961, Apr Average, Algeria, DZA
1.25563, 1961, May Average, Algeria, DZA
5.61612, 1961, Jun Average, Algeria, DZA
2.60456, 1961, Jul Average, Algeria, DZA
3.69136, 1961, Aug Average, Algeria, DZA
1.7606, 1961, Sep Average, Algeria, DZA
6.68129, 1961, Oct Average, Algeria, DZA
6.46398, 1961, Nov Average, Algeria, DZA
4.64958, 1961, Dec Average, Algeria, DZA
5.06813, 1962, Jan Average, Algeria, DZA
13.7751, 1962, Feb Average, Algeria, DZA
13.9888, 1962, Mar Average, Algeria, DZA
9.14271, 1962, Apr Average, Algeria, DZA
5.99098, 1962, May Average, Algeria, DZA
5.83038, 1962, Jun Average, Algeria, DZA
3.30984, 1962, Jul Average, Algeria, DZA
2.47297, 1962, Aug Average, Algeria, DZA
4.6792, 1962, Sep Average, Algeria, DZA
7.9232, 1962, Oct Average, Algeria, DZA
11.6119, 1962, Nov Average, Algeria, DZA
11.511, 1962, Dec Average, Algeria, DZA
10.2469, 1963, Jan Average, Algeria, DZA
10.8326, 1963, Feb Average, Algeria, DZA
7.50128, 1963, Mar Average, Algeria, DZA
7.81144, 1963, Apr Average, Algeria, DZA
10.8932, 1963, May Average, Algeria, DZA
5.57406, 1963, Jun Average, Algeria, DZA
4.19923, 1963, Jul Average, Algeria, DZA
3.7008, 1963, Aug Average, Algeria, DZA
7.31273, 1963, Sep Average, Algeria, DZA
4.9275, 1963, Oct Average, Algeria, DZA
3.83187, 1963, Nov Average, Algeria, DZA
17.2065, 1963, Dec Average, Algeria, DZA
13.9222, 1964, Jan Average, Algeria, DZA
6.53216, 1964, Feb Average, Algeria, DZA
10.1932, 1964, Mar Average, Algeria, DZA
7.51519, 1964, Apr Average, Algeria, DZA
3.79129, 1964, May Average, Algeria, DZA
2.89748, 1964, Jun Average, Algeria, DZA
0.88909, 1964, Jul Average, Algeria, DZA
4.38542, 1964, Aug Average, Algeria, DZA
2.21899, 1964, Sep Average, Algeria, DZA
7.02033, 1964, Oct Average, Algeria, DZA
6.85554, 1964, Nov Average, Algeria, DZA
16.1438, 1964, Dec Average, Algeria, DZA
16.5702, 1965, Jan Average, Algeria, DZA
8.13623, 1965, Feb Average, Algeria, DZA
5.66988, 1965, Mar Average, Algeria, DZA
10.0414, 1965, Apr Average, Algeria, DZA
2.28337, 1965, May Average, Algeria, DZA
3.53249, 1965, Jun Average, Algeria, DZA
0.85376, 1965, Jul Average, Algeria, DZA
5.24199, 1965, Aug Average, Algeria, DZA
6.67039, 1965, Sep Average, Algeria, DZA
6.55034, 1965, Oct Average, Algeria, DZA
5.65865, 1965, Nov Average, Algeria, DZA
7.42137, 1965, Dec Average, Algeria, DZA
2.90499, 1966, Jan Average, Algeria, DZA
2.95972, 1966, Feb Average, Algeria, DZA
8.04373, 1966, Mar Average, Algeria, DZA
5.41554, 1966, Apr Average, Algeria, DZA
10.2219, 1966, May Average, Algeria, DZA
1.82202, 1966, Jun Average, Algeria, DZA
0.37104, 1966, Jul Average, Algeria, DZA
3.70514, 1966, Aug Average, Algeria, DZA
6.98388, 1966, Sep Average, Algeria, DZA
13.3418, 1966, Oct Average, Algeria, DZA
15.9073, 1966, Nov Average, Algeria, DZA
3.72376, 1966, Dec Average, Algeria, DZA
4.00888, 1967, Jan Average, Algeria, DZA
12.7608, 1967, Feb Average, Algeria, DZA
5.16781, 1967, Mar Average, Algeria, DZA
8.09587, 1967, Apr Average, Algeria, DZA
5.34213, 1967, May Average, Algeria, DZA
3.73664, 1967, Jun Average, Algeria, DZA
3.77671, 1967, Jul Average, Algeria, DZA
2.49547, 1967, Aug Average, Algeria, DZA
6.21418, 1967, Sep Average, Algeria, DZA
5.99875, 1967, Oct Average, Algeria, DZA
15.9147, 1967, Nov Average, Algeria, DZA
11.038, 1967, Dec Average, Algeria, DZA
5.38526, 1968, Jan Average, Algeria, DZA
10.5602, 1968, Feb Average, Algeria, DZA
10.8087, 1968, Mar Average, Algeria, DZA
6.20543, 1968, Apr Average, Algeria, DZA
10.9852, 1968, May Average, Algeria, DZA
5.46901, 1968, Jun Average, Algeria, DZA
0.88646, 1968, Jul Average, Algeria, DZA
2.28994, 1968, Aug Average, Algeria, DZA
3.31718, 1968, Sep Average, Algeria, DZA
2.28906, 1968, Oct Average, Algeria, DZA
6.00963, 1968, Nov Average, Algeria, DZA
11.4768, 1968, Dec Average, Algeria, DZA
8.95488, 1969, Jan Average, Algeria, DZA
7.31619, 1969, Feb Average, Algeria, DZA
8.47789, 1969, Mar Average, Algeria, DZA
9.08359, 1969, Apr Average, Algeria, DZA
5.28761, 1969, May Average, Algeria, DZA
2.80497, 1969, Jun Average, Algeria, DZA
2.08594, 1969, Jul Average, Algeria, DZA
5.58676, 1969, Aug Average, Algeria, DZA
9.65407, 1969, Sep Average, Algeria, DZA
19.4197, 1969, Oct Average, Algeria, DZA
8.3071, 1969, Nov Average, Algeria, DZA
12.2309, 1969, Dec Average, Algeria, DZA
7.95516, 1970, Jan Average, Algeria, DZA
2.78477, 1970, Feb Average, Algeria, DZA
7.47384, 1970, Mar Average, Algeria, DZA
8.39979, 1970, Apr Average, Algeria, DZA
5.6492, 1970, May Average, Algeria, DZA
1.73585, 1970, Jun Average, Algeria, DZA
2.25996, 1970, Jul Average, Algeria, DZA
0.56884, 1970, Aug Average, Algeria, DZA
1.87573, 1970, Sep Average, Algeria, DZA
6.43308, 1970, Oct Average, Algeria, DZA
3.39196, 1970, Nov Average, Algeria, DZA
8.84219, 1970, Dec Average, Algeria, DZA
10.5164, 1971, Jan Average, Algeria, DZA
6.83221, 1971, Feb Average, Algeria, DZA
10.1093, 1971, Mar Average, Algeria, DZA
7.93417, 1971, Apr Average, Algeria, DZA
8.80564, 1971, May Average, Algeria, DZA
1.61556, 1971, Jun Average, Algeria, DZA
2.43138, 1971, Jul Average, Algeria, DZA
3.1665, 1971, Aug Average, Algeria, DZA
6.2439, 1971, Sep Average, Algeria, DZA
5.44019, 1971, Oct Average, Algeria, DZA
18.4968, 1971, Nov Average, Algeria, DZA
10.8294, 1971, Dec Average, Algeria, DZA
11.7814, 1972, Jan Average, Algeria, DZA
7.51799, 1972, Feb Average, Algeria, DZA
12.1601, 1972, Mar Average, Algeria, DZA
9.11638, 1972, Apr Average, Algeria, DZA
10.1151, 1972, May Average, Algeria, DZA
3.57266, 1972, Jun Average, Algeria, DZA
0.43415, 1972, Jul Average, Algeria, DZA
2.97222, 1972, Aug Average, Algeria, DZA
9.00994, 1972, Sep Average, Algeria, DZA
10.7966, 1972, Oct Average, Algeria, DZA
6.69118, 1972, Nov Average, Algeria, DZA
11.9859, 1972, Dec Average, Algeria, DZA
8.04317, 1973, Jan Average, Algeria, DZA
15.4633, 1973, Feb Average, Algeria, DZA
10.7386, 1973, Mar Average, Algeria, DZA
6.30622, 1973, Apr Average, Algeria, DZA
1.08437, 1973, May Average, Algeria, DZA
4.87383, 1973, Jun Average, Algeria, DZA
1.51056, 1973, Jul Average, Algeria, DZA
1.54273, 1973, Aug Average, Algeria, DZA
5.59136, 1973, Sep Average, Algeria, DZA
2.5514, 1973, Oct Average, Algeria, DZA
6.7506, 1973, Nov Average, Algeria, DZA
16.8117, 1973, Dec Average, Algeria, DZA
0.98452, 1974, Jan Average, Algeria, DZA
10.7924, 1974, Feb Average, Algeria, DZA
21.29, 1974, Mar Average, Algeria, DZA
11.5283, 1974, Apr Average, Algeria, DZA
1.49544, 1974, May Average, Algeria, DZA
5.33519, 1974, Jun Average, Algeria, DZA
3.80796, 1974, Jul Average, Algeria, DZA
1.99666, 1974, Aug Average, Algeria, DZA
4.99058, 1974, Sep Average, Algeria, DZA
9.82448, 1974, Oct Average, Algeria, DZA
6.15447, 1974, Nov Average, Algeria, DZA
1.97665, 1974, Dec Average, Algeria, DZA
4.37783, 1975, Jan Average, Algeria, DZA
10.488, 1975, Feb Average, Algeria, DZA
10.2241, 1975, Mar Average, Algeria, DZA
14.3806, 1975, Apr Average, Algeria, DZA
13.4746, 1975, May Average, Algeria, DZA
1.85943, 1975, Jun Average, Algeria, DZA
0.77346, 1975, Jul Average, Algeria, DZA
4.13146, 1975, Aug Average, Algeria, DZA
4.11257, 1975, Sep Average, Algeria, DZA
1.31392, 1975, Oct Average, Algeria, DZA
10.7499, 1975, Nov Average, Algeria, DZA
8.84757, 1975, Dec Average, Algeria, DZA
12.1434, 1976, Jan Average, Algeria, DZA
17.4579, 1976, Feb Average, Algeria, DZA
10.5464, 1976, Mar Average, Algeria, DZA
9.96318, 1976, Apr Average, Algeria, DZA
14.5498, 1976, May Average, Algeria, DZA
4.78041, 1976, Jun Average, Algeria, DZA
3.64789, 1976, Jul Average, Algeria, DZA
5.56768, 1976, Aug Average, Algeria, DZA
9.67743, 1976, Sep Average, Algeria, DZA
10.1707, 1976, Oct Average, Algeria, DZA
11.9005, 1976, Nov Average, Algeria, DZA
6.90236, 1976, Dec Average, Algeria, DZA
15.935, 1977, Jan Average, Algeria, DZA
2.55547, 1977, Feb Average, Algeria, DZA
4.65261, 1977, Mar Average, Algeria, DZA
7.85948, 1977, Apr Average, Algeria, DZA
9.57212, 1977, May Average, Algeria, DZA
1.63892, 1977, Jun Average, Algeria, DZA
1.54759, 1977, Jul Average, Algeria, DZA
3.14686, 1977, Aug Average, Algeria, DZA
2.35629, 1977, Sep Average, Algeria, DZA
6.01807, 1977, Oct Average, Algeria, DZA
13.2508, 1977, Nov Average, Algeria, DZA
3.99951, 1977, Dec Average, Algeria, DZA
8.51987, 1978, Jan Average, Algeria, DZA
8.12264, 1978, Feb Average, Algeria, DZA
4.38692, 1978, Mar Average, Algeria, DZA
11.022, 1978, Apr Average, Algeria, DZA
6.52689, 1978, May Average, Algeria, DZA
0.63323, 1978, Jun Average, Algeria, DZA
1.00534, 1978, Jul Average, Algeria, DZA
2.21217, 1978, Aug Average, Algeria, DZA
2.50345, 1978, Sep Average, Algeria, DZA
10.2622, 1978, Oct Average, Algeria, DZA
4.7035, 1978, Nov Average, Algeria, DZA
3.35994, 1978, Dec Average, Algeria, DZA
14.5141, 1979, Jan Average, Algeria, DZA
15.7504, 1979, Feb Average, Algeria, DZA
8.28011, 1979, Mar Average, Algeria, DZA
6.60658, 1979, Apr Average, Algeria, DZA
2.78898, 1979, May Average, Algeria, DZA
5.35433, 1979, Jun Average, Algeria, DZA
1.57988, 1979, Jul Average, Algeria, DZA
5.1626, 1979, Aug Average, Algeria, DZA
11.9888, 1979, Sep Average, Algeria, DZA
12.1365, 1979, Oct Average, Algeria, DZA
6.27065, 1979, Nov Average, Algeria, DZA
4.99377, 1979, Dec Average, Algeria, DZA
10.0377, 1980, Jan Average, Algeria, DZA
6.98918, 1980, Feb Average, Algeria, DZA
14.961, 1980, Mar Average, Algeria, DZA
9.87324, 1980, Apr Average, Algeria, DZA
5.02061, 1980, May Average, Algeria, DZA
1.12914, 1980, Jun Average, Algeria, DZA
1.34141, 1980, Jul Average, Algeria, DZA
4.52907, 1980, Aug Average, Algeria, DZA
4.63466, 1980, Sep Average, Algeria, DZA
3.44101, 1980, Oct Average, Algeria, DZA
14.366, 1980, Nov Average, Algeria, DZA
18.1676, 1980, Dec Average, Algeria, DZA
3.6296, 1981, Jan Average, Algeria, DZA
8.66454, 1981, Feb Average, Algeria, DZA
4.84983, 1981, Mar Average, Algeria, DZA
6.32754, 1981, Apr Average, Algeria, DZA
3.36033, 1981, May Average, Algeria, DZA
6.58278, 1981, Jun Average, Algeria, DZA
3.79482, 1981, Jul Average, Algeria, DZA
5.16997, 1981, Aug Average, Algeria, DZA
3.36216, 1981, Sep Average, Algeria, DZA
2.46681, 1981, Oct Average, Algeria, DZA
1.6899, 1981, Nov Average, Algeria, DZA
5.69038, 1981, Dec Average, Algeria, DZA
9.58569, 1982, Jan Average, Algeria, DZA
10.2897, 1982, Feb Average, Algeria, DZA
9.49495, 1982, Mar Average, Algeria, DZA
14.6926, 1982, Apr Average, Algeria, DZA
9.02261, 1982, May Average, Algeria, DZA
2.36921, 1982, Jun Average, Algeria, DZA
0.51657, 1982, Jul Average, Algeria, DZA
2.92215, 1982, Aug Average, Algeria, DZA
3.41459, 1982, Sep Average, Algeria, DZA
10.287, 1982, Oct Average, Algeria, DZA
16.7241, 1982, Nov Average, Algeria, DZA
8.44425, 1982, Dec Average, Algeria, DZA
0.82964, 1983, Jan Average, Algeria, DZA
9.44506, 1983, Feb Average, Algeria, DZA
4.50997, 1983, Mar Average, Algeria, DZA
2.46563, 1983, Apr Average, Algeria, DZA
5.00351, 1983, May Average, Algeria, DZA
3.06142, 1983, Jun Average, Algeria, DZA
1.63723, 1983, Jul Average, Algeria, DZA
6.22785, 1983, Aug Average, Algeria, DZA
1.35091, 1983, Sep Average, Algeria, DZA
2.35835, 1983, Oct Average, Algeria, DZA
4.97432, 1983, Nov Average, Algeria, DZA
5.28489, 1983, Dec Average, Algeria, DZA
7.54303, 1984, Jan Average, Algeria, DZA
7.57097, 1984, Feb Average, Algeria, DZA
7.15123, 1984, Mar Average, Algeria, DZA
3.12113, 1984, Apr Average, Algeria, DZA
8.73216, 1984, May Average, Algeria, DZA
1.99732, 1984, Jun Average, Algeria, DZA
0.63954, 1984, Jul Average, Algeria, DZA
1.57034, 1984, Aug Average, Algeria, DZA
4.4045, 1984, Sep Average, Algeria, DZA
13.386, 1984, Oct Average, Algeria, DZA
9.86984, 1984, Nov Average, Algeria, DZA
9.16956, 1984, Dec Average, Algeria, DZA
13.8365, 1985, Jan Average, Algeria, DZA
3.26529, 1985, Feb Average, Algeria, DZA
14.6404, 1985, Mar Average, Algeria, DZA
4.51384, 1985, Apr Average, Algeria, DZA
10.2906, 1985, May Average, Algeria, DZA
0.44976, 1985, Jun Average, Algeria, DZA
1.89081, 1985, Jul Average, Algeria, DZA
1.33642, 1985, Aug Average, Algeria, DZA
5.49108, 1985, Sep Average, Algeria, DZA
5.01138, 1985, Oct Average, Algeria, DZA
8.17076, 1985, Nov Average, Algeria, DZA
14.2608, 1985, Dec Average, Algeria, DZA
7.13991, 1986, Jan Average, Algeria, DZA
8.39627, 1986, Feb Average, Algeria, DZA
18.2793, 1986, Mar Average, Algeria, DZA
3.59351, 1986, Apr Average, Algeria, DZA
6.7603, 1986, May Average, Algeria, DZA
3.13231, 1986, Jun Average, Algeria, DZA
2.5835, 1986, Jul Average, Algeria, DZA
2.05866, 1986, Aug Average, Algeria, DZA
10.2597, 1986, Sep Average, Algeria, DZA
12.8638, 1986, Oct Average, Algeria, DZA
11.7124, 1986, Nov Average, Algeria, DZA
10.5074, 1986, Dec Average, Algeria, DZA
7.6362, 1987, Jan Average, Algeria, DZA
11.8265, 1987, Feb Average, Algeria, DZA
6.13789, 1987, Mar Average, Algeria, DZA
2.29504, 1987, Apr Average, Algeria, DZA
4.95797, 1987, May Average, Algeria, DZA
3.03445, 1987, Jun Average, Algeria, DZA
5.60091, 1987, Jul Average, Algeria, DZA
3.73678, 1987, Aug Average, Algeria, DZA
2.58435, 1987, Sep Average, Algeria, DZA
7.54118, 1987, Oct Average, Algeria, DZA
11.2102, 1987, Nov Average, Algeria, DZA
8.24104, 1987, Dec Average, Algeria, DZA
6.5797, 1988, Jan Average, Algeria, DZA
8.6104, 1988, Feb Average, Algeria, DZA
10.0954, 1988, Mar Average, Algeria, DZA
6.59341, 1988, Apr Average, Algeria, DZA
6.02516, 1988, May Average, Algeria, DZA
6.65456, 1988, Jun Average, Algeria, DZA
2.25875, 1988, Jul Average, Algeria, DZA
2.08028, 1988, Aug Average, Algeria, DZA
6.27001, 1988, Sep Average, Algeria, DZA
4.06534, 1988, Oct Average, Algeria, DZA
13.1045, 1988, Nov Average, Algeria, DZA
8.2996, 1988, Dec Average, Algeria, DZA
5.87486, 1989, Jan Average, Algeria, DZA
4.27778, 1989, Feb Average, Algeria, DZA
7.59896, 1989, Mar Average, Algeria, DZA
7.7384, 1989, Apr Average, Algeria, DZA
2.72998, 1989, May Average, Algeria, DZA
5.35198, 1989, Jun Average, Algeria, DZA
2.01675, 1989, Jul Average, Algeria, DZA
8.14402, 1989, Aug Average, Algeria, DZA
3.49497, 1989, Sep Average, Algeria, DZA
4.69352, 1989, Oct Average, Algeria, DZA
6.82112, 1989, Nov Average, Algeria, DZA
10.5083, 1989, Dec Average, Algeria, DZA
14.1024, 1990, Jan Average, Algeria, DZA
0.99352, 1990, Feb Average, Algeria, DZA
5.91148, 1990, Mar Average, Algeria, DZA
13.6158, 1990, Apr Average, Algeria, DZA
12.3684, 1990, May Average, Algeria, DZA
1.64323, 1990, Jun Average, Algeria, DZA
5.86681, 1990, Jul Average, Algeria, DZA
3.56871, 1990, Aug Average, Algeria, DZA
3.23095, 1990, Sep Average, Algeria, DZA
2.71623, 1990, Oct Average, Algeria, DZA
10.2335, 1990, Nov Average, Algeria, DZA
15.4927, 1990, Dec Average, Algeria, DZA
5.26344, 1991, Jan Average, Algeria, DZA
10.8985, 1991, Feb Average, Algeria, DZA
17.8335, 1991, Mar Average, Algeria, DZA
4.77022, 1991, Apr Average, Algeria, DZA
9.42697, 1991, May Average, Algeria, DZA
1.70718, 1991, Jun Average, Algeria, DZA
2.01097, 1991, Jul Average, Algeria, DZA
6.37045, 1991, Aug Average, Algeria, DZA
5.10464, 1991, Sep Average, Algeria, DZA
11.9126, 1991, Oct Average, Algeria, DZA
6.24034, 1991, Nov Average, Algeria, DZA
6.59395, 1991, Dec Average, Algeria, DZA
9.79668, 1992, Jan Average, Algeria, DZA
5.36774, 1992, Feb Average, Algeria, DZA
14.3396, 1992, Mar Average, Algeria, DZA
10.4131, 1992, Apr Average, Algeria, DZA
12.2178, 1992, May Average, Algeria, DZA
3.02178, 1992, Jun Average, Algeria, DZA
5.79686, 1992, Jul Average, Algeria, DZA
2.12033, 1992, Aug Average, Algeria, DZA
2.89632, 1992, Sep Average, Algeria, DZA
2.9782, 1992, Oct Average, Algeria, DZA
9.55368, 1992, Nov Average, Algeria, DZA
9.57095, 1992, Dec Average, Algeria, DZA
3.03717, 1993, Jan Average, Algeria, DZA
10.8705, 1993, Feb Average, Algeria, DZA
6.71961, 1993, Mar Average, Algeria, DZA
4.81104, 1993, Apr Average, Algeria, DZA
5.18628, 1993, May Average, Algeria, DZA
0.97462, 1993, Jun Average, Algeria, DZA
1.07214, 1993, Jul Average, Algeria, DZA
4.83205, 1993, Aug Average, Algeria, DZA
4.22312, 1993, Sep Average, Algeria, DZA
5.40396, 1993, Oct Average, Algeria, DZA
9.31859, 1993, Nov Average, Algeria, DZA
5.97452, 1993, Dec Average, Algeria, DZA
12.9368, 1994, Jan Average, Algeria, DZA
7.1241, 1994, Feb Average, Algeria, DZA
7.7209, 1994, Mar Average, Algeria, DZA
4.74026, 1994, Apr Average, Algeria, DZA
2.7868, 1994, May Average, Algeria, DZA
0.88107, 1994, Jun Average, Algeria, DZA
1.92841, 1994, Jul Average, Algeria, DZA
9.53283, 1994, Aug Average, Algeria, DZA
11.2292, 1994, Sep Average, Algeria, DZA
16.9843, 1994, Oct Average, Algeria, DZA
7.27094, 1994, Nov Average, Algeria, DZA
3.77022, 1994, Dec Average, Algeria, DZA
8.13623, 1995, Jan Average, Algeria, DZA
3.96345, 1995, Feb Average, Algeria, DZA
11.7651, 1995, Mar Average, Algeria, DZA
5.67729, 1995, Apr Average, Algeria, DZA
1.37321, 1995, May Average, Algeria, DZA
3.92752, 1995, Jun Average, Algeria, DZA
0.63042, 1995, Jul Average, Algeria, DZA
4.1631, 1995, Aug Average, Algeria, DZA
8.72052, 1995, Sep Average, Algeria, DZA
7.89571, 1995, Oct Average, Algeria, DZA
7.0716, 1995, Nov Average, Algeria, DZA
11.8791, 1995, Dec Average, Algeria, DZA
16.5388, 1996, Jan Average, Algeria, DZA
19.4389, 1996, Feb Average, Algeria, DZA
17.8821, 1996, Mar Average, Algeria, DZA
9.92333, 1996, Apr Average, Algeria, DZA
7.70262, 1996, May Average, Algeria, DZA
6.46564, 1996, Jun Average, Algeria, DZA
2.58088, 1996, Jul Average, Algeria, DZA
2.48974, 1996, Aug Average, Algeria, DZA
6.10407, 1996, Sep Average, Algeria, DZA
2.83415, 1996, Oct Average, Algeria, DZA
2.56085, 1996, Nov Average, Algeria, DZA
7.41428, 1996, Dec Average, Algeria, DZA
8.4255, 1997, Jan Average, Algeria, DZA
1.5611, 1997, Feb Average, Algeria, DZA
3.1038, 1997, Mar Average, Algeria, DZA
14.1332, 1997, Apr Average, Algeria, DZA
4.21803, 1997, May Average, Algeria, DZA
2.87205, 1997, Jun Average, Algeria, DZA
1.2582, 1997, Jul Average, Algeria, DZA
12.8915, 1997, Aug Average, Algeria, DZA
10.1768, 1997, Sep Average, Algeria, DZA
7.52866, 1997, Oct Average, Algeria, DZA
12.6466, 1997, Nov Average, Algeria, DZA
9.01772, 1997, Dec Average, Algeria, DZA
4.5218, 1998, Jan Average, Algeria, DZA
6.85071, 1998, Feb Average, Algeria, DZA
3.19873, 1998, Mar Average, Algeria, DZA
5.9124, 1998, Apr Average, Algeria, DZA
10.1364, 1998, May Average, Algeria, DZA
2.58549, 1998, Jun Average, Algeria, DZA
2.26702, 1998, Jul Average, Algeria, DZA
4.51274, 1998, Aug Average, Algeria, DZA
7.22447, 1998, Sep Average, Algeria, DZA
5.36354, 1998, Oct Average, Algeria, DZA
6.35755, 1998, Nov Average, Algeria, DZA
5.4154, 1998, Dec Average, Algeria, DZA
19.3097, 1999, Jan Average, Algeria, DZA
8.14034, 1999, Feb Average, Algeria, DZA
5.19014, 1999, Mar Average, Algeria, DZA
1.40741, 1999, Apr Average, Algeria, DZA
1.82124, 1999, May Average, Algeria, DZA
0.94531, 1999, Jun Average, Algeria, DZA
1.87237, 1999, Jul Average, Algeria, DZA
9.79681, 1999, Aug Average, Algeria, DZA
6.58421, 1999, Sep Average, Algeria, DZA
5.14073, 1999, Oct Average, Algeria, DZA
12.8896, 1999, Nov Average, Algeria, DZA
16.1796, 1999, Dec Average, Algeria, DZA
2.62877, 2000, Jan Average, Algeria, DZA
0.8917, 2000, Feb Average, Algeria, DZA
2.53335, 2000, Mar Average, Algeria, DZA
3.08979, 2000, Apr Average, Algeria, DZA
10.4326, 2000, May Average, Algeria, DZA
2.33463, 2000, Jun Average, Algeria, DZA
2.20877, 2000, Jul Average, Algeria, DZA
1.51892, 2000, Aug Average, Algeria, DZA
5.21023, 2000, Sep Average, Algeria, DZA
9.77001, 2000, Oct Average, Algeria, DZA
6.32964, 2000, Nov Average, Algeria, DZA
5.38695, 2000, Dec Average, Algeria, DZA
10.5775, 2001, Jan Average, Algeria, DZA
6.22409, 2001, Feb Average, Algeria, DZA
0.82146, 2001, Mar Average, Algeria, DZA
5.15574, 2001, Apr Average, Algeria, DZA
3.69983, 2001, May Average, Algeria, DZA
0.3213, 2001, Jun Average, Algeria, DZA
0.22014, 2001, Jul Average, Algeria, DZA
4.54609, 2001, Aug Average, Algeria, DZA
7.25451, 2001, Sep Average, Algeria, DZA
2.86952, 2001, Oct Average, Algeria, DZA
8.22052, 2001, Nov Average, Algeria, DZA
10.4727, 2001, Dec Average, Algeria, DZA
2.04008, 2002, Jan Average, Algeria, DZA
2.75176, 2002, Feb Average, Algeria, DZA
6.92366, 2002, Mar Average, Algeria, DZA
6.67997, 2002, Apr Average, Algeria, DZA
4.72799, 2002, May Average, Algeria, DZA
0.82338, 2002, Jun Average, Algeria, DZA
3.30677, 2002, Jul Average, Algeria, DZA
7.73001, 2002, Aug Average, Algeria, DZA
3.33754, 2002, Sep Average, Algeria, DZA
6.71756, 2002, Oct Average, Algeria, DZA
14.4504, 2002, Nov Average, Algeria, DZA
8.11799, 2002, Dec Average, Algeria, DZA
20.1689, 2003, Jan Average, Algeria, DZA
9.96454, 2003, Feb Average, Algeria, DZA
6.31655, 2003, Mar Average, Algeria, DZA
8.46228, 2003, Apr Average, Algeria, DZA
4.03481, 2003, May Average, Algeria, DZA
1.42956, 2003, Jun Average, Algeria, DZA
3.3415, 2003, Jul Average, Algeria, DZA
13.4946, 2003, Aug Average, Algeria, DZA
6.39991, 2003, Sep Average, Algeria, DZA
11.2926, 2003, Oct Average, Algeria, DZA
9.66856, 2003, Nov Average, Algeria, DZA
12.6551, 2003, Dec Average, Algeria, DZA
10.5395, 2004, Jan Average, Algeria, DZA
4.00866, 2004, Feb Average, Algeria, DZA
8.15368, 2004, Mar Average, Algeria, DZA
11.2406, 2004, Apr Average, Algeria, DZA
12.2259, 2004, May Average, Algeria, DZA
3.1601, 2004, Jun Average, Algeria, DZA
3.3786, 2004, Jul Average, Algeria, DZA
4.81188, 2004, Aug Average, Algeria, DZA
4.38022, 2004, Sep Average, Algeria, DZA
5.12852, 2004, Oct Average, Algeria, DZA
17.7802, 2004, Nov Average, Algeria, DZA
16.3861, 2004, Dec Average, Algeria, DZA
4.8367, 2005, Jan Average, Algeria, DZA
13.8823, 2005, Feb Average, Algeria, DZA
4.96341, 2005, Mar Average, Algeria, DZA
3.13139, 2005, Apr Average, Algeria, DZA
1.32183, 2005, May Average, Algeria, DZA
2.03369, 2005, Jun Average, Algeria, DZA
1.61702, 2005, Jul Average, Algeria, DZA
4.21241, 2005, Aug Average, Algeria, DZA
7.16446, 2005, Sep Average, Algeria, DZA
5.51716, 2005, Oct Average, Algeria, DZA
11.0387, 2005, Nov Average, Algeria, DZA
9.61196, 2005, Dec Average, Algeria, DZA
18.3059, 2006, Jan Average, Algeria, DZA
10.6701, 2006, Feb Average, Algeria, DZA
2.5258, 2006, Mar Average, Algeria, DZA
4.82243, 2006, Apr Average, Algeria, DZA
13.6993, 2006, May Average, Algeria, DZA
1.53037, 2006, Jun Average, Algeria, DZA
6.78148, 2006, Jul Average, Algeria, DZA
3.08186, 2006, Aug Average, Algeria, DZA
7.69087, 2006, Sep Average, Algeria, DZA
5.10101, 2006, Oct Average, Algeria, DZA
6.54225, 2006, Nov Average, Algeria, DZA
15.4317, 2006, Dec Average, Algeria, DZA
2.70305, 2007, Jan Average, Algeria, DZA
5.37522, 2007, Feb Average, Algeria, DZA
11.1402, 2007, Mar Average, Algeria, DZA
12.4836, 2007, Apr Average, Algeria, DZA
3.14085, 2007, May Average, Algeria, DZA
1.81008, 2007, Jun Average, Algeria, DZA
3.53038, 2007, Jul Average, Algeria, DZA
12.9864, 2007, Aug Average, Algeria, DZA
7.32643, 2007, Sep Average, Algeria, DZA
10.6817, 2007, Oct Average, Algeria, DZA
7.93658, 2007, Nov Average, Algeria, DZA
8.79186, 2007, Dec Average, Algeria, DZA
3.25495, 2008, Jan Average, Algeria, DZA
5.03295, 2008, Feb Average, Algeria, DZA
5.49846, 2008, Mar Average, Algeria, DZA
1.80281, 2008, Apr Average, Algeria, DZA
8.81084, 2008, May Average, Algeria, DZA
2.54252, 2008, Jun Average, Algeria, DZA
2.39142, 2008, Jul Average, Algeria, DZA
7.03466, 2008, Aug Average, Algeria, DZA
9.09106, 2008, Sep Average, Algeria, DZA
13.0342, 2008, Oct Average, Algeria, DZA
8.01131, 2008, Nov Average, Algeria, DZA
12.9573, 2008, Dec Average, Algeria, DZA
19.6374, 2009, Jan Average, Algeria, DZA
6.43202, 2009, Feb Average, Algeria, DZA
13.3353, 2009, Mar Average, Algeria, DZA
9.32203, 2009, Apr Average, Algeria, DZA
4.37948, 2009, May Average, Algeria, DZA
1.0344, 2009, Jun Average, Algeria, DZA
2.55208, 2009, Jul Average, Algeria, DZA
5.48872, 2009, Aug Average, Algeria, DZA
15.0136, 2009, Sep Average, Algeria, DZA
2.34864, 2009, Oct Average, Algeria, DZA
4.26749, 2009, Nov Average, Algeria, DZA
8.02616, 2009, Dec Average, Algeria, DZA
9.37022, 2010, Jan Average, Algeria, DZA
10.4939, 2010, Feb Average, Algeria, DZA
7.60012, 2010, Mar Average, Algeria, DZA
6.84542, 2010, Apr Average, Algeria, DZA
5.55251, 2010, May Average, Algeria, DZA
6.40218, 2010, Jun Average, Algeria, DZA
6.73834, 2010, Jul Average, Algeria, DZA
8.04884, 2010, Aug Average, Algeria, DZA
6.03573, 2010, Sep Average, Algeria, DZA
11.683, 2010, Oct Average, Algeria, DZA
10.3759, 2010, Nov Average, Algeria, DZA
3.79826, 2010, Dec Average, Algeria, DZA
5.53622, 2011, Jan Average, Algeria, DZA
8.91937, 2011, Feb Average, Algeria, DZA
10.0905, 2011, Mar Average, Algeria, DZA
11.7525, 2011, Apr Average, Algeria, DZA
12.3967, 2011, May Average, Algeria, DZA
4.50567, 2011, Jun Average, Algeria, DZA
5.21936, 2011, Jul Average, Algeria, DZA
6.26064, 2011, Aug Average, Algeria, DZA
3.33887, 2011, Sep Average, Algeria, DZA
11.716, 2011, Oct Average, Algeria, DZA
10.3152, 2011, Nov Average, Algeria, DZA
5.44152, 2011, Dec Average, Algeria, DZA
7.4149, 2012, Jan Average, Algeria, DZA
11.1492, 2012, Feb Average, Algeria, DZA
10.6923, 2012, Mar Average, Algeria, DZA
12.9353, 2012, Apr Average, Algeria, DZA
2.11739, 2012, May Average, Algeria, DZA
1.65078, 2012, Jun Average, Algeria, DZA
1.4676, 2012, Jul Average, Algeria, DZA
5.48352, 2012, Aug Average, Algeria, DZA
4.78448, 2012, Sep Average, Algeria, DZA
10.9576, 2012, Oct Average, Algeria, DZA
11.5797, 2012, Nov Average, Algeria, DZA
2.55473, 2012, Dec Average, Algeria, DZA
8.76791, 2013, Jan Average, Algeria, DZA
8.92865, 2013, Feb Average, Algeria, DZA
8.63131, 2013, Mar Average, Algeria, DZA
11.1676, 2013, Apr Average, Algeria, DZA
6.0158, 2013, May Average, Algeria, DZA
1.3322, 2013, Jun Average, Algeria, DZA
1.47446, 2013, Jul Average, Algeria, DZA
8.46881, 2013, Aug Average, Algeria, DZA
4.9445, 2013, Sep Average, Algeria, DZA
3.84127, 2013, Oct Average, Algeria, DZA
10.3074, 2013, Nov Average, Algeria, DZA
12.1482, 2013, Dec Average, Algeria, DZA
8.16066, 2014, Jan Average, Algeria, DZA
5.15702, 2014, Feb Average, Algeria, DZA
9.59921, 2014, Mar Average, Algeria, DZA
1.19663, 2014, Apr Average, Algeria, DZA
9.74257, 2014, May Average, Algeria, DZA
4.28901, 2014, Jun Average, Algeria, DZA
1.62548, 2014, Jul Average, Algeria, DZA
2.54547, 2014, Aug Average, Algeria, DZA
5.22667, 2014, Sep Average, Algeria, DZA
3.22473, 2014, Oct Average, Algeria, DZA
14.0474, 2014, Nov Average, Algeria, DZA
9.50248, 2014, Dec Average, Algeria, DZA
8.26594, 2015, Jan Average, Algeria, DZA
15.258, 2015, Feb Average, Algeria, DZA
7.24103, 2015, Mar Average, Algeria, DZA
0.60788, 2015, Apr Average, Algeria, DZA
2.63044, 2015, May Average, Algeria, DZA
1.46714, 2015, Jun Average, Algeria, DZA
2.1895, 2015, Jul Average, Algeria, DZA
15.6384, 2015, Aug Average, Algeria, DZA
10.2879, 2015, Sep Average, Algeria, DZA
10.0686, 2015, Oct Average, Algeria, DZA
4.31705, 2015, Nov Average, Algeria, DZA
0.16982, 2015, Dec Average, Algeria, DZA
3.34047, 2016, Jan Average, Algeria, DZA
5.96976, 2016, Feb Average, Algeria, DZA
8.00315, 2016, Mar Average, Algeria, DZA
5.39214, 2016, Apr Average, Algeria, DZA
6.68445, 2016, May Average, Algeria, DZA
1.6623, 2016, Jun Average, Algeria, DZA
1.64392, 2016, Jul Average, Algeria, DZA
2.90511, 2016, Aug Average, Algeria, DZA
6.77407, 2016, Sep Average, Algeria, DZA
2.04063, 2016, Oct Average, Algeria, DZA
9.36787, 2016, Nov Average, Algeria, DZA
11.6125, 2016, Dec Average, Algeria, DZA
