204.289, 1901, Jan Average, Malawi, MWI
206.912, 1901, Feb Average, Malawi, MWI
182.094, 1901, Mar Average, Malawi, MWI
190.177, 1901, Apr Average, Malawi, MWI
28.8918, 1901, May Average, Malawi, MWI
29.5477, 1901, Jun Average, Malawi, MWI
3.05811, 1901, Jul Average, Malawi, MWI
1.04871, 1901, Aug Average, Malawi, MWI
14.5426, 1901, Sep Average, Malawi, MWI
42.2485, 1901, Oct Average, Malawi, MWI
42.8461, 1901, Nov Average, Malawi, MWI
183, 1901, Dec Average, Malawi, MWI
345.791, 1902, Jan Average, Malawi, MWI
182.709, 1902, Feb Average, Malawi, MWI
261.709, 1902, Mar Average, Malawi, MWI
111.113, 1902, Apr Average, Malawi, MWI
50.1244, 1902, May Average, Malawi, MWI
1.77827, 1902, Jun Average, Malawi, MWI
2.20009, 1902, Jul Average, Malawi, MWI
2.47424, 1902, Aug Average, Malawi, MWI
4.63503, 1902, Sep Average, Malawi, MWI
11.5611, 1902, Oct Average, Malawi, MWI
66.3968, 1902, Nov Average, Malawi, MWI
124.52, 1902, Dec Average, Malawi, MWI
261.129, 1903, Jan Average, Malawi, MWI
141.403, 1903, Feb Average, Malawi, MWI
127.757, 1903, Mar Average, Malawi, MWI
97.1698, 1903, Apr Average, Malawi, MWI
86.625, 1903, May Average, Malawi, MWI
6.14798, 1903, Jun Average, Malawi, MWI
3.03682, 1903, Jul Average, Malawi, MWI
1.01452, 1903, Aug Average, Malawi, MWI
5.14048, 1903, Sep Average, Malawi, MWI
6.32294, 1903, Oct Average, Malawi, MWI
65.6581, 1903, Nov Average, Malawi, MWI
204.398, 1903, Dec Average, Malawi, MWI
332.474, 1904, Jan Average, Malawi, MWI
240.082, 1904, Feb Average, Malawi, MWI
239.558, 1904, Mar Average, Malawi, MWI
119.184, 1904, Apr Average, Malawi, MWI
82.8492, 1904, May Average, Malawi, MWI
7.48192, 1904, Jun Average, Malawi, MWI
12.7603, 1904, Jul Average, Malawi, MWI
0.51998, 1904, Aug Average, Malawi, MWI
4.63822, 1904, Sep Average, Malawi, MWI
27.9388, 1904, Oct Average, Malawi, MWI
32.0792, 1904, Nov Average, Malawi, MWI
327.893, 1904, Dec Average, Malawi, MWI
227.485, 1905, Jan Average, Malawi, MWI
286.177, 1905, Feb Average, Malawi, MWI
158.473, 1905, Mar Average, Malawi, MWI
37.5437, 1905, Apr Average, Malawi, MWI
9.59199, 1905, May Average, Malawi, MWI
0.89899, 1905, Jun Average, Malawi, MWI
5.18064, 1905, Jul Average, Malawi, MWI
3.92222, 1905, Aug Average, Malawi, MWI
5.78226, 1905, Sep Average, Malawi, MWI
12.9921, 1905, Oct Average, Malawi, MWI
171.62, 1905, Nov Average, Malawi, MWI
206.656, 1905, Dec Average, Malawi, MWI
296.911, 1906, Jan Average, Malawi, MWI
235.705, 1906, Feb Average, Malawi, MWI
190.644, 1906, Mar Average, Malawi, MWI
50.1193, 1906, Apr Average, Malawi, MWI
37.2827, 1906, May Average, Malawi, MWI
2.82532, 1906, Jun Average, Malawi, MWI
9.97438, 1906, Jul Average, Malawi, MWI
1.3106, 1906, Aug Average, Malawi, MWI
3.76444, 1906, Sep Average, Malawi, MWI
33.2804, 1906, Oct Average, Malawi, MWI
71.0908, 1906, Nov Average, Malawi, MWI
142.458, 1906, Dec Average, Malawi, MWI
190.165, 1907, Jan Average, Malawi, MWI
245.181, 1907, Feb Average, Malawi, MWI
162.648, 1907, Mar Average, Malawi, MWI
177.046, 1907, Apr Average, Malawi, MWI
36.8984, 1907, May Average, Malawi, MWI
12.326, 1907, Jun Average, Malawi, MWI
11.1643, 1907, Jul Average, Malawi, MWI
0.37139, 1907, Aug Average, Malawi, MWI
0.46467, 1907, Sep Average, Malawi, MWI
12.9172, 1907, Oct Average, Malawi, MWI
87.012, 1907, Nov Average, Malawi, MWI
252.15, 1907, Dec Average, Malawi, MWI
220.953, 1908, Jan Average, Malawi, MWI
263.926, 1908, Feb Average, Malawi, MWI
150.431, 1908, Mar Average, Malawi, MWI
141.49, 1908, Apr Average, Malawi, MWI
28.2344, 1908, May Average, Malawi, MWI
5.85209, 1908, Jun Average, Malawi, MWI
8.59373, 1908, Jul Average, Malawi, MWI
3.06568, 1908, Aug Average, Malawi, MWI
1.71241, 1908, Sep Average, Malawi, MWI
10.57, 1908, Oct Average, Malawi, MWI
83.8596, 1908, Nov Average, Malawi, MWI
267.001, 1908, Dec Average, Malawi, MWI
252.705, 1909, Jan Average, Malawi, MWI
201.342, 1909, Feb Average, Malawi, MWI
184.119, 1909, Mar Average, Malawi, MWI
70.2325, 1909, Apr Average, Malawi, MWI
63.9892, 1909, May Average, Malawi, MWI
13.6931, 1909, Jun Average, Malawi, MWI
3.17473, 1909, Jul Average, Malawi, MWI
2.56288, 1909, Aug Average, Malawi, MWI
5.86296, 1909, Sep Average, Malawi, MWI
13.593, 1909, Oct Average, Malawi, MWI
29.7656, 1909, Nov Average, Malawi, MWI
63.7557, 1909, Dec Average, Malawi, MWI
199.829, 1910, Jan Average, Malawi, MWI
242.347, 1910, Feb Average, Malawi, MWI
212.115, 1910, Mar Average, Malawi, MWI
134.02, 1910, Apr Average, Malawi, MWI
13.7009, 1910, May Average, Malawi, MWI
7.06484, 1910, Jun Average, Malawi, MWI
4.97262, 1910, Jul Average, Malawi, MWI
2.25155, 1910, Aug Average, Malawi, MWI
1.3071, 1910, Sep Average, Malawi, MWI
11.631, 1910, Oct Average, Malawi, MWI
42.3546, 1910, Nov Average, Malawi, MWI
222.316, 1910, Dec Average, Malawi, MWI
201.973, 1911, Jan Average, Malawi, MWI
207.156, 1911, Feb Average, Malawi, MWI
167.964, 1911, Mar Average, Malawi, MWI
76.1604, 1911, Apr Average, Malawi, MWI
58.2893, 1911, May Average, Malawi, MWI
16.841, 1911, Jun Average, Malawi, MWI
5.18031, 1911, Jul Average, Malawi, MWI
2.33504, 1911, Aug Average, Malawi, MWI
4.83029, 1911, Sep Average, Malawi, MWI
14.9061, 1911, Oct Average, Malawi, MWI
55.7715, 1911, Nov Average, Malawi, MWI
167.077, 1911, Dec Average, Malawi, MWI
230.427, 1912, Jan Average, Malawi, MWI
169.556, 1912, Feb Average, Malawi, MWI
127.02, 1912, Mar Average, Malawi, MWI
26.8658, 1912, Apr Average, Malawi, MWI
21.28, 1912, May Average, Malawi, MWI
11.1206, 1912, Jun Average, Malawi, MWI
7.49137, 1912, Jul Average, Malawi, MWI
1.51506, 1912, Aug Average, Malawi, MWI
3.26397, 1912, Sep Average, Malawi, MWI
11.9916, 1912, Oct Average, Malawi, MWI
38.803, 1912, Nov Average, Malawi, MWI
253.544, 1912, Dec Average, Malawi, MWI
195.694, 1913, Jan Average, Malawi, MWI
183.753, 1913, Feb Average, Malawi, MWI
283, 1913, Mar Average, Malawi, MWI
116.404, 1913, Apr Average, Malawi, MWI
61.8167, 1913, May Average, Malawi, MWI
22.3304, 1913, Jun Average, Malawi, MWI
0.75344, 1913, Jul Average, Malawi, MWI
1.19215, 1913, Aug Average, Malawi, MWI
1.56695, 1913, Sep Average, Malawi, MWI
7.51052, 1913, Oct Average, Malawi, MWI
58.5345, 1913, Nov Average, Malawi, MWI
164.116, 1913, Dec Average, Malawi, MWI
207.737, 1914, Jan Average, Malawi, MWI
205.315, 1914, Feb Average, Malawi, MWI
191.614, 1914, Mar Average, Malawi, MWI
127.009, 1914, Apr Average, Malawi, MWI
9.22313, 1914, May Average, Malawi, MWI
9.10922, 1914, Jun Average, Malawi, MWI
9.86411, 1914, Jul Average, Malawi, MWI
5.62524, 1914, Aug Average, Malawi, MWI
1.374, 1914, Sep Average, Malawi, MWI
8.59, 1914, Oct Average, Malawi, MWI
75.369, 1914, Nov Average, Malawi, MWI
127.843, 1914, Dec Average, Malawi, MWI
201.696, 1915, Jan Average, Malawi, MWI
204.013, 1915, Feb Average, Malawi, MWI
203.348, 1915, Mar Average, Malawi, MWI
81.1724, 1915, Apr Average, Malawi, MWI
15.8289, 1915, May Average, Malawi, MWI
11.2831, 1915, Jun Average, Malawi, MWI
0.36317, 1915, Jul Average, Malawi, MWI
2.31942, 1915, Aug Average, Malawi, MWI
3.3543, 1915, Sep Average, Malawi, MWI
7.14688, 1915, Oct Average, Malawi, MWI
40.565, 1915, Nov Average, Malawi, MWI
186.792, 1915, Dec Average, Malawi, MWI
211.565, 1916, Jan Average, Malawi, MWI
183.377, 1916, Feb Average, Malawi, MWI
151.04, 1916, Mar Average, Malawi, MWI
130.176, 1916, Apr Average, Malawi, MWI
35.593, 1916, May Average, Malawi, MWI
6.81883, 1916, Jun Average, Malawi, MWI
0.39236, 1916, Jul Average, Malawi, MWI
1.21155, 1916, Aug Average, Malawi, MWI
2.75383, 1916, Sep Average, Malawi, MWI
17.8899, 1916, Oct Average, Malawi, MWI
116.237, 1916, Nov Average, Malawi, MWI
292.901, 1916, Dec Average, Malawi, MWI
214.192, 1917, Jan Average, Malawi, MWI
186.508, 1917, Feb Average, Malawi, MWI
217.161, 1917, Mar Average, Malawi, MWI
126.736, 1917, Apr Average, Malawi, MWI
24.1104, 1917, May Average, Malawi, MWI
3.49555, 1917, Jun Average, Malawi, MWI
2.70448, 1917, Jul Average, Malawi, MWI
2.54213, 1917, Aug Average, Malawi, MWI
3.57838, 1917, Sep Average, Malawi, MWI
15.1981, 1917, Oct Average, Malawi, MWI
83.1983, 1917, Nov Average, Malawi, MWI
179.212, 1917, Dec Average, Malawi, MWI
215.769, 1918, Jan Average, Malawi, MWI
195.71, 1918, Feb Average, Malawi, MWI
205.025, 1918, Mar Average, Malawi, MWI
70.2674, 1918, Apr Average, Malawi, MWI
23.3383, 1918, May Average, Malawi, MWI
9.25412, 1918, Jun Average, Malawi, MWI
5.77469, 1918, Jul Average, Malawi, MWI
7.13659, 1918, Aug Average, Malawi, MWI
0.00423, 1918, Sep Average, Malawi, MWI
3.05402, 1918, Oct Average, Malawi, MWI
97.1332, 1918, Nov Average, Malawi, MWI
87.1058, 1918, Dec Average, Malawi, MWI
252.962, 1919, Jan Average, Malawi, MWI
247.719, 1919, Feb Average, Malawi, MWI
147.566, 1919, Mar Average, Malawi, MWI
42.3003, 1919, Apr Average, Malawi, MWI
26.9769, 1919, May Average, Malawi, MWI
2.2465, 1919, Jun Average, Malawi, MWI
2.97776, 1919, Jul Average, Malawi, MWI
1.31099, 1919, Aug Average, Malawi, MWI
2.86308, 1919, Sep Average, Malawi, MWI
29.8969, 1919, Oct Average, Malawi, MWI
47.2496, 1919, Nov Average, Malawi, MWI
172.58, 1919, Dec Average, Malawi, MWI
182.985, 1920, Jan Average, Malawi, MWI
233.732, 1920, Feb Average, Malawi, MWI
330.905, 1920, Mar Average, Malawi, MWI
33.9047, 1920, Apr Average, Malawi, MWI
54.1337, 1920, May Average, Malawi, MWI
11.2787, 1920, Jun Average, Malawi, MWI
6.29115, 1920, Jul Average, Malawi, MWI
1.52582, 1920, Aug Average, Malawi, MWI
0.00353, 1920, Sep Average, Malawi, MWI
33.8743, 1920, Oct Average, Malawi, MWI
54.7617, 1920, Nov Average, Malawi, MWI
189.101, 1920, Dec Average, Malawi, MWI
197.909, 1921, Jan Average, Malawi, MWI
220.585, 1921, Feb Average, Malawi, MWI
224.4, 1921, Mar Average, Malawi, MWI
83.8372, 1921, Apr Average, Malawi, MWI
26.9409, 1921, May Average, Malawi, MWI
2.57076, 1921, Jun Average, Malawi, MWI
12.9091, 1921, Jul Average, Malawi, MWI
5.19157, 1921, Aug Average, Malawi, MWI
3.93388, 1921, Sep Average, Malawi, MWI
22.4257, 1921, Oct Average, Malawi, MWI
79.2359, 1921, Nov Average, Malawi, MWI
211.487, 1921, Dec Average, Malawi, MWI
115.02, 1922, Jan Average, Malawi, MWI
197.351, 1922, Feb Average, Malawi, MWI
185.414, 1922, Mar Average, Malawi, MWI
49.065, 1922, Apr Average, Malawi, MWI
27.1557, 1922, May Average, Malawi, MWI
6.25104, 1922, Jun Average, Malawi, MWI
3.8253, 1922, Jul Average, Malawi, MWI
1.50683, 1922, Aug Average, Malawi, MWI
4.12038, 1922, Sep Average, Malawi, MWI
35.1515, 1922, Oct Average, Malawi, MWI
64.6636, 1922, Nov Average, Malawi, MWI
227.432, 1922, Dec Average, Malawi, MWI
154.44, 1923, Jan Average, Malawi, MWI
282.7, 1923, Feb Average, Malawi, MWI
215.275, 1923, Mar Average, Malawi, MWI
147.467, 1923, Apr Average, Malawi, MWI
47.1605, 1923, May Average, Malawi, MWI
1.96229, 1923, Jun Average, Malawi, MWI
5.24815, 1923, Jul Average, Malawi, MWI
7.95707, 1923, Aug Average, Malawi, MWI
0.83228, 1923, Sep Average, Malawi, MWI
20.0139, 1923, Oct Average, Malawi, MWI
19.8291, 1923, Nov Average, Malawi, MWI
273.363, 1923, Dec Average, Malawi, MWI
191.563, 1924, Jan Average, Malawi, MWI
218.877, 1924, Feb Average, Malawi, MWI
174.4, 1924, Mar Average, Malawi, MWI
40.3886, 1924, Apr Average, Malawi, MWI
13.9463, 1924, May Average, Malawi, MWI
10.6143, 1924, Jun Average, Malawi, MWI
6.48422, 1924, Jul Average, Malawi, MWI
3.07877, 1924, Aug Average, Malawi, MWI
0.1225, 1924, Sep Average, Malawi, MWI
14.8229, 1924, Oct Average, Malawi, MWI
62.2062, 1924, Nov Average, Malawi, MWI
116.38, 1924, Dec Average, Malawi, MWI
298.241, 1925, Jan Average, Malawi, MWI
255.222, 1925, Feb Average, Malawi, MWI
232.703, 1925, Mar Average, Malawi, MWI
143.939, 1925, Apr Average, Malawi, MWI
39.1461, 1925, May Average, Malawi, MWI
7.12531, 1925, Jun Average, Malawi, MWI
13.059, 1925, Jul Average, Malawi, MWI
2.05208, 1925, Aug Average, Malawi, MWI
8.28236, 1925, Sep Average, Malawi, MWI
21.3541, 1925, Oct Average, Malawi, MWI
87.5268, 1925, Nov Average, Malawi, MWI
207.317, 1925, Dec Average, Malawi, MWI
304.319, 1926, Jan Average, Malawi, MWI
238.275, 1926, Feb Average, Malawi, MWI
251.66, 1926, Mar Average, Malawi, MWI
98.0197, 1926, Apr Average, Malawi, MWI
13.8383, 1926, May Average, Malawi, MWI
4.3194, 1926, Jun Average, Malawi, MWI
8.10642, 1926, Jul Average, Malawi, MWI
4.28594, 1926, Aug Average, Malawi, MWI
0.65646, 1926, Sep Average, Malawi, MWI
6.12066, 1926, Oct Average, Malawi, MWI
44.1504, 1926, Nov Average, Malawi, MWI
229.413, 1926, Dec Average, Malawi, MWI
244.481, 1927, Jan Average, Malawi, MWI
219.719, 1927, Feb Average, Malawi, MWI
226.617, 1927, Mar Average, Malawi, MWI
142.976, 1927, Apr Average, Malawi, MWI
13.7842, 1927, May Average, Malawi, MWI
9.42972, 1927, Jun Average, Malawi, MWI
7.11184, 1927, Jul Average, Malawi, MWI
1.05361, 1927, Aug Average, Malawi, MWI
0.30115, 1927, Sep Average, Malawi, MWI
5.98331, 1927, Oct Average, Malawi, MWI
26.5113, 1927, Nov Average, Malawi, MWI
213.907, 1927, Dec Average, Malawi, MWI
195.059, 1928, Jan Average, Malawi, MWI
138.347, 1928, Feb Average, Malawi, MWI
280.051, 1928, Mar Average, Malawi, MWI
103.821, 1928, Apr Average, Malawi, MWI
19.8532, 1928, May Average, Malawi, MWI
6.70333, 1928, Jun Average, Malawi, MWI
2.55827, 1928, Jul Average, Malawi, MWI
1.85853, 1928, Aug Average, Malawi, MWI
1.71661, 1928, Sep Average, Malawi, MWI
13.5551, 1928, Oct Average, Malawi, MWI
41.4199, 1928, Nov Average, Malawi, MWI
191.363, 1928, Dec Average, Malawi, MWI
281.254, 1929, Jan Average, Malawi, MWI
171.328, 1929, Feb Average, Malawi, MWI
250.216, 1929, Mar Average, Malawi, MWI
103.53, 1929, Apr Average, Malawi, MWI
10.9896, 1929, May Average, Malawi, MWI
1.37462, 1929, Jun Average, Malawi, MWI
4.69202, 1929, Jul Average, Malawi, MWI
6.07965, 1929, Aug Average, Malawi, MWI
0.00816, 1929, Sep Average, Malawi, MWI
22.1706, 1929, Oct Average, Malawi, MWI
44.3459, 1929, Nov Average, Malawi, MWI
195.996, 1929, Dec Average, Malawi, MWI
237.809, 1930, Jan Average, Malawi, MWI
155.994, 1930, Feb Average, Malawi, MWI
186.552, 1930, Mar Average, Malawi, MWI
97.1299, 1930, Apr Average, Malawi, MWI
11.2274, 1930, May Average, Malawi, MWI
3.88915, 1930, Jun Average, Malawi, MWI
3.20992, 1930, Jul Average, Malawi, MWI
1.03965, 1930, Aug Average, Malawi, MWI
10.4972, 1930, Sep Average, Malawi, MWI
1.94067, 1930, Oct Average, Malawi, MWI
63.1741, 1930, Nov Average, Malawi, MWI
149.54, 1930, Dec Average, Malawi, MWI
326.258, 1931, Jan Average, Malawi, MWI
200.854, 1931, Feb Average, Malawi, MWI
143.168, 1931, Mar Average, Malawi, MWI
93.8679, 1931, Apr Average, Malawi, MWI
20.62, 1931, May Average, Malawi, MWI
4.41493, 1931, Jun Average, Malawi, MWI
4.1138, 1931, Jul Average, Malawi, MWI
0.72149, 1931, Aug Average, Malawi, MWI
6.59949, 1931, Sep Average, Malawi, MWI
6.6253, 1931, Oct Average, Malawi, MWI
112.143, 1931, Nov Average, Malawi, MWI
302.904, 1931, Dec Average, Malawi, MWI
141.125, 1932, Jan Average, Malawi, MWI
240.831, 1932, Feb Average, Malawi, MWI
182.252, 1932, Mar Average, Malawi, MWI
85.6581, 1932, Apr Average, Malawi, MWI
38.0509, 1932, May Average, Malawi, MWI
10.164, 1932, Jun Average, Malawi, MWI
3.34946, 1932, Jul Average, Malawi, MWI
2.79077, 1932, Aug Average, Malawi, MWI
1.78395, 1932, Sep Average, Malawi, MWI
4.87185, 1932, Oct Average, Malawi, MWI
47.8716, 1932, Nov Average, Malawi, MWI
207.09, 1932, Dec Average, Malawi, MWI
194.718, 1933, Jan Average, Malawi, MWI
234.546, 1933, Feb Average, Malawi, MWI
151.019, 1933, Mar Average, Malawi, MWI
80.9311, 1933, Apr Average, Malawi, MWI
8.85403, 1933, May Average, Malawi, MWI
12.3407, 1933, Jun Average, Malawi, MWI
1.78799, 1933, Jul Average, Malawi, MWI
0.9414, 1933, Aug Average, Malawi, MWI
1.23293, 1933, Sep Average, Malawi, MWI
4.90906, 1933, Oct Average, Malawi, MWI
30.9229, 1933, Nov Average, Malawi, MWI
232.785, 1933, Dec Average, Malawi, MWI
215.187, 1934, Jan Average, Malawi, MWI
265.722, 1934, Feb Average, Malawi, MWI
243.912, 1934, Mar Average, Malawi, MWI
83.1125, 1934, Apr Average, Malawi, MWI
29.9913, 1934, May Average, Malawi, MWI
30.8935, 1934, Jun Average, Malawi, MWI
8.03352, 1934, Jul Average, Malawi, MWI
2.09191, 1934, Aug Average, Malawi, MWI
4.36875, 1934, Sep Average, Malawi, MWI
19.867, 1934, Oct Average, Malawi, MWI
112.638, 1934, Nov Average, Malawi, MWI
249.271, 1934, Dec Average, Malawi, MWI
229.07, 1935, Jan Average, Malawi, MWI
182.938, 1935, Feb Average, Malawi, MWI
167.129, 1935, Mar Average, Malawi, MWI
75.1479, 1935, Apr Average, Malawi, MWI
34.8618, 1935, May Average, Malawi, MWI
8.58229, 1935, Jun Average, Malawi, MWI
2.55737, 1935, Jul Average, Malawi, MWI
5.3537, 1935, Aug Average, Malawi, MWI
0.59391, 1935, Sep Average, Malawi, MWI
1.19096, 1935, Oct Average, Malawi, MWI
102.296, 1935, Nov Average, Malawi, MWI
152.297, 1935, Dec Average, Malawi, MWI
184.566, 1936, Jan Average, Malawi, MWI
272.557, 1936, Feb Average, Malawi, MWI
324.57, 1936, Mar Average, Malawi, MWI
98.6392, 1936, Apr Average, Malawi, MWI
29.9689, 1936, May Average, Malawi, MWI
18.8215, 1936, Jun Average, Malawi, MWI
10.1844, 1936, Jul Average, Malawi, MWI
3.07588, 1936, Aug Average, Malawi, MWI
3.34606, 1936, Sep Average, Malawi, MWI
13.0413, 1936, Oct Average, Malawi, MWI
54.7037, 1936, Nov Average, Malawi, MWI
192.766, 1936, Dec Average, Malawi, MWI
277.357, 1937, Jan Average, Malawi, MWI
218.026, 1937, Feb Average, Malawi, MWI
136.278, 1937, Mar Average, Malawi, MWI
97.4292, 1937, Apr Average, Malawi, MWI
29.2503, 1937, May Average, Malawi, MWI
2.38325, 1937, Jun Average, Malawi, MWI
14.5749, 1937, Jul Average, Malawi, MWI
10.2763, 1937, Aug Average, Malawi, MWI
2.60548, 1937, Sep Average, Malawi, MWI
9.50539, 1937, Oct Average, Malawi, MWI
55.5486, 1937, Nov Average, Malawi, MWI
167.226, 1937, Dec Average, Malawi, MWI
287.909, 1938, Jan Average, Malawi, MWI
136.96, 1938, Feb Average, Malawi, MWI
206.588, 1938, Mar Average, Malawi, MWI
115.973, 1938, Apr Average, Malawi, MWI
13.9512, 1938, May Average, Malawi, MWI
11.5756, 1938, Jun Average, Malawi, MWI
2.72815, 1938, Jul Average, Malawi, MWI
4.51502, 1938, Aug Average, Malawi, MWI
0.01997, 1938, Sep Average, Malawi, MWI
14.4011, 1938, Oct Average, Malawi, MWI
44.191, 1938, Nov Average, Malawi, MWI
195.847, 1938, Dec Average, Malawi, MWI
288.088, 1939, Jan Average, Malawi, MWI
152.943, 1939, Feb Average, Malawi, MWI
251.204, 1939, Mar Average, Malawi, MWI
91.3903, 1939, Apr Average, Malawi, MWI
26.799, 1939, May Average, Malawi, MWI
13.4389, 1939, Jun Average, Malawi, MWI
5.83468, 1939, Jul Average, Malawi, MWI
8.00052, 1939, Aug Average, Malawi, MWI
6.59965, 1939, Sep Average, Malawi, MWI
18.5021, 1939, Oct Average, Malawi, MWI
64.6835, 1939, Nov Average, Malawi, MWI
196.811, 1939, Dec Average, Malawi, MWI
262.024, 1940, Jan Average, Malawi, MWI
222.784, 1940, Feb Average, Malawi, MWI
271.027, 1940, Mar Average, Malawi, MWI
66.0192, 1940, Apr Average, Malawi, MWI
14.0063, 1940, May Average, Malawi, MWI
7.99428, 1940, Jun Average, Malawi, MWI
9.01325, 1940, Jul Average, Malawi, MWI
1.38024, 1940, Aug Average, Malawi, MWI
0.03782, 1940, Sep Average, Malawi, MWI
37.5322, 1940, Oct Average, Malawi, MWI
92.6524, 1940, Nov Average, Malawi, MWI
112.769, 1940, Dec Average, Malawi, MWI
285.344, 1941, Jan Average, Malawi, MWI
170.504, 1941, Feb Average, Malawi, MWI
202.334, 1941, Mar Average, Malawi, MWI
30.744, 1941, Apr Average, Malawi, MWI
11.7391, 1941, May Average, Malawi, MWI
3.98755, 1941, Jun Average, Malawi, MWI
2.68122, 1941, Jul Average, Malawi, MWI
3.40117, 1941, Aug Average, Malawi, MWI
4.16051, 1941, Sep Average, Malawi, MWI
11.2783, 1941, Oct Average, Malawi, MWI
127.14, 1941, Nov Average, Malawi, MWI
159.207, 1941, Dec Average, Malawi, MWI
199.955, 1942, Jan Average, Malawi, MWI
177.595, 1942, Feb Average, Malawi, MWI
188.673, 1942, Mar Average, Malawi, MWI
53.9461, 1942, Apr Average, Malawi, MWI
15.8894, 1942, May Average, Malawi, MWI
3.01439, 1942, Jun Average, Malawi, MWI
8.10165, 1942, Jul Average, Malawi, MWI
7.47863, 1942, Aug Average, Malawi, MWI
0.08977, 1942, Sep Average, Malawi, MWI
29.3513, 1942, Oct Average, Malawi, MWI
74.6596, 1942, Nov Average, Malawi, MWI
201.306, 1942, Dec Average, Malawi, MWI
260.214, 1943, Jan Average, Malawi, MWI
193.549, 1943, Feb Average, Malawi, MWI
150.788, 1943, Mar Average, Malawi, MWI
66.9399, 1943, Apr Average, Malawi, MWI
40.0738, 1943, May Average, Malawi, MWI
13.6829, 1943, Jun Average, Malawi, MWI
0.48575, 1943, Jul Average, Malawi, MWI
2.23539, 1943, Aug Average, Malawi, MWI
6.31984, 1943, Sep Average, Malawi, MWI
1.01346, 1943, Oct Average, Malawi, MWI
44.6585, 1943, Nov Average, Malawi, MWI
150.958, 1943, Dec Average, Malawi, MWI
168.444, 1944, Jan Average, Malawi, MWI
227.244, 1944, Feb Average, Malawi, MWI
272.239, 1944, Mar Average, Malawi, MWI
34.8555, 1944, Apr Average, Malawi, MWI
26.7645, 1944, May Average, Malawi, MWI
10.8808, 1944, Jun Average, Malawi, MWI
2.38465, 1944, Jul Average, Malawi, MWI
0.04622, 1944, Aug Average, Malawi, MWI
1.26975, 1944, Sep Average, Malawi, MWI
12.6713, 1944, Oct Average, Malawi, MWI
130.791, 1944, Nov Average, Malawi, MWI
235.083, 1944, Dec Average, Malawi, MWI
311.311, 1945, Jan Average, Malawi, MWI
275.66, 1945, Feb Average, Malawi, MWI
226.151, 1945, Mar Average, Malawi, MWI
89.4499, 1945, Apr Average, Malawi, MWI
35.0595, 1945, May Average, Malawi, MWI
8.02434, 1945, Jun Average, Malawi, MWI
5.85324, 1945, Jul Average, Malawi, MWI
2.23475, 1945, Aug Average, Malawi, MWI
0.34853, 1945, Sep Average, Malawi, MWI
3.61805, 1945, Oct Average, Malawi, MWI
54.7287, 1945, Nov Average, Malawi, MWI
173.006, 1945, Dec Average, Malawi, MWI
213.046, 1946, Jan Average, Malawi, MWI
185.383, 1946, Feb Average, Malawi, MWI
293.637, 1946, Mar Average, Malawi, MWI
90.042, 1946, Apr Average, Malawi, MWI
17.7243, 1946, May Average, Malawi, MWI
14.908, 1946, Jun Average, Malawi, MWI
4.70174, 1946, Jul Average, Malawi, MWI
7.84325, 1946, Aug Average, Malawi, MWI
2.11523, 1946, Sep Average, Malawi, MWI
0.44998, 1946, Oct Average, Malawi, MWI
151.956, 1946, Nov Average, Malawi, MWI
224.373, 1946, Dec Average, Malawi, MWI
253.171, 1947, Jan Average, Malawi, MWI
192.351, 1947, Feb Average, Malawi, MWI
291.704, 1947, Mar Average, Malawi, MWI
115.9, 1947, Apr Average, Malawi, MWI
40.3495, 1947, May Average, Malawi, MWI
6.17029, 1947, Jun Average, Malawi, MWI
6.54065, 1947, Jul Average, Malawi, MWI
0.82487, 1947, Aug Average, Malawi, MWI
6.18151, 1947, Sep Average, Malawi, MWI
18.5557, 1947, Oct Average, Malawi, MWI
64.3987, 1947, Nov Average, Malawi, MWI
207.153, 1947, Dec Average, Malawi, MWI
264.114, 1948, Jan Average, Malawi, MWI
308.151, 1948, Feb Average, Malawi, MWI
210.424, 1948, Mar Average, Malawi, MWI
137.952, 1948, Apr Average, Malawi, MWI
18.793, 1948, May Average, Malawi, MWI
6.51887, 1948, Jun Average, Malawi, MWI
7.54834, 1948, Jul Average, Malawi, MWI
5.27629, 1948, Aug Average, Malawi, MWI
4.64384, 1948, Sep Average, Malawi, MWI
13.2351, 1948, Oct Average, Malawi, MWI
74.1063, 1948, Nov Average, Malawi, MWI
100.233, 1948, Dec Average, Malawi, MWI
81.1168, 1949, Jan Average, Malawi, MWI
194.336, 1949, Feb Average, Malawi, MWI
169.117, 1949, Mar Average, Malawi, MWI
46.5869, 1949, Apr Average, Malawi, MWI
40.9107, 1949, May Average, Malawi, MWI
11.4404, 1949, Jun Average, Malawi, MWI
5.41246, 1949, Jul Average, Malawi, MWI
0.85421, 1949, Aug Average, Malawi, MWI
5.20444, 1949, Sep Average, Malawi, MWI
11.8207, 1949, Oct Average, Malawi, MWI
43.0295, 1949, Nov Average, Malawi, MWI
164.574, 1949, Dec Average, Malawi, MWI
365.345, 1950, Jan Average, Malawi, MWI
276.831, 1950, Feb Average, Malawi, MWI
253.079, 1950, Mar Average, Malawi, MWI
88.6283, 1950, Apr Average, Malawi, MWI
45.9512, 1950, May Average, Malawi, MWI
7.94979, 1950, Jun Average, Malawi, MWI
12.2627, 1950, Jul Average, Malawi, MWI
4.04745, 1950, Aug Average, Malawi, MWI
0.72223, 1950, Sep Average, Malawi, MWI
40.9744, 1950, Oct Average, Malawi, MWI
54.4375, 1950, Nov Average, Malawi, MWI
172.183, 1950, Dec Average, Malawi, MWI
239.96, 1951, Jan Average, Malawi, MWI
265.596, 1951, Feb Average, Malawi, MWI
179.982, 1951, Mar Average, Malawi, MWI
66.8764, 1951, Apr Average, Malawi, MWI
32.5272, 1951, May Average, Malawi, MWI
11.0178, 1951, Jun Average, Malawi, MWI
3.42824, 1951, Jul Average, Malawi, MWI
9.58163, 1951, Aug Average, Malawi, MWI
1.35376, 1951, Sep Average, Malawi, MWI
9.65171, 1951, Oct Average, Malawi, MWI
93.0811, 1951, Nov Average, Malawi, MWI
250.399, 1951, Dec Average, Malawi, MWI
243.833, 1952, Jan Average, Malawi, MWI
372.808, 1952, Feb Average, Malawi, MWI
209.95, 1952, Mar Average, Malawi, MWI
141, 1952, Apr Average, Malawi, MWI
22.5659, 1952, May Average, Malawi, MWI
7.96241, 1952, Jun Average, Malawi, MWI
5.49817, 1952, Jul Average, Malawi, MWI
1.32198, 1952, Aug Average, Malawi, MWI
3.82415, 1952, Sep Average, Malawi, MWI
14.0815, 1952, Oct Average, Malawi, MWI
103.684, 1952, Nov Average, Malawi, MWI
125.507, 1952, Dec Average, Malawi, MWI
219.348, 1953, Jan Average, Malawi, MWI
151.12, 1953, Feb Average, Malawi, MWI
243.151, 1953, Mar Average, Malawi, MWI
59.9001, 1953, Apr Average, Malawi, MWI
18.1267, 1953, May Average, Malawi, MWI
4.99416, 1953, Jun Average, Malawi, MWI
7.08136, 1953, Jul Average, Malawi, MWI
2.55661, 1953, Aug Average, Malawi, MWI
5.36761, 1953, Sep Average, Malawi, MWI
4.46008, 1953, Oct Average, Malawi, MWI
42.2371, 1953, Nov Average, Malawi, MWI
258.16, 1953, Dec Average, Malawi, MWI
180.919, 1954, Jan Average, Malawi, MWI
182.222, 1954, Feb Average, Malawi, MWI
167.083, 1954, Mar Average, Malawi, MWI
46.8846, 1954, Apr Average, Malawi, MWI
13.0331, 1954, May Average, Malawi, MWI
9.46707, 1954, Jun Average, Malawi, MWI
0.90565, 1954, Jul Average, Malawi, MWI
5.59703, 1954, Aug Average, Malawi, MWI
3.82826, 1954, Sep Average, Malawi, MWI
3.39951, 1954, Oct Average, Malawi, MWI
101.395, 1954, Nov Average, Malawi, MWI
183.612, 1954, Dec Average, Malawi, MWI
246.806, 1955, Jan Average, Malawi, MWI
298.962, 1955, Feb Average, Malawi, MWI
192.111, 1955, Mar Average, Malawi, MWI
110.861, 1955, Apr Average, Malawi, MWI
39.968, 1955, May Average, Malawi, MWI
10.1526, 1955, Jun Average, Malawi, MWI
9.37031, 1955, Jul Average, Malawi, MWI
2.17088, 1955, Aug Average, Malawi, MWI
2.29941, 1955, Sep Average, Malawi, MWI
3.24667, 1955, Oct Average, Malawi, MWI
39.7146, 1955, Nov Average, Malawi, MWI
190.21, 1955, Dec Average, Malawi, MWI
318.45, 1956, Jan Average, Malawi, MWI
206.291, 1956, Feb Average, Malawi, MWI
258.763, 1956, Mar Average, Malawi, MWI
208.991, 1956, Apr Average, Malawi, MWI
42.3374, 1956, May Average, Malawi, MWI
16.6289, 1956, Jun Average, Malawi, MWI
4.42426, 1956, Jul Average, Malawi, MWI
2.7814, 1956, Aug Average, Malawi, MWI
4.46086, 1956, Sep Average, Malawi, MWI
9.34827, 1956, Oct Average, Malawi, MWI
98.5939, 1956, Nov Average, Malawi, MWI
239.765, 1956, Dec Average, Malawi, MWI
307.179, 1957, Jan Average, Malawi, MWI
201.311, 1957, Feb Average, Malawi, MWI
165.363, 1957, Mar Average, Malawi, MWI
147.338, 1957, Apr Average, Malawi, MWI
50.4936, 1957, May Average, Malawi, MWI
4.45215, 1957, Jun Average, Malawi, MWI
0.47594, 1957, Jul Average, Malawi, MWI
1.47447, 1957, Aug Average, Malawi, MWI
0.68229, 1957, Sep Average, Malawi, MWI
5.13218, 1957, Oct Average, Malawi, MWI
8.41189, 1957, Nov Average, Malawi, MWI
239.141, 1957, Dec Average, Malawi, MWI
225.662, 1958, Jan Average, Malawi, MWI
200.568, 1958, Feb Average, Malawi, MWI
130.115, 1958, Mar Average, Malawi, MWI
64.1278, 1958, Apr Average, Malawi, MWI
9.01465, 1958, May Average, Malawi, MWI
21.3993, 1958, Jun Average, Malawi, MWI
5.40877, 1958, Jul Average, Malawi, MWI
8.05685, 1958, Aug Average, Malawi, MWI
8.2549, 1958, Sep Average, Malawi, MWI
7.89519, 1958, Oct Average, Malawi, MWI
48.8344, 1958, Nov Average, Malawi, MWI
186.538, 1958, Dec Average, Malawi, MWI
209.79, 1959, Jan Average, Malawi, MWI
256.836, 1959, Feb Average, Malawi, MWI
152.939, 1959, Mar Average, Malawi, MWI
42.6363, 1959, Apr Average, Malawi, MWI
6.36082, 1959, May Average, Malawi, MWI
10.2111, 1959, Jun Average, Malawi, MWI
5.43794, 1959, Jul Average, Malawi, MWI
6.56594, 1959, Aug Average, Malawi, MWI
3.8325, 1959, Sep Average, Malawi, MWI
29.0021, 1959, Oct Average, Malawi, MWI
65.717, 1959, Nov Average, Malawi, MWI
213.481, 1959, Dec Average, Malawi, MWI
176.756, 1960, Jan Average, Malawi, MWI
241.786, 1960, Feb Average, Malawi, MWI
219.833, 1960, Mar Average, Malawi, MWI
88.1333, 1960, Apr Average, Malawi, MWI
13.6251, 1960, May Average, Malawi, MWI
15.9526, 1960, Jun Average, Malawi, MWI
11.2051, 1960, Jul Average, Malawi, MWI
0.47513, 1960, Aug Average, Malawi, MWI
6.6688, 1960, Sep Average, Malawi, MWI
4.17778, 1960, Oct Average, Malawi, MWI
47.7432, 1960, Nov Average, Malawi, MWI
180.594, 1960, Dec Average, Malawi, MWI
241.805, 1961, Jan Average, Malawi, MWI
202.367, 1961, Feb Average, Malawi, MWI
271.684, 1961, Mar Average, Malawi, MWI
132.588, 1961, Apr Average, Malawi, MWI
35.0613, 1961, May Average, Malawi, MWI
12.1779, 1961, Jun Average, Malawi, MWI
31.3559, 1961, Jul Average, Malawi, MWI
9.94802, 1961, Aug Average, Malawi, MWI
5.29349, 1961, Sep Average, Malawi, MWI
15.2724, 1961, Oct Average, Malawi, MWI
103.584, 1961, Nov Average, Malawi, MWI
241.841, 1961, Dec Average, Malawi, MWI
332.402, 1962, Jan Average, Malawi, MWI
179.833, 1962, Feb Average, Malawi, MWI
226.9, 1962, Mar Average, Malawi, MWI
150.802, 1962, Apr Average, Malawi, MWI
26.2917, 1962, May Average, Malawi, MWI
3.38827, 1962, Jun Average, Malawi, MWI
10.1023, 1962, Jul Average, Malawi, MWI
4.51393, 1962, Aug Average, Malawi, MWI
1.52536, 1962, Sep Average, Malawi, MWI
15.5573, 1962, Oct Average, Malawi, MWI
79.5925, 1962, Nov Average, Malawi, MWI
232.297, 1962, Dec Average, Malawi, MWI
261.371, 1963, Jan Average, Malawi, MWI
252.455, 1963, Feb Average, Malawi, MWI
286.579, 1963, Mar Average, Malawi, MWI
97.0965, 1963, Apr Average, Malawi, MWI
7.75557, 1963, May Average, Malawi, MWI
3.58294, 1963, Jun Average, Malawi, MWI
5.8082, 1963, Jul Average, Malawi, MWI
0.09413, 1963, Aug Average, Malawi, MWI
2.13789, 1963, Sep Average, Malawi, MWI
16.5018, 1963, Oct Average, Malawi, MWI
148.826, 1963, Nov Average, Malawi, MWI
246.718, 1963, Dec Average, Malawi, MWI
285.665, 1964, Jan Average, Malawi, MWI
198.619, 1964, Feb Average, Malawi, MWI
123.618, 1964, Mar Average, Malawi, MWI
30.9791, 1964, Apr Average, Malawi, MWI
9.50701, 1964, May Average, Malawi, MWI
2.6463, 1964, Jun Average, Malawi, MWI
16.2787, 1964, Jul Average, Malawi, MWI
5.37681, 1964, Aug Average, Malawi, MWI
0.23279, 1964, Sep Average, Malawi, MWI
0.67729, 1964, Oct Average, Malawi, MWI
59.6326, 1964, Nov Average, Malawi, MWI
171.285, 1964, Dec Average, Malawi, MWI
261.471, 1965, Jan Average, Malawi, MWI
217.166, 1965, Feb Average, Malawi, MWI
240.347, 1965, Mar Average, Malawi, MWI
77.7686, 1965, Apr Average, Malawi, MWI
15.7593, 1965, May Average, Malawi, MWI
7.46883, 1965, Jun Average, Malawi, MWI
1.36818, 1965, Jul Average, Malawi, MWI
2.78113, 1965, Aug Average, Malawi, MWI
7.2423, 1965, Sep Average, Malawi, MWI
16.155, 1965, Oct Average, Malawi, MWI
56.3023, 1965, Nov Average, Malawi, MWI
211.493, 1965, Dec Average, Malawi, MWI
161.853, 1966, Jan Average, Malawi, MWI
252.803, 1966, Feb Average, Malawi, MWI
169.454, 1966, Mar Average, Malawi, MWI
64.4309, 1966, Apr Average, Malawi, MWI
31.6374, 1966, May Average, Malawi, MWI
15.1919, 1966, Jun Average, Malawi, MWI
5.71194, 1966, Jul Average, Malawi, MWI
0.9386, 1966, Aug Average, Malawi, MWI
3.07707, 1966, Sep Average, Malawi, MWI
11.6866, 1966, Oct Average, Malawi, MWI
67.313, 1966, Nov Average, Malawi, MWI
176.26, 1966, Dec Average, Malawi, MWI
165.521, 1967, Jan Average, Malawi, MWI
156.127, 1967, Feb Average, Malawi, MWI
252.082, 1967, Mar Average, Malawi, MWI
151.913, 1967, Apr Average, Malawi, MWI
52.3881, 1967, May Average, Malawi, MWI
16.5207, 1967, Jun Average, Malawi, MWI
17.195, 1967, Jul Average, Malawi, MWI
8.95276, 1967, Aug Average, Malawi, MWI
4.64715, 1967, Sep Average, Malawi, MWI
17.6035, 1967, Oct Average, Malawi, MWI
79.3743, 1967, Nov Average, Malawi, MWI
212.41, 1967, Dec Average, Malawi, MWI
180.26, 1968, Jan Average, Malawi, MWI
208.495, 1968, Feb Average, Malawi, MWI
173.785, 1968, Mar Average, Malawi, MWI
100.335, 1968, Apr Average, Malawi, MWI
27.4638, 1968, May Average, Malawi, MWI
25.0117, 1968, Jun Average, Malawi, MWI
5.94767, 1968, Jul Average, Malawi, MWI
3.15722, 1968, Aug Average, Malawi, MWI
1.22523, 1968, Sep Average, Malawi, MWI
4.00201, 1968, Oct Average, Malawi, MWI
106.617, 1968, Nov Average, Malawi, MWI
254.066, 1968, Dec Average, Malawi, MWI
241.748, 1969, Jan Average, Malawi, MWI
190.433, 1969, Feb Average, Malawi, MWI
151.683, 1969, Mar Average, Malawi, MWI
145.482, 1969, Apr Average, Malawi, MWI
18.941, 1969, May Average, Malawi, MWI
8.3602, 1969, Jun Average, Malawi, MWI
7.22347, 1969, Jul Average, Malawi, MWI
5.7482, 1969, Aug Average, Malawi, MWI
4.75376, 1969, Sep Average, Malawi, MWI
15.2017, 1969, Oct Average, Malawi, MWI
34.1292, 1969, Nov Average, Malawi, MWI
287.893, 1969, Dec Average, Malawi, MWI
255.646, 1970, Jan Average, Malawi, MWI
210.987, 1970, Feb Average, Malawi, MWI
123.648, 1970, Mar Average, Malawi, MWI
64.0638, 1970, Apr Average, Malawi, MWI
9.99843, 1970, May Average, Malawi, MWI
7.98162, 1970, Jun Average, Malawi, MWI
9.16382, 1970, Jul Average, Malawi, MWI
0.59977, 1970, Aug Average, Malawi, MWI
0.37481, 1970, Sep Average, Malawi, MWI
19.9503, 1970, Oct Average, Malawi, MWI
123.714, 1970, Nov Average, Malawi, MWI
296.422, 1970, Dec Average, Malawi, MWI
303.569, 1971, Jan Average, Malawi, MWI
229.279, 1971, Feb Average, Malawi, MWI
148.5, 1971, Mar Average, Malawi, MWI
80.0149, 1971, Apr Average, Malawi, MWI
22.5448, 1971, May Average, Malawi, MWI
2.77682, 1971, Jun Average, Malawi, MWI
3.41589, 1971, Jul Average, Malawi, MWI
0.11038, 1971, Aug Average, Malawi, MWI
1.16348, 1971, Sep Average, Malawi, MWI
11.6833, 1971, Oct Average, Malawi, MWI
84.1542, 1971, Nov Average, Malawi, MWI
181.507, 1971, Dec Average, Malawi, MWI
234.797, 1972, Jan Average, Malawi, MWI
177.545, 1972, Feb Average, Malawi, MWI
153.991, 1972, Mar Average, Malawi, MWI
100.677, 1972, Apr Average, Malawi, MWI
38.35, 1972, May Average, Malawi, MWI
11.7152, 1972, Jun Average, Malawi, MWI
4.97078, 1972, Jul Average, Malawi, MWI
3.61009, 1972, Aug Average, Malawi, MWI
1.63546, 1972, Sep Average, Malawi, MWI
14.4859, 1972, Oct Average, Malawi, MWI
101.818, 1972, Nov Average, Malawi, MWI
195.759, 1972, Dec Average, Malawi, MWI
191.14, 1973, Jan Average, Malawi, MWI
152.88, 1973, Feb Average, Malawi, MWI
170.298, 1973, Mar Average, Malawi, MWI
125.102, 1973, Apr Average, Malawi, MWI
6.55251, 1973, May Average, Malawi, MWI
11.1115, 1973, Jun Average, Malawi, MWI
7.63222, 1973, Jul Average, Malawi, MWI
2.54486, 1973, Aug Average, Malawi, MWI
0.88606, 1973, Sep Average, Malawi, MWI
9.48909, 1973, Oct Average, Malawi, MWI
51.6965, 1973, Nov Average, Malawi, MWI
185.914, 1973, Dec Average, Malawi, MWI
298.454, 1974, Jan Average, Malawi, MWI
222.811, 1974, Feb Average, Malawi, MWI
272.289, 1974, Mar Average, Malawi, MWI
145.527, 1974, Apr Average, Malawi, MWI
87.7211, 1974, May Average, Malawi, MWI
15.3912, 1974, Jun Average, Malawi, MWI
27.162, 1974, Jul Average, Malawi, MWI
2.00261, 1974, Aug Average, Malawi, MWI
3.43821, 1974, Sep Average, Malawi, MWI
9.97112, 1974, Oct Average, Malawi, MWI
51.025, 1974, Nov Average, Malawi, MWI
211.979, 1974, Dec Average, Malawi, MWI
171.092, 1975, Jan Average, Malawi, MWI
189.518, 1975, Feb Average, Malawi, MWI
218.113, 1975, Mar Average, Malawi, MWI
117.626, 1975, Apr Average, Malawi, MWI
12.4558, 1975, May Average, Malawi, MWI
9.6009, 1975, Jun Average, Malawi, MWI
4.24932, 1975, Jul Average, Malawi, MWI
4.62182, 1975, Aug Average, Malawi, MWI
0.43971, 1975, Sep Average, Malawi, MWI
19.1972, 1975, Oct Average, Malawi, MWI
48.928, 1975, Nov Average, Malawi, MWI
179.668, 1975, Dec Average, Malawi, MWI
257.746, 1976, Jan Average, Malawi, MWI
276.536, 1976, Feb Average, Malawi, MWI
251.868, 1976, Mar Average, Malawi, MWI
167.328, 1976, Apr Average, Malawi, MWI
37.7421, 1976, May Average, Malawi, MWI
21.7101, 1976, Jun Average, Malawi, MWI
4.68056, 1976, Jul Average, Malawi, MWI
1.05832, 1976, Aug Average, Malawi, MWI
1.32688, 1976, Sep Average, Malawi, MWI
32.9872, 1976, Oct Average, Malawi, MWI
25.8252, 1976, Nov Average, Malawi, MWI
188.171, 1976, Dec Average, Malawi, MWI
264.711, 1977, Jan Average, Malawi, MWI
152.27, 1977, Feb Average, Malawi, MWI
204.784, 1977, Mar Average, Malawi, MWI
77.8873, 1977, Apr Average, Malawi, MWI
24.2583, 1977, May Average, Malawi, MWI
3.36415, 1977, Jun Average, Malawi, MWI
4.00489, 1977, Jul Average, Malawi, MWI
3.30247, 1977, Aug Average, Malawi, MWI
6.07509, 1977, Sep Average, Malawi, MWI
10.5785, 1977, Oct Average, Malawi, MWI
83.0958, 1977, Nov Average, Malawi, MWI
219.068, 1977, Dec Average, Malawi, MWI
266.91, 1978, Jan Average, Malawi, MWI
203.631, 1978, Feb Average, Malawi, MWI
358.589, 1978, Mar Average, Malawi, MWI
109.063, 1978, Apr Average, Malawi, MWI
7.04304, 1978, May Average, Malawi, MWI
14.4566, 1978, Jun Average, Malawi, MWI
6.53022, 1978, Jul Average, Malawi, MWI
0.00033, 1978, Aug Average, Malawi, MWI
1.40934, 1978, Sep Average, Malawi, MWI
20.8608, 1978, Oct Average, Malawi, MWI
82.0889, 1978, Nov Average, Malawi, MWI
294.405, 1978, Dec Average, Malawi, MWI
170.56, 1979, Jan Average, Malawi, MWI
261.805, 1979, Feb Average, Malawi, MWI
273.681, 1979, Mar Average, Malawi, MWI
88.9081, 1979, Apr Average, Malawi, MWI
10.6442, 1979, May Average, Malawi, MWI
7.87392, 1979, Jun Average, Malawi, MWI
13.1441, 1979, Jul Average, Malawi, MWI
2.28698, 1979, Aug Average, Malawi, MWI
3.3651, 1979, Sep Average, Malawi, MWI
18.5356, 1979, Oct Average, Malawi, MWI
118.889, 1979, Nov Average, Malawi, MWI
202.877, 1979, Dec Average, Malawi, MWI
200.841, 1980, Jan Average, Malawi, MWI
152.745, 1980, Feb Average, Malawi, MWI
246.668, 1980, Mar Average, Malawi, MWI
173.926, 1980, Apr Average, Malawi, MWI
18.6839, 1980, May Average, Malawi, MWI
4.9643, 1980, Jun Average, Malawi, MWI
4.60624, 1980, Jul Average, Malawi, MWI
2.76938, 1980, Aug Average, Malawi, MWI
8.46006, 1980, Sep Average, Malawi, MWI
23.8727, 1980, Oct Average, Malawi, MWI
30.689, 1980, Nov Average, Malawi, MWI
316.73, 1980, Dec Average, Malawi, MWI
163.244, 1981, Jan Average, Malawi, MWI
274.393, 1981, Feb Average, Malawi, MWI
158.788, 1981, Mar Average, Malawi, MWI
81.1478, 1981, Apr Average, Malawi, MWI
28.3787, 1981, May Average, Malawi, MWI
3.72946, 1981, Jun Average, Malawi, MWI
4.02977, 1981, Jul Average, Malawi, MWI
1.04674, 1981, Aug Average, Malawi, MWI
5.36446, 1981, Sep Average, Malawi, MWI
23.5647, 1981, Oct Average, Malawi, MWI
51.344, 1981, Nov Average, Malawi, MWI
162.2, 1981, Dec Average, Malawi, MWI
236.915, 1982, Jan Average, Malawi, MWI
247.478, 1982, Feb Average, Malawi, MWI
150.503, 1982, Mar Average, Malawi, MWI
139.643, 1982, Apr Average, Malawi, MWI
55.0384, 1982, May Average, Malawi, MWI
6.48444, 1982, Jun Average, Malawi, MWI
16.9266, 1982, Jul Average, Malawi, MWI
5.46439, 1982, Aug Average, Malawi, MWI
2.82623, 1982, Sep Average, Malawi, MWI
47.6258, 1982, Oct Average, Malawi, MWI
96.0107, 1982, Nov Average, Malawi, MWI
175.161, 1982, Dec Average, Malawi, MWI
195.448, 1983, Jan Average, Malawi, MWI
183.939, 1983, Feb Average, Malawi, MWI
130.456, 1983, Mar Average, Malawi, MWI
77.71, 1983, Apr Average, Malawi, MWI
22.3623, 1983, May Average, Malawi, MWI
14.4538, 1983, Jun Average, Malawi, MWI
16.1389, 1983, Jul Average, Malawi, MWI
2.49564, 1983, Aug Average, Malawi, MWI
0.41034, 1983, Sep Average, Malawi, MWI
12.5737, 1983, Oct Average, Malawi, MWI
31.5534, 1983, Nov Average, Malawi, MWI
230.138, 1983, Dec Average, Malawi, MWI
170.822, 1984, Jan Average, Malawi, MWI
250.008, 1984, Feb Average, Malawi, MWI
202.041, 1984, Mar Average, Malawi, MWI
51.1914, 1984, Apr Average, Malawi, MWI
21.9354, 1984, May Average, Malawi, MWI
10.5777, 1984, Jun Average, Malawi, MWI
6.04855, 1984, Jul Average, Malawi, MWI
2.00788, 1984, Aug Average, Malawi, MWI
4.96373, 1984, Sep Average, Malawi, MWI
11.1714, 1984, Oct Average, Malawi, MWI
114.53, 1984, Nov Average, Malawi, MWI
298.555, 1984, Dec Average, Malawi, MWI
198.336, 1985, Jan Average, Malawi, MWI
195.979, 1985, Feb Average, Malawi, MWI
253.731, 1985, Mar Average, Malawi, MWI
101.937, 1985, Apr Average, Malawi, MWI
16.3482, 1985, May Average, Malawi, MWI
6.3649, 1985, Jun Average, Malawi, MWI
5.90782, 1985, Jul Average, Malawi, MWI
5.91459, 1985, Aug Average, Malawi, MWI
6.49496, 1985, Sep Average, Malawi, MWI
23.6938, 1985, Oct Average, Malawi, MWI
155.982, 1985, Nov Average, Malawi, MWI
242.568, 1985, Dec Average, Malawi, MWI
305.53, 1986, Jan Average, Malawi, MWI
203.622, 1986, Feb Average, Malawi, MWI
208.392, 1986, Mar Average, Malawi, MWI
95.6547, 1986, Apr Average, Malawi, MWI
13.9736, 1986, May Average, Malawi, MWI
10.7695, 1986, Jun Average, Malawi, MWI
2.7127, 1986, Jul Average, Malawi, MWI
0.2407, 1986, Aug Average, Malawi, MWI
3.2848, 1986, Sep Average, Malawi, MWI
41.727, 1986, Oct Average, Malawi, MWI
77.5041, 1986, Nov Average, Malawi, MWI
246.638, 1986, Dec Average, Malawi, MWI
241.705, 1987, Jan Average, Malawi, MWI
180.232, 1987, Feb Average, Malawi, MWI
141.3, 1987, Mar Average, Malawi, MWI
54.0107, 1987, Apr Average, Malawi, MWI
9.45772, 1987, May Average, Malawi, MWI
7.17469, 1987, Jun Average, Malawi, MWI
0.97873, 1987, Jul Average, Malawi, MWI
1.05734, 1987, Aug Average, Malawi, MWI
1.33405, 1987, Sep Average, Malawi, MWI
22.5886, 1987, Oct Average, Malawi, MWI
29.3054, 1987, Nov Average, Malawi, MWI
154.544, 1987, Dec Average, Malawi, MWI
252.027, 1988, Jan Average, Malawi, MWI
243.119, 1988, Feb Average, Malawi, MWI
222.898, 1988, Mar Average, Malawi, MWI
73.0513, 1988, Apr Average, Malawi, MWI
35.1528, 1988, May Average, Malawi, MWI
8.18674, 1988, Jun Average, Malawi, MWI
2.79347, 1988, Jul Average, Malawi, MWI
2.5506, 1988, Aug Average, Malawi, MWI
0.83845, 1988, Sep Average, Malawi, MWI
40.4084, 1988, Oct Average, Malawi, MWI
71.0854, 1988, Nov Average, Malawi, MWI
163.957, 1988, Dec Average, Malawi, MWI
309.789, 1989, Jan Average, Malawi, MWI
251.981, 1989, Feb Average, Malawi, MWI
319.904, 1989, Mar Average, Malawi, MWI
104.644, 1989, Apr Average, Malawi, MWI
21.0941, 1989, May Average, Malawi, MWI
7.19182, 1989, Jun Average, Malawi, MWI
8.53308, 1989, Jul Average, Malawi, MWI
5.03023, 1989, Aug Average, Malawi, MWI
2.87233, 1989, Sep Average, Malawi, MWI
10.4206, 1989, Oct Average, Malawi, MWI
111.411, 1989, Nov Average, Malawi, MWI
223.94, 1989, Dec Average, Malawi, MWI
237.383, 1990, Jan Average, Malawi, MWI
183.164, 1990, Feb Average, Malawi, MWI
95.6388, 1990, Mar Average, Malawi, MWI
60.4906, 1990, Apr Average, Malawi, MWI
72.0959, 1990, May Average, Malawi, MWI
3.83912, 1990, Jun Average, Malawi, MWI
2.36458, 1990, Jul Average, Malawi, MWI
4.80524, 1990, Aug Average, Malawi, MWI
5.21285, 1990, Sep Average, Malawi, MWI
3.07219, 1990, Oct Average, Malawi, MWI
42.3311, 1990, Nov Average, Malawi, MWI
115.15, 1990, Dec Average, Malawi, MWI
270.123, 1991, Jan Average, Malawi, MWI
180.891, 1991, Feb Average, Malawi, MWI
208.38, 1991, Mar Average, Malawi, MWI
94.5087, 1991, Apr Average, Malawi, MWI
19.4678, 1991, May Average, Malawi, MWI
2.31401, 1991, Jun Average, Malawi, MWI
9.97793, 1991, Jul Average, Malawi, MWI
2.28472, 1991, Aug Average, Malawi, MWI
4.8762, 1991, Sep Average, Malawi, MWI
13.6732, 1991, Oct Average, Malawi, MWI
81.7218, 1991, Nov Average, Malawi, MWI
171.625, 1991, Dec Average, Malawi, MWI
184.152, 1992, Jan Average, Malawi, MWI
69.9821, 1992, Feb Average, Malawi, MWI
156.026, 1992, Mar Average, Malawi, MWI
38.7659, 1992, Apr Average, Malawi, MWI
19.8563, 1992, May Average, Malawi, MWI
4.58637, 1992, Jun Average, Malawi, MWI
2.97051, 1992, Jul Average, Malawi, MWI
0.3276, 1992, Aug Average, Malawi, MWI
0.01029, 1992, Sep Average, Malawi, MWI
2.29027, 1992, Oct Average, Malawi, MWI
80.0148, 1992, Nov Average, Malawi, MWI
168.552, 1992, Dec Average, Malawi, MWI
258.631, 1993, Jan Average, Malawi, MWI
218.628, 1993, Feb Average, Malawi, MWI
172.998, 1993, Mar Average, Malawi, MWI
81.2728, 1993, Apr Average, Malawi, MWI
17.487, 1993, May Average, Malawi, MWI
12.4404, 1993, Jun Average, Malawi, MWI
2.54017, 1993, Jul Average, Malawi, MWI
5.44864, 1993, Aug Average, Malawi, MWI
5.84846, 1993, Sep Average, Malawi, MWI
14.107, 1993, Oct Average, Malawi, MWI
69.9573, 1993, Nov Average, Malawi, MWI
98.9596, 1993, Dec Average, Malawi, MWI
251.071, 1994, Jan Average, Malawi, MWI
175.061, 1994, Feb Average, Malawi, MWI
129.305, 1994, Mar Average, Malawi, MWI
60.5344, 1994, Apr Average, Malawi, MWI
2.85687, 1994, May Average, Malawi, MWI
5.10176, 1994, Jun Average, Malawi, MWI
2.85934, 1994, Jul Average, Malawi, MWI
4.53583, 1994, Aug Average, Malawi, MWI
1.94945, 1994, Sep Average, Malawi, MWI
28.7545, 1994, Oct Average, Malawi, MWI
40.1524, 1994, Nov Average, Malawi, MWI
113.113, 1994, Dec Average, Malawi, MWI
267.977, 1995, Jan Average, Malawi, MWI
182.757, 1995, Feb Average, Malawi, MWI
120.459, 1995, Mar Average, Malawi, MWI
51.3507, 1995, Apr Average, Malawi, MWI
15.492, 1995, May Average, Malawi, MWI
2.02257, 1995, Jun Average, Malawi, MWI
2.61997, 1995, Jul Average, Malawi, MWI
2.38658, 1995, Aug Average, Malawi, MWI
0.84412, 1995, Sep Average, Malawi, MWI
3.91486, 1995, Oct Average, Malawi, MWI
32.1672, 1995, Nov Average, Malawi, MWI
239.801, 1995, Dec Average, Malawi, MWI
215.021, 1996, Jan Average, Malawi, MWI
265.888, 1996, Feb Average, Malawi, MWI
247.538, 1996, Mar Average, Malawi, MWI
67.8658, 1996, Apr Average, Malawi, MWI
48.339, 1996, May Average, Malawi, MWI
3.77052, 1996, Jun Average, Malawi, MWI
4.59377, 1996, Jul Average, Malawi, MWI
0.86492, 1996, Aug Average, Malawi, MWI
2.50487, 1996, Sep Average, Malawi, MWI
7.15362, 1996, Oct Average, Malawi, MWI
24.9141, 1996, Nov Average, Malawi, MWI
218.606, 1996, Dec Average, Malawi, MWI
238.174, 1997, Jan Average, Malawi, MWI
280.298, 1997, Feb Average, Malawi, MWI
117.39, 1997, Mar Average, Malawi, MWI
134.837, 1997, Apr Average, Malawi, MWI
3.88681, 1997, May Average, Malawi, MWI
1.7105, 1997, Jun Average, Malawi, MWI
17.9929, 1997, Jul Average, Malawi, MWI
0.24738, 1997, Aug Average, Malawi, MWI
5.51118, 1997, Sep Average, Malawi, MWI
30.547, 1997, Oct Average, Malawi, MWI
78.842, 1997, Nov Average, Malawi, MWI
272.967, 1997, Dec Average, Malawi, MWI
280.473, 1998, Jan Average, Malawi, MWI
173.418, 1998, Feb Average, Malawi, MWI
109.132, 1998, Mar Average, Malawi, MWI
55.6416, 1998, Apr Average, Malawi, MWI
5.76929, 1998, May Average, Malawi, MWI
0.96528, 1998, Jun Average, Malawi, MWI
2.74243, 1998, Jul Average, Malawi, MWI
4.67626, 1998, Aug Average, Malawi, MWI
1.10235, 1998, Sep Average, Malawi, MWI
15.822, 1998, Oct Average, Malawi, MWI
41.4013, 1998, Nov Average, Malawi, MWI
126.686, 1998, Dec Average, Malawi, MWI
308.548, 1999, Jan Average, Malawi, MWI
224.386, 1999, Feb Average, Malawi, MWI
305.096, 1999, Mar Average, Malawi, MWI
128.539, 1999, Apr Average, Malawi, MWI
17.3611, 1999, May Average, Malawi, MWI
11.9062, 1999, Jun Average, Malawi, MWI
8.03799, 1999, Jul Average, Malawi, MWI
6.48797, 1999, Aug Average, Malawi, MWI
2.49592, 1999, Sep Average, Malawi, MWI
2.47244, 1999, Oct Average, Malawi, MWI
60.5037, 1999, Nov Average, Malawi, MWI
117.73, 1999, Dec Average, Malawi, MWI
212.528, 2000, Jan Average, Malawi, MWI
199.966, 2000, Feb Average, Malawi, MWI
201.535, 2000, Mar Average, Malawi, MWI
63.4879, 2000, Apr Average, Malawi, MWI
11.6383, 2000, May Average, Malawi, MWI
6.63276, 2000, Jun Average, Malawi, MWI
5.5895, 2000, Jul Average, Malawi, MWI
0.98838, 2000, Aug Average, Malawi, MWI
0.32534, 2000, Sep Average, Malawi, MWI
8.41605, 2000, Oct Average, Malawi, MWI
153.378, 2000, Nov Average, Malawi, MWI
233.249, 2000, Dec Average, Malawi, MWI
220.092, 2001, Jan Average, Malawi, MWI
298.969, 2001, Feb Average, Malawi, MWI
258.82, 2001, Mar Average, Malawi, MWI
54.4563, 2001, Apr Average, Malawi, MWI
43.9798, 2001, May Average, Malawi, MWI
3.26176, 2001, Jun Average, Malawi, MWI
1.76905, 2001, Jul Average, Malawi, MWI
1.62999, 2001, Aug Average, Malawi, MWI
1.54539, 2001, Sep Average, Malawi, MWI
7.157, 2001, Oct Average, Malawi, MWI
42.1384, 2001, Nov Average, Malawi, MWI
184.29, 2001, Dec Average, Malawi, MWI
257.918, 2002, Jan Average, Malawi, MWI
132.355, 2002, Feb Average, Malawi, MWI
218.424, 2002, Mar Average, Malawi, MWI
75.8847, 2002, Apr Average, Malawi, MWI
0.9419, 2002, May Average, Malawi, MWI
21.5995, 2002, Jun Average, Malawi, MWI
0.66433, 2002, Jul Average, Malawi, MWI
7.13093, 2002, Aug Average, Malawi, MWI
1.0251, 2002, Sep Average, Malawi, MWI
3.80288, 2002, Oct Average, Malawi, MWI
75.9034, 2002, Nov Average, Malawi, MWI
153.588, 2002, Dec Average, Malawi, MWI
183.608, 2003, Jan Average, Malawi, MWI
217.726, 2003, Feb Average, Malawi, MWI
321.026, 2003, Mar Average, Malawi, MWI
58.017, 2003, Apr Average, Malawi, MWI
15.3201, 2003, May Average, Malawi, MWI
5.05865, 2003, Jun Average, Malawi, MWI
22.9781, 2003, Jul Average, Malawi, MWI
4.0173, 2003, Aug Average, Malawi, MWI
2.05583, 2003, Sep Average, Malawi, MWI
6.95807, 2003, Oct Average, Malawi, MWI
23.1734, 2003, Nov Average, Malawi, MWI
176.661, 2003, Dec Average, Malawi, MWI
267.011, 2004, Jan Average, Malawi, MWI
187.453, 2004, Feb Average, Malawi, MWI
158.567, 2004, Mar Average, Malawi, MWI
168.577, 2004, Apr Average, Malawi, MWI
1.79689, 2004, May Average, Malawi, MWI
13.6542, 2004, Jun Average, Malawi, MWI
0.76949, 2004, Jul Average, Malawi, MWI
12.8887, 2004, Aug Average, Malawi, MWI
1.85855, 2004, Sep Average, Malawi, MWI
16.5467, 2004, Oct Average, Malawi, MWI
64.5788, 2004, Nov Average, Malawi, MWI
249.877, 2004, Dec Average, Malawi, MWI
213.097, 2005, Jan Average, Malawi, MWI
76.1283, 2005, Feb Average, Malawi, MWI
122.775, 2005, Mar Average, Malawi, MWI
41.8598, 2005, Apr Average, Malawi, MWI
20.6748, 2005, May Average, Malawi, MWI
4.0749, 2005, Jun Average, Malawi, MWI
7.30964, 2005, Jul Average, Malawi, MWI
1.7452, 2005, Aug Average, Malawi, MWI
3.24205, 2005, Sep Average, Malawi, MWI
1.91725, 2005, Oct Average, Malawi, MWI
85.8275, 2005, Nov Average, Malawi, MWI
162.943, 2005, Dec Average, Malawi, MWI
81.2494, 2006, Jan Average, Malawi, MWI
50.9008, 2006, Feb Average, Malawi, MWI
254.268, 2006, Mar Average, Malawi, MWI
136.509, 2006, Apr Average, Malawi, MWI
30.6161, 2006, May Average, Malawi, MWI
1.33911, 2006, Jun Average, Malawi, MWI
4.11563, 2006, Jul Average, Malawi, MWI
0.29338, 2006, Aug Average, Malawi, MWI
2.53019, 2006, Sep Average, Malawi, MWI
13.3652, 2006, Oct Average, Malawi, MWI
96.5183, 2006, Nov Average, Malawi, MWI
278.164, 2006, Dec Average, Malawi, MWI
331.735, 2007, Jan Average, Malawi, MWI
192.385, 2007, Feb Average, Malawi, MWI
135.386, 2007, Mar Average, Malawi, MWI
61.6295, 2007, Apr Average, Malawi, MWI
9.34501, 2007, May Average, Malawi, MWI
2.40475, 2007, Jun Average, Malawi, MWI
4.66873, 2007, Jul Average, Malawi, MWI
4.59534, 2007, Aug Average, Malawi, MWI
0.87993, 2007, Sep Average, Malawi, MWI
34.3937, 2007, Oct Average, Malawi, MWI
46.1335, 2007, Nov Average, Malawi, MWI
247.63, 2007, Dec Average, Malawi, MWI
248.056, 2008, Jan Average, Malawi, MWI
210.901, 2008, Feb Average, Malawi, MWI
182.417, 2008, Mar Average, Malawi, MWI
48.4579, 2008, Apr Average, Malawi, MWI
23.7626, 2008, May Average, Malawi, MWI
1.20381, 2008, Jun Average, Malawi, MWI
2.97673, 2008, Jul Average, Malawi, MWI
2.84884, 2008, Aug Average, Malawi, MWI
6.34212, 2008, Sep Average, Malawi, MWI
19.1909, 2008, Oct Average, Malawi, MWI
49.0448, 2008, Nov Average, Malawi, MWI
255.003, 2008, Dec Average, Malawi, MWI
264.955, 2009, Jan Average, Malawi, MWI
205.346, 2009, Feb Average, Malawi, MWI
223.103, 2009, Mar Average, Malawi, MWI
72.4102, 2009, Apr Average, Malawi, MWI
9.86167, 2009, May Average, Malawi, MWI
0.38582, 2009, Jun Average, Malawi, MWI
3.83679, 2009, Jul Average, Malawi, MWI
0.83266, 2009, Aug Average, Malawi, MWI
2.82918, 2009, Sep Average, Malawi, MWI
9.39536, 2009, Oct Average, Malawi, MWI
90.1135, 2009, Nov Average, Malawi, MWI
210.416, 2009, Dec Average, Malawi, MWI
199.426, 2010, Jan Average, Malawi, MWI
216.016, 2010, Feb Average, Malawi, MWI
149.421, 2010, Mar Average, Malawi, MWI
94.021, 2010, Apr Average, Malawi, MWI
18.4151, 2010, May Average, Malawi, MWI
19.9369, 2010, Jun Average, Malawi, MWI
11.1712, 2010, Jul Average, Malawi, MWI
6.62035, 2010, Aug Average, Malawi, MWI
0.14191, 2010, Sep Average, Malawi, MWI
6.76495, 2010, Oct Average, Malawi, MWI
13.696, 2010, Nov Average, Malawi, MWI
139.364, 2010, Dec Average, Malawi, MWI
207.524, 2011, Jan Average, Malawi, MWI
338.862, 2011, Feb Average, Malawi, MWI
211.277, 2011, Mar Average, Malawi, MWI
117.876, 2011, Apr Average, Malawi, MWI
30.4562, 2011, May Average, Malawi, MWI
4.71684, 2011, Jun Average, Malawi, MWI
11.4311, 2011, Jul Average, Malawi, MWI
1.50318, 2011, Aug Average, Malawi, MWI
5.08158, 2011, Sep Average, Malawi, MWI
20.0813, 2011, Oct Average, Malawi, MWI
51.0758, 2011, Nov Average, Malawi, MWI
145.58, 2011, Dec Average, Malawi, MWI
302.646, 2012, Jan Average, Malawi, MWI
159.413, 2012, Feb Average, Malawi, MWI
208.925, 2012, Mar Average, Malawi, MWI
41.7607, 2012, Apr Average, Malawi, MWI
25.518, 2012, May Average, Malawi, MWI
5.81387, 2012, Jun Average, Malawi, MWI
0.54192, 2012, Jul Average, Malawi, MWI
1.01382, 2012, Aug Average, Malawi, MWI
2.13059, 2012, Sep Average, Malawi, MWI
9.07664, 2012, Oct Average, Malawi, MWI
34.762, 2012, Nov Average, Malawi, MWI
204.278, 2012, Dec Average, Malawi, MWI
269.122, 2013, Jan Average, Malawi, MWI
206.368, 2013, Feb Average, Malawi, MWI
172.019, 2013, Mar Average, Malawi, MWI
71.3991, 2013, Apr Average, Malawi, MWI
56.4076, 2013, May Average, Malawi, MWI
3.28935, 2013, Jun Average, Malawi, MWI
2.05144, 2013, Jul Average, Malawi, MWI
0.4343, 2013, Aug Average, Malawi, MWI
0.38669, 2013, Sep Average, Malawi, MWI
30.431, 2013, Oct Average, Malawi, MWI
53.3758, 2013, Nov Average, Malawi, MWI
201.918, 2013, Dec Average, Malawi, MWI
229.361, 2014, Jan Average, Malawi, MWI
259.38, 2014, Feb Average, Malawi, MWI
133.205, 2014, Mar Average, Malawi, MWI
134.233, 2014, Apr Average, Malawi, MWI
20.137, 2014, May Average, Malawi, MWI
11.6585, 2014, Jun Average, Malawi, MWI
4.85214, 2014, Jul Average, Malawi, MWI
3.32855, 2014, Aug Average, Malawi, MWI
5.74426, 2014, Sep Average, Malawi, MWI
26.4124, 2014, Oct Average, Malawi, MWI
74.1308, 2014, Nov Average, Malawi, MWI
169.618, 2014, Dec Average, Malawi, MWI
242.568, 2015, Jan Average, Malawi, MWI
109.528, 2015, Feb Average, Malawi, MWI
174.826, 2015, Mar Average, Malawi, MWI
47.9602, 2015, Apr Average, Malawi, MWI
1.63884, 2015, May Average, Malawi, MWI
4.99043, 2015, Jun Average, Malawi, MWI
3.43926, 2015, Jul Average, Malawi, MWI
0.22658, 2015, Aug Average, Malawi, MWI
1.25508, 2015, Sep Average, Malawi, MWI
6.08335, 2015, Oct Average, Malawi, MWI
33.5891, 2015, Nov Average, Malawi, MWI
195.556, 2015, Dec Average, Malawi, MWI
275.46, 2016, Jan Average, Malawi, MWI
165.575, 2016, Feb Average, Malawi, MWI
140.966, 2016, Mar Average, Malawi, MWI
102.943, 2016, Apr Average, Malawi, MWI
9.7434, 2016, May Average, Malawi, MWI
5.70071, 2016, Jun Average, Malawi, MWI
4.52577, 2016, Jul Average, Malawi, MWI
0.51049, 2016, Aug Average, Malawi, MWI
1.05029, 2016, Sep Average, Malawi, MWI
8.06094, 2016, Oct Average, Malawi, MWI
22.495, 2016, Nov Average, Malawi, MWI
176.92, 2016, Dec Average, Malawi, MWI
