45.4687, 1901, Jan Average, Argentina, ARG
48.5075, 1901, Feb Average, Argentina, ARG
39.907, 1901, Mar Average, Argentina, ARG
28.0287, 1901, Apr Average, Argentina, ARG
34.5637, 1901, May Average, Argentina, ARG
34.7822, 1901, Jun Average, Argentina, ARG
15.5378, 1901, Jul Average, Argentina, ARG
27.421, 1901, Aug Average, Argentina, ARG
25.7506, 1901, Sep Average, Argentina, ARG
37.0246, 1901, Oct Average, Argentina, ARG
52.4583, 1901, Nov Average, Argentina, ARG
25.4961, 1901, Dec Average, Argentina, ARG
56.8887, 1902, Jan Average, Argentina, ARG
42.8988, 1902, Feb Average, Argentina, ARG
62.2297, 1902, Mar Average, Argentina, ARG
29.2788, 1902, Apr Average, Argentina, ARG
59.5791, 1902, May Average, Argentina, ARG
28.7785, 1902, Jun Average, Argentina, ARG
25.5044, 1902, Jul Average, Argentina, ARG
10.4594, 1902, Aug Average, Argentina, ARG
18.2464, 1902, Sep Average, Argentina, ARG
30.036, 1902, Oct Average, Argentina, ARG
48.5034, 1902, Nov Average, Argentina, ARG
67.8403, 1902, Dec Average, Argentina, ARG
45.636, 1903, Jan Average, Argentina, ARG
64.4302, 1903, Feb Average, Argentina, ARG
60.5901, 1903, Mar Average, Argentina, ARG
60.8629, 1903, Apr Average, Argentina, ARG
27.1949, 1903, May Average, Argentina, ARG
35.1976, 1903, Jun Average, Argentina, ARG
19.6148, 1903, Jul Average, Argentina, ARG
24.8784, 1903, Aug Average, Argentina, ARG
21.732, 1903, Sep Average, Argentina, ARG
36.0033, 1903, Oct Average, Argentina, ARG
48.9294, 1903, Nov Average, Argentina, ARG
79.9663, 1903, Dec Average, Argentina, ARG
50.8685, 1904, Jan Average, Argentina, ARG
56.0412, 1904, Feb Average, Argentina, ARG
84.4156, 1904, Mar Average, Argentina, ARG
41.3623, 1904, Apr Average, Argentina, ARG
28.8345, 1904, May Average, Argentina, ARG
25.6729, 1904, Jun Average, Argentina, ARG
43.1329, 1904, Jul Average, Argentina, ARG
23.8633, 1904, Aug Average, Argentina, ARG
34.9658, 1904, Sep Average, Argentina, ARG
51.9745, 1904, Oct Average, Argentina, ARG
57.2162, 1904, Nov Average, Argentina, ARG
50.6054, 1904, Dec Average, Argentina, ARG
35.9577, 1905, Jan Average, Argentina, ARG
41.085, 1905, Feb Average, Argentina, ARG
74.8163, 1905, Mar Average, Argentina, ARG
41.5762, 1905, Apr Average, Argentina, ARG
52.128, 1905, May Average, Argentina, ARG
28.3959, 1905, Jun Average, Argentina, ARG
28.4143, 1905, Jul Average, Argentina, ARG
22.7207, 1905, Aug Average, Argentina, ARG
28.5856, 1905, Sep Average, Argentina, ARG
72.2091, 1905, Oct Average, Argentina, ARG
35.5714, 1905, Nov Average, Argentina, ARG
61.1366, 1905, Dec Average, Argentina, ARG
62.3437, 1906, Jan Average, Argentina, ARG
30.9143, 1906, Feb Average, Argentina, ARG
37.3574, 1906, Mar Average, Argentina, ARG
41.5139, 1906, Apr Average, Argentina, ARG
21.9309, 1906, May Average, Argentina, ARG
25.096, 1906, Jun Average, Argentina, ARG
31.1805, 1906, Jul Average, Argentina, ARG
24.0528, 1906, Aug Average, Argentina, ARG
18.1837, 1906, Sep Average, Argentina, ARG
39.3663, 1906, Oct Average, Argentina, ARG
39.5489, 1906, Nov Average, Argentina, ARG
38.4831, 1906, Dec Average, Argentina, ARG
48.5871, 1907, Jan Average, Argentina, ARG
44.9963, 1907, Feb Average, Argentina, ARG
70.8256, 1907, Mar Average, Argentina, ARG
52.4692, 1907, Apr Average, Argentina, ARG
21.7548, 1907, May Average, Argentina, ARG
24.6758, 1907, Jun Average, Argentina, ARG
14.7316, 1907, Jul Average, Argentina, ARG
19.7726, 1907, Aug Average, Argentina, ARG
32.7602, 1907, Sep Average, Argentina, ARG
31.5307, 1907, Oct Average, Argentina, ARG
38.8301, 1907, Nov Average, Argentina, ARG
62.5517, 1907, Dec Average, Argentina, ARG
41.6453, 1908, Jan Average, Argentina, ARG
33.2172, 1908, Feb Average, Argentina, ARG
49.0853, 1908, Mar Average, Argentina, ARG
44.7465, 1908, Apr Average, Argentina, ARG
48.891, 1908, May Average, Argentina, ARG
24.1434, 1908, Jun Average, Argentina, ARG
23.7316, 1908, Jul Average, Argentina, ARG
13.9614, 1908, Aug Average, Argentina, ARG
29.2924, 1908, Sep Average, Argentina, ARG
42.7287, 1908, Oct Average, Argentina, ARG
41.9629, 1908, Nov Average, Argentina, ARG
52.9853, 1908, Dec Average, Argentina, ARG
36.6888, 1909, Jan Average, Argentina, ARG
59.6026, 1909, Feb Average, Argentina, ARG
21.9359, 1909, Mar Average, Argentina, ARG
37.4124, 1909, Apr Average, Argentina, ARG
15.6574, 1909, May Average, Argentina, ARG
18.1673, 1909, Jun Average, Argentina, ARG
17.0131, 1909, Jul Average, Argentina, ARG
19.664, 1909, Aug Average, Argentina, ARG
44.1567, 1909, Sep Average, Argentina, ARG
36.5803, 1909, Oct Average, Argentina, ARG
39.3064, 1909, Nov Average, Argentina, ARG
39.5311, 1909, Dec Average, Argentina, ARG
62.2988, 1910, Jan Average, Argentina, ARG
48.9233, 1910, Feb Average, Argentina, ARG
64.1393, 1910, Mar Average, Argentina, ARG
48.601, 1910, Apr Average, Argentina, ARG
25.9713, 1910, May Average, Argentina, ARG
25.0996, 1910, Jun Average, Argentina, ARG
14.6102, 1910, Jul Average, Argentina, ARG
16.3622, 1910, Aug Average, Argentina, ARG
22.2043, 1910, Sep Average, Argentina, ARG
34.6037, 1910, Oct Average, Argentina, ARG
32.5401, 1910, Nov Average, Argentina, ARG
40.5229, 1910, Dec Average, Argentina, ARG
47.968, 1911, Jan Average, Argentina, ARG
61.4371, 1911, Feb Average, Argentina, ARG
33.2689, 1911, Mar Average, Argentina, ARG
35.9149, 1911, Apr Average, Argentina, ARG
57.3366, 1911, May Average, Argentina, ARG
13.0738, 1911, Jun Average, Argentina, ARG
22.8117, 1911, Jul Average, Argentina, ARG
22.7978, 1911, Aug Average, Argentina, ARG
25.789, 1911, Sep Average, Argentina, ARG
47.357, 1911, Oct Average, Argentina, ARG
60.6665, 1911, Nov Average, Argentina, ARG
82.9194, 1911, Dec Average, Argentina, ARG
66.2345, 1912, Jan Average, Argentina, ARG
60.4254, 1912, Feb Average, Argentina, ARG
42.7691, 1912, Mar Average, Argentina, ARG
52.9966, 1912, Apr Average, Argentina, ARG
40.5869, 1912, May Average, Argentina, ARG
30.6682, 1912, Jun Average, Argentina, ARG
16.1788, 1912, Jul Average, Argentina, ARG
23.785, 1912, Aug Average, Argentina, ARG
17.6058, 1912, Sep Average, Argentina, ARG
39.8225, 1912, Oct Average, Argentina, ARG
57.0419, 1912, Nov Average, Argentina, ARG
62.5149, 1912, Dec Average, Argentina, ARG
29.6364, 1913, Jan Average, Argentina, ARG
56.0909, 1913, Feb Average, Argentina, ARG
62.4636, 1913, Mar Average, Argentina, ARG
55.8585, 1913, Apr Average, Argentina, ARG
45.9186, 1913, May Average, Argentina, ARG
19.8564, 1913, Jun Average, Argentina, ARG
25.9407, 1913, Jul Average, Argentina, ARG
37.7536, 1913, Aug Average, Argentina, ARG
31.6562, 1913, Sep Average, Argentina, ARG
43.0876, 1913, Oct Average, Argentina, ARG
58.0496, 1913, Nov Average, Argentina, ARG
37.7232, 1913, Dec Average, Argentina, ARG
58.4119, 1914, Jan Average, Argentina, ARG
57.9287, 1914, Feb Average, Argentina, ARG
61.8532, 1914, Mar Average, Argentina, ARG
76.2319, 1914, Apr Average, Argentina, ARG
54.6746, 1914, May Average, Argentina, ARG
40.7306, 1914, Jun Average, Argentina, ARG
43.4569, 1914, Jul Average, Argentina, ARG
32.5834, 1914, Aug Average, Argentina, ARG
29.8205, 1914, Sep Average, Argentina, ARG
68.1441, 1914, Oct Average, Argentina, ARG
66.5572, 1914, Nov Average, Argentina, ARG
69.3103, 1914, Dec Average, Argentina, ARG
68.5297, 1915, Jan Average, Argentina, ARG
74.2927, 1915, Feb Average, Argentina, ARG
56.3039, 1915, Mar Average, Argentina, ARG
66.8158, 1915, Apr Average, Argentina, ARG
43.8595, 1915, May Average, Argentina, ARG
15.5444, 1915, Jun Average, Argentina, ARG
20.9279, 1915, Jul Average, Argentina, ARG
16.5823, 1915, Aug Average, Argentina, ARG
20.3608, 1915, Sep Average, Argentina, ARG
50.5417, 1915, Oct Average, Argentina, ARG
36.1982, 1915, Nov Average, Argentina, ARG
56.8941, 1915, Dec Average, Argentina, ARG
41.3031, 1916, Jan Average, Argentina, ARG
49.6566, 1916, Feb Average, Argentina, ARG
34.5807, 1916, Mar Average, Argentina, ARG
46.2306, 1916, Apr Average, Argentina, ARG
40.9365, 1916, May Average, Argentina, ARG
12.9421, 1916, Jun Average, Argentina, ARG
13.5901, 1916, Jul Average, Argentina, ARG
22.1954, 1916, Aug Average, Argentina, ARG
15.0592, 1916, Sep Average, Argentina, ARG
13.5577, 1916, Oct Average, Argentina, ARG
26.0796, 1916, Nov Average, Argentina, ARG
54.4879, 1916, Dec Average, Argentina, ARG
36.6772, 1917, Jan Average, Argentina, ARG
69.1083, 1917, Feb Average, Argentina, ARG
45.0255, 1917, Mar Average, Argentina, ARG
49.188, 1917, Apr Average, Argentina, ARG
13.5193, 1917, May Average, Argentina, ARG
29.2273, 1917, Jun Average, Argentina, ARG
25.688, 1917, Jul Average, Argentina, ARG
10.1845, 1917, Aug Average, Argentina, ARG
35.4016, 1917, Sep Average, Argentina, ARG
32.3813, 1917, Oct Average, Argentina, ARG
25.0688, 1917, Nov Average, Argentina, ARG
33.8553, 1917, Dec Average, Argentina, ARG
75.6742, 1918, Jan Average, Argentina, ARG
59.671, 1918, Feb Average, Argentina, ARG
79.6457, 1918, Mar Average, Argentina, ARG
39.3566, 1918, Apr Average, Argentina, ARG
40.5123, 1918, May Average, Argentina, ARG
37.995, 1918, Jun Average, Argentina, ARG
14.3187, 1918, Jul Average, Argentina, ARG
16.3344, 1918, Aug Average, Argentina, ARG
37.6643, 1918, Sep Average, Argentina, ARG
53.4051, 1918, Oct Average, Argentina, ARG
77.8063, 1918, Nov Average, Argentina, ARG
62.8761, 1918, Dec Average, Argentina, ARG
55.901, 1919, Jan Average, Argentina, ARG
60.8005, 1919, Feb Average, Argentina, ARG
95.3797, 1919, Mar Average, Argentina, ARG
51.4695, 1919, Apr Average, Argentina, ARG
62.2826, 1919, May Average, Argentina, ARG
42.0935, 1919, Jun Average, Argentina, ARG
44.0443, 1919, Jul Average, Argentina, ARG
12.0418, 1919, Aug Average, Argentina, ARG
31.3974, 1919, Sep Average, Argentina, ARG
50.5695, 1919, Oct Average, Argentina, ARG
54.8425, 1919, Nov Average, Argentina, ARG
76.5698, 1919, Dec Average, Argentina, ARG
68.1276, 1920, Jan Average, Argentina, ARG
68.725, 1920, Feb Average, Argentina, ARG
60.9067, 1920, Mar Average, Argentina, ARG
39.2763, 1920, Apr Average, Argentina, ARG
30.4346, 1920, May Average, Argentina, ARG
27.1525, 1920, Jun Average, Argentina, ARG
19.5069, 1920, Jul Average, Argentina, ARG
21.938, 1920, Aug Average, Argentina, ARG
25.3955, 1920, Sep Average, Argentina, ARG
52.8378, 1920, Oct Average, Argentina, ARG
58.2137, 1920, Nov Average, Argentina, ARG
69.4299, 1920, Dec Average, Argentina, ARG
74.1759, 1921, Jan Average, Argentina, ARG
70.5175, 1921, Feb Average, Argentina, ARG
84.0555, 1921, Mar Average, Argentina, ARG
30.08, 1921, Apr Average, Argentina, ARG
26.6392, 1921, May Average, Argentina, ARG
22.052, 1921, Jun Average, Argentina, ARG
10.8906, 1921, Jul Average, Argentina, ARG
20.3527, 1921, Aug Average, Argentina, ARG
36.0179, 1921, Sep Average, Argentina, ARG
66.1522, 1921, Oct Average, Argentina, ARG
25.0545, 1921, Nov Average, Argentina, ARG
67.7346, 1921, Dec Average, Argentina, ARG
64.2046, 1922, Jan Average, Argentina, ARG
49.4059, 1922, Feb Average, Argentina, ARG
52.4808, 1922, Mar Average, Argentina, ARG
41.1115, 1922, Apr Average, Argentina, ARG
45.9651, 1922, May Average, Argentina, ARG
50.2666, 1922, Jun Average, Argentina, ARG
36.7286, 1922, Jul Average, Argentina, ARG
37.416, 1922, Aug Average, Argentina, ARG
28.197, 1922, Sep Average, Argentina, ARG
44.6188, 1922, Oct Average, Argentina, ARG
43.0325, 1922, Nov Average, Argentina, ARG
55.8652, 1922, Dec Average, Argentina, ARG
57.5722, 1923, Jan Average, Argentina, ARG
54.4094, 1923, Feb Average, Argentina, ARG
54.8515, 1923, Mar Average, Argentina, ARG
42.5626, 1923, Apr Average, Argentina, ARG
26.327, 1923, May Average, Argentina, ARG
31.1626, 1923, Jun Average, Argentina, ARG
18.1474, 1923, Jul Average, Argentina, ARG
39.2059, 1923, Aug Average, Argentina, ARG
32.2721, 1923, Sep Average, Argentina, ARG
55.5628, 1923, Oct Average, Argentina, ARG
50.6452, 1923, Nov Average, Argentina, ARG
66.6376, 1923, Dec Average, Argentina, ARG
44.7537, 1924, Jan Average, Argentina, ARG
42.8538, 1924, Feb Average, Argentina, ARG
58.6137, 1924, Mar Average, Argentina, ARG
39.3919, 1924, Apr Average, Argentina, ARG
22.0786, 1924, May Average, Argentina, ARG
26.6854, 1924, Jun Average, Argentina, ARG
20.2145, 1924, Jul Average, Argentina, ARG
9.30879, 1924, Aug Average, Argentina, ARG
24.839, 1924, Sep Average, Argentina, ARG
22.4071, 1924, Oct Average, Argentina, ARG
26.5041, 1924, Nov Average, Argentina, ARG
49.1259, 1924, Dec Average, Argentina, ARG
51.1281, 1925, Jan Average, Argentina, ARG
73.527, 1925, Feb Average, Argentina, ARG
50.2687, 1925, Mar Average, Argentina, ARG
47.5354, 1925, Apr Average, Argentina, ARG
52.303, 1925, May Average, Argentina, ARG
13.6424, 1925, Jun Average, Argentina, ARG
33.8627, 1925, Jul Average, Argentina, ARG
16.1404, 1925, Aug Average, Argentina, ARG
41.0684, 1925, Sep Average, Argentina, ARG
37.6303, 1925, Oct Average, Argentina, ARG
56.6577, 1925, Nov Average, Argentina, ARG
60.626, 1925, Dec Average, Argentina, ARG
61.1798, 1926, Jan Average, Argentina, ARG
46.4196, 1926, Feb Average, Argentina, ARG
73.4667, 1926, Mar Average, Argentina, ARG
35.8755, 1926, Apr Average, Argentina, ARG
43.4432, 1926, May Average, Argentina, ARG
29.7616, 1926, Jun Average, Argentina, ARG
31.3665, 1926, Jul Average, Argentina, ARG
31.2138, 1926, Aug Average, Argentina, ARG
15.7939, 1926, Sep Average, Argentina, ARG
38.5621, 1926, Oct Average, Argentina, ARG
71.3566, 1926, Nov Average, Argentina, ARG
66.4958, 1926, Dec Average, Argentina, ARG
69.3985, 1927, Jan Average, Argentina, ARG
34.1818, 1927, Feb Average, Argentina, ARG
65.4376, 1927, Mar Average, Argentina, ARG
34.6929, 1927, Apr Average, Argentina, ARG
24.2532, 1927, May Average, Argentina, ARG
25.8463, 1927, Jun Average, Argentina, ARG
20.5694, 1927, Jul Average, Argentina, ARG
17.9408, 1927, Aug Average, Argentina, ARG
36.6373, 1927, Sep Average, Argentina, ARG
34.3016, 1927, Oct Average, Argentina, ARG
51.9051, 1927, Nov Average, Argentina, ARG
52.3276, 1927, Dec Average, Argentina, ARG
56.4187, 1928, Jan Average, Argentina, ARG
54.9992, 1928, Feb Average, Argentina, ARG
45.731, 1928, Mar Average, Argentina, ARG
55.9358, 1928, Apr Average, Argentina, ARG
51.6106, 1928, May Average, Argentina, ARG
21.4537, 1928, Jun Average, Argentina, ARG
25.6966, 1928, Jul Average, Argentina, ARG
16.127, 1928, Aug Average, Argentina, ARG
38.1414, 1928, Sep Average, Argentina, ARG
52.1738, 1928, Oct Average, Argentina, ARG
54.2517, 1928, Nov Average, Argentina, ARG
51.3045, 1928, Dec Average, Argentina, ARG
53.2083, 1929, Jan Average, Argentina, ARG
39.5846, 1929, Feb Average, Argentina, ARG
42.9275, 1929, Mar Average, Argentina, ARG
28.345, 1929, Apr Average, Argentina, ARG
17.2217, 1929, May Average, Argentina, ARG
30.8559, 1929, Jun Average, Argentina, ARG
19.4723, 1929, Jul Average, Argentina, ARG
17.8267, 1929, Aug Average, Argentina, ARG
34.992, 1929, Sep Average, Argentina, ARG
56.7482, 1929, Oct Average, Argentina, ARG
32.0015, 1929, Nov Average, Argentina, ARG
47.6316, 1929, Dec Average, Argentina, ARG
54.8486, 1930, Jan Average, Argentina, ARG
56.5062, 1930, Feb Average, Argentina, ARG
52.2939, 1930, Mar Average, Argentina, ARG
56.0357, 1930, Apr Average, Argentina, ARG
49.7895, 1930, May Average, Argentina, ARG
35.5786, 1930, Jun Average, Argentina, ARG
20.5367, 1930, Jul Average, Argentina, ARG
33.8629, 1930, Aug Average, Argentina, ARG
21.4011, 1930, Sep Average, Argentina, ARG
39.7007, 1930, Oct Average, Argentina, ARG
53.8135, 1930, Nov Average, Argentina, ARG
83.2435, 1930, Dec Average, Argentina, ARG
115.509, 1931, Jan Average, Argentina, ARG
55.2541, 1931, Feb Average, Argentina, ARG
46.6131, 1931, Mar Average, Argentina, ARG
40.002, 1931, Apr Average, Argentina, ARG
23.7031, 1931, May Average, Argentina, ARG
19.2821, 1931, Jun Average, Argentina, ARG
26.1131, 1931, Jul Average, Argentina, ARG
31.1398, 1931, Aug Average, Argentina, ARG
18.4062, 1931, Sep Average, Argentina, ARG
54.4889, 1931, Oct Average, Argentina, ARG
48.3459, 1931, Nov Average, Argentina, ARG
61.6395, 1931, Dec Average, Argentina, ARG
45.397, 1932, Jan Average, Argentina, ARG
58.5055, 1932, Feb Average, Argentina, ARG
73.9295, 1932, Mar Average, Argentina, ARG
55.6615, 1932, Apr Average, Argentina, ARG
35.7018, 1932, May Average, Argentina, ARG
29.5709, 1932, Jun Average, Argentina, ARG
39.0215, 1932, Jul Average, Argentina, ARG
32.827, 1932, Aug Average, Argentina, ARG
29.1255, 1932, Sep Average, Argentina, ARG
54.8258, 1932, Oct Average, Argentina, ARG
53.4959, 1932, Nov Average, Argentina, ARG
53.8486, 1932, Dec Average, Argentina, ARG
61.7351, 1933, Jan Average, Argentina, ARG
60.3265, 1933, Feb Average, Argentina, ARG
70.3415, 1933, Mar Average, Argentina, ARG
39.9284, 1933, Apr Average, Argentina, ARG
43.7432, 1933, May Average, Argentina, ARG
18.1868, 1933, Jun Average, Argentina, ARG
10.7629, 1933, Jul Average, Argentina, ARG
15.1629, 1933, Aug Average, Argentina, ARG
36.0494, 1933, Sep Average, Argentina, ARG
52.0273, 1933, Oct Average, Argentina, ARG
27.6982, 1933, Nov Average, Argentina, ARG
51.1871, 1933, Dec Average, Argentina, ARG
37.9392, 1934, Jan Average, Argentina, ARG
40.0311, 1934, Feb Average, Argentina, ARG
78.6761, 1934, Mar Average, Argentina, ARG
22.356, 1934, Apr Average, Argentina, ARG
33.7952, 1934, May Average, Argentina, ARG
36.0674, 1934, Jun Average, Argentina, ARG
25.7857, 1934, Jul Average, Argentina, ARG
19.8998, 1934, Aug Average, Argentina, ARG
42.8255, 1934, Sep Average, Argentina, ARG
47.5215, 1934, Oct Average, Argentina, ARG
74.8249, 1934, Nov Average, Argentina, ARG
60.4253, 1934, Dec Average, Argentina, ARG
39.3355, 1935, Jan Average, Argentina, ARG
47.6181, 1935, Feb Average, Argentina, ARG
49.2685, 1935, Mar Average, Argentina, ARG
20.6234, 1935, Apr Average, Argentina, ARG
26.1209, 1935, May Average, Argentina, ARG
29.5256, 1935, Jun Average, Argentina, ARG
17.4274, 1935, Jul Average, Argentina, ARG
20.9415, 1935, Aug Average, Argentina, ARG
14.8748, 1935, Sep Average, Argentina, ARG
45.557, 1935, Oct Average, Argentina, ARG
54.6396, 1935, Nov Average, Argentina, ARG
82.7693, 1935, Dec Average, Argentina, ARG
60.153, 1936, Jan Average, Argentina, ARG
41.8259, 1936, Feb Average, Argentina, ARG
41.6873, 1936, Mar Average, Argentina, ARG
52.7436, 1936, Apr Average, Argentina, ARG
38.8935, 1936, May Average, Argentina, ARG
37.3929, 1936, Jun Average, Argentina, ARG
25.8891, 1936, Jul Average, Argentina, ARG
15.6259, 1936, Aug Average, Argentina, ARG
18.5141, 1936, Sep Average, Argentina, ARG
38.4992, 1936, Oct Average, Argentina, ARG
31.5341, 1936, Nov Average, Argentina, ARG
62.8533, 1936, Dec Average, Argentina, ARG
30.8456, 1937, Jan Average, Argentina, ARG
49.8456, 1937, Feb Average, Argentina, ARG
50.4603, 1937, Mar Average, Argentina, ARG
29.1798, 1937, Apr Average, Argentina, ARG
30.7633, 1937, May Average, Argentina, ARG
29.0894, 1937, Jun Average, Argentina, ARG
18.5297, 1937, Jul Average, Argentina, ARG
25.4974, 1937, Aug Average, Argentina, ARG
25.9222, 1937, Sep Average, Argentina, ARG
24.8973, 1937, Oct Average, Argentina, ARG
32.2416, 1937, Nov Average, Argentina, ARG
34.6434, 1937, Dec Average, Argentina, ARG
62.7109, 1938, Jan Average, Argentina, ARG
55.9106, 1938, Feb Average, Argentina, ARG
74.7711, 1938, Mar Average, Argentina, ARG
50.8136, 1938, Apr Average, Argentina, ARG
49.0415, 1938, May Average, Argentina, ARG
27.5376, 1938, Jun Average, Argentina, ARG
23.5219, 1938, Jul Average, Argentina, ARG
16.1801, 1938, Aug Average, Argentina, ARG
19.0199, 1938, Sep Average, Argentina, ARG
34.579, 1938, Oct Average, Argentina, ARG
43.5483, 1938, Nov Average, Argentina, ARG
21.0452, 1938, Dec Average, Argentina, ARG
70.6778, 1939, Jan Average, Argentina, ARG
65.7702, 1939, Feb Average, Argentina, ARG
71.5281, 1939, Mar Average, Argentina, ARG
28.8981, 1939, Apr Average, Argentina, ARG
43.8483, 1939, May Average, Argentina, ARG
36.1302, 1939, Jun Average, Argentina, ARG
17.2094, 1939, Jul Average, Argentina, ARG
30.2907, 1939, Aug Average, Argentina, ARG
45.5614, 1939, Sep Average, Argentina, ARG
87.8994, 1939, Oct Average, Argentina, ARG
38.5889, 1939, Nov Average, Argentina, ARG
74.5624, 1939, Dec Average, Argentina, ARG
60.9522, 1940, Jan Average, Argentina, ARG
57.259, 1940, Feb Average, Argentina, ARG
50.1409, 1940, Mar Average, Argentina, ARG
52.2527, 1940, Apr Average, Argentina, ARG
54.4883, 1940, May Average, Argentina, ARG
54.6624, 1940, Jun Average, Argentina, ARG
43.0471, 1940, Jul Average, Argentina, ARG
27.1183, 1940, Aug Average, Argentina, ARG
34.5695, 1940, Sep Average, Argentina, ARG
40.6561, 1940, Oct Average, Argentina, ARG
62.3888, 1940, Nov Average, Argentina, ARG
97.3466, 1940, Dec Average, Argentina, ARG
49.5758, 1941, Jan Average, Argentina, ARG
62.9245, 1941, Feb Average, Argentina, ARG
69.2274, 1941, Mar Average, Argentina, ARG
54.7182, 1941, Apr Average, Argentina, ARG
45.3762, 1941, May Average, Argentina, ARG
22.912, 1941, Jun Average, Argentina, ARG
37.7597, 1941, Jul Average, Argentina, ARG
40.7195, 1941, Aug Average, Argentina, ARG
8.88445, 1941, Sep Average, Argentina, ARG
29.7347, 1941, Oct Average, Argentina, ARG
60.4058, 1941, Nov Average, Argentina, ARG
54.0253, 1941, Dec Average, Argentina, ARG
56.552, 1942, Jan Average, Argentina, ARG
71.5755, 1942, Feb Average, Argentina, ARG
55.9664, 1942, Mar Average, Argentina, ARG
41.7418, 1942, Apr Average, Argentina, ARG
35.292, 1942, May Average, Argentina, ARG
32.0309, 1942, Jun Average, Argentina, ARG
14.8266, 1942, Jul Average, Argentina, ARG
35.6571, 1942, Aug Average, Argentina, ARG
20.4585, 1942, Sep Average, Argentina, ARG
31.7466, 1942, Oct Average, Argentina, ARG
40.237, 1942, Nov Average, Argentina, ARG
37.2373, 1942, Dec Average, Argentina, ARG
25.6922, 1943, Jan Average, Argentina, ARG
42.459, 1943, Feb Average, Argentina, ARG
84.3076, 1943, Mar Average, Argentina, ARG
27.9834, 1943, Apr Average, Argentina, ARG
50.9797, 1943, May Average, Argentina, ARG
39.8665, 1943, Jun Average, Argentina, ARG
35.4387, 1943, Jul Average, Argentina, ARG
10.4793, 1943, Aug Average, Argentina, ARG
19.4233, 1943, Sep Average, Argentina, ARG
57.3202, 1943, Oct Average, Argentina, ARG
57.4301, 1943, Nov Average, Argentina, ARG
42.3751, 1943, Dec Average, Argentina, ARG
73.3135, 1944, Jan Average, Argentina, ARG
55.7549, 1944, Feb Average, Argentina, ARG
51.0633, 1944, Mar Average, Argentina, ARG
40.3681, 1944, Apr Average, Argentina, ARG
36.6123, 1944, May Average, Argentina, ARG
27.8981, 1944, Jun Average, Argentina, ARG
14.9902, 1944, Jul Average, Argentina, ARG
22.0217, 1944, Aug Average, Argentina, ARG
26.6605, 1944, Sep Average, Argentina, ARG
74.0836, 1944, Oct Average, Argentina, ARG
36.9741, 1944, Nov Average, Argentina, ARG
29.5056, 1944, Dec Average, Argentina, ARG
49.3809, 1945, Jan Average, Argentina, ARG
76.7668, 1945, Feb Average, Argentina, ARG
65.0262, 1945, Mar Average, Argentina, ARG
39.104, 1945, Apr Average, Argentina, ARG
29.0864, 1945, May Average, Argentina, ARG
11.2312, 1945, Jun Average, Argentina, ARG
22.8947, 1945, Jul Average, Argentina, ARG
27.2595, 1945, Aug Average, Argentina, ARG
42.9973, 1945, Sep Average, Argentina, ARG
38.6104, 1945, Oct Average, Argentina, ARG
45.8602, 1945, Nov Average, Argentina, ARG
59.7802, 1945, Dec Average, Argentina, ARG
59.8767, 1946, Jan Average, Argentina, ARG
57.8472, 1946, Feb Average, Argentina, ARG
70.816, 1946, Mar Average, Argentina, ARG
50.7045, 1946, Apr Average, Argentina, ARG
53.6646, 1946, May Average, Argentina, ARG
33.0888, 1946, Jun Average, Argentina, ARG
32.4975, 1946, Jul Average, Argentina, ARG
19.9832, 1946, Aug Average, Argentina, ARG
34.597, 1946, Sep Average, Argentina, ARG
61.7906, 1946, Oct Average, Argentina, ARG
67.7746, 1946, Nov Average, Argentina, ARG
68.3963, 1946, Dec Average, Argentina, ARG
55.8025, 1947, Jan Average, Argentina, ARG
54.7584, 1947, Feb Average, Argentina, ARG
67.1508, 1947, Mar Average, Argentina, ARG
57.4782, 1947, Apr Average, Argentina, ARG
37.1784, 1947, May Average, Argentina, ARG
35.5998, 1947, Jun Average, Argentina, ARG
20.2126, 1947, Jul Average, Argentina, ARG
15.6817, 1947, Aug Average, Argentina, ARG
28.9362, 1947, Sep Average, Argentina, ARG
38.8846, 1947, Oct Average, Argentina, ARG
38.3441, 1947, Nov Average, Argentina, ARG
26.0913, 1947, Dec Average, Argentina, ARG
63.9088, 1948, Jan Average, Argentina, ARG
55.2949, 1948, Feb Average, Argentina, ARG
66.6331, 1948, Mar Average, Argentina, ARG
42.0395, 1948, Apr Average, Argentina, ARG
43.4468, 1948, May Average, Argentina, ARG
21.2939, 1948, Jun Average, Argentina, ARG
27.5612, 1948, Jul Average, Argentina, ARG
10.3135, 1948, Aug Average, Argentina, ARG
46.6675, 1948, Sep Average, Argentina, ARG
30.9759, 1948, Oct Average, Argentina, ARG
36.6914, 1948, Nov Average, Argentina, ARG
49.4595, 1948, Dec Average, Argentina, ARG
56.1174, 1949, Jan Average, Argentina, ARG
50.7597, 1949, Feb Average, Argentina, ARG
85.7563, 1949, Mar Average, Argentina, ARG
26.8611, 1949, Apr Average, Argentina, ARG
43.4981, 1949, May Average, Argentina, ARG
35.459, 1949, Jun Average, Argentina, ARG
26.6085, 1949, Jul Average, Argentina, ARG
19.409, 1949, Aug Average, Argentina, ARG
28.6443, 1949, Sep Average, Argentina, ARG
35.6541, 1949, Oct Average, Argentina, ARG
44.4669, 1949, Nov Average, Argentina, ARG
54.2168, 1949, Dec Average, Argentina, ARG
39.718, 1950, Jan Average, Argentina, ARG
46.6261, 1950, Feb Average, Argentina, ARG
55.7059, 1950, Mar Average, Argentina, ARG
42.647, 1950, Apr Average, Argentina, ARG
51.2388, 1950, May Average, Argentina, ARG
34.3664, 1950, Jun Average, Argentina, ARG
21.9374, 1950, Jul Average, Argentina, ARG
20.9665, 1950, Aug Average, Argentina, ARG
38.1608, 1950, Sep Average, Argentina, ARG
43.4366, 1950, Oct Average, Argentina, ARG
50.3996, 1950, Nov Average, Argentina, ARG
48.8222, 1950, Dec Average, Argentina, ARG
67.0275, 1951, Jan Average, Argentina, ARG
65.3614, 1951, Feb Average, Argentina, ARG
41.8857, 1951, Mar Average, Argentina, ARG
19.6794, 1951, Apr Average, Argentina, ARG
46.5163, 1951, May Average, Argentina, ARG
29.2587, 1951, Jun Average, Argentina, ARG
16.3247, 1951, Jul Average, Argentina, ARG
18.2401, 1951, Aug Average, Argentina, ARG
18.6704, 1951, Sep Average, Argentina, ARG
34.4636, 1951, Oct Average, Argentina, ARG
64.6963, 1951, Nov Average, Argentina, ARG
68.6781, 1951, Dec Average, Argentina, ARG
52.024, 1952, Jan Average, Argentina, ARG
47.5151, 1952, Feb Average, Argentina, ARG
66.3671, 1952, Mar Average, Argentina, ARG
14.4772, 1952, Apr Average, Argentina, ARG
43.0248, 1952, May Average, Argentina, ARG
32.5065, 1952, Jun Average, Argentina, ARG
27.0177, 1952, Jul Average, Argentina, ARG
27.6837, 1952, Aug Average, Argentina, ARG
29.8754, 1952, Sep Average, Argentina, ARG
58.9946, 1952, Oct Average, Argentina, ARG
46.62, 1952, Nov Average, Argentina, ARG
34.9015, 1952, Dec Average, Argentina, ARG
79.4136, 1953, Jan Average, Argentina, ARG
43.1773, 1953, Feb Average, Argentina, ARG
65.6403, 1953, Mar Average, Argentina, ARG
39.8478, 1953, Apr Average, Argentina, ARG
44.3107, 1953, May Average, Argentina, ARG
33.2513, 1953, Jun Average, Argentina, ARG
16.3837, 1953, Jul Average, Argentina, ARG
21.4991, 1953, Aug Average, Argentina, ARG
35.5443, 1953, Sep Average, Argentina, ARG
52.2807, 1953, Oct Average, Argentina, ARG
59.9445, 1953, Nov Average, Argentina, ARG
61.2103, 1953, Dec Average, Argentina, ARG
64.759, 1954, Jan Average, Argentina, ARG
53.6824, 1954, Feb Average, Argentina, ARG
52.1713, 1954, Mar Average, Argentina, ARG
61.9401, 1954, Apr Average, Argentina, ARG
37.9321, 1954, May Average, Argentina, ARG
45.6164, 1954, Jun Average, Argentina, ARG
28.0817, 1954, Jul Average, Argentina, ARG
22.9517, 1954, Aug Average, Argentina, ARG
24.6649, 1954, Sep Average, Argentina, ARG
44.0941, 1954, Oct Average, Argentina, ARG
34.5103, 1954, Nov Average, Argentina, ARG
45.5236, 1954, Dec Average, Argentina, ARG
53.6129, 1955, Jan Average, Argentina, ARG
85.7171, 1955, Feb Average, Argentina, ARG
64.2794, 1955, Mar Average, Argentina, ARG
52.5913, 1955, Apr Average, Argentina, ARG
34.0226, 1955, May Average, Argentina, ARG
26.7258, 1955, Jun Average, Argentina, ARG
25.7656, 1955, Jul Average, Argentina, ARG
15.8207, 1955, Aug Average, Argentina, ARG
18.4889, 1955, Sep Average, Argentina, ARG
39.1136, 1955, Oct Average, Argentina, ARG
46.5275, 1955, Nov Average, Argentina, ARG
45.0326, 1955, Dec Average, Argentina, ARG
88.6932, 1956, Jan Average, Argentina, ARG
52.6179, 1956, Feb Average, Argentina, ARG
74.3735, 1956, Mar Average, Argentina, ARG
51.2696, 1956, Apr Average, Argentina, ARG
26.1033, 1956, May Average, Argentina, ARG
19.8954, 1956, Jun Average, Argentina, ARG
27.6035, 1956, Jul Average, Argentina, ARG
32.672, 1956, Aug Average, Argentina, ARG
25.912, 1956, Sep Average, Argentina, ARG
84.518, 1956, Oct Average, Argentina, ARG
54.1406, 1956, Nov Average, Argentina, ARG
32.8031, 1956, Dec Average, Argentina, ARG
52.2547, 1957, Jan Average, Argentina, ARG
42.3669, 1957, Feb Average, Argentina, ARG
45.4834, 1957, Mar Average, Argentina, ARG
52.633, 1957, Apr Average, Argentina, ARG
52.097, 1957, May Average, Argentina, ARG
37.5908, 1957, Jun Average, Argentina, ARG
22.547, 1957, Jul Average, Argentina, ARG
21.9875, 1957, Aug Average, Argentina, ARG
27.032, 1957, Sep Average, Argentina, ARG
47.3622, 1957, Oct Average, Argentina, ARG
55.9266, 1957, Nov Average, Argentina, ARG
95.4083, 1957, Dec Average, Argentina, ARG
74.1534, 1958, Jan Average, Argentina, ARG
65.7995, 1958, Feb Average, Argentina, ARG
49.7211, 1958, Mar Average, Argentina, ARG
36.4915, 1958, Apr Average, Argentina, ARG
35.8973, 1958, May Average, Argentina, ARG
21.9483, 1958, Jun Average, Argentina, ARG
44.1147, 1958, Jul Average, Argentina, ARG
24.452, 1958, Aug Average, Argentina, ARG
34.2286, 1958, Sep Average, Argentina, ARG
25.897, 1958, Oct Average, Argentina, ARG
79.125, 1958, Nov Average, Argentina, ARG
80.7837, 1958, Dec Average, Argentina, ARG
69.3405, 1959, Jan Average, Argentina, ARG
65.4364, 1959, Feb Average, Argentina, ARG
71.3272, 1959, Mar Average, Argentina, ARG
65.2385, 1959, Apr Average, Argentina, ARG
43.5528, 1959, May Average, Argentina, ARG
36.5021, 1959, Jun Average, Argentina, ARG
28.4891, 1959, Jul Average, Argentina, ARG
29.7845, 1959, Aug Average, Argentina, ARG
19.8415, 1959, Sep Average, Argentina, ARG
68.5157, 1959, Oct Average, Argentina, ARG
56.2572, 1959, Nov Average, Argentina, ARG
62.2965, 1959, Dec Average, Argentina, ARG
58.9144, 1960, Jan Average, Argentina, ARG
42.2116, 1960, Feb Average, Argentina, ARG
63.9897, 1960, Mar Average, Argentina, ARG
29.9186, 1960, Apr Average, Argentina, ARG
22.84, 1960, May Average, Argentina, ARG
38.1683, 1960, Jun Average, Argentina, ARG
35.6713, 1960, Jul Average, Argentina, ARG
17.9188, 1960, Aug Average, Argentina, ARG
27.6781, 1960, Sep Average, Argentina, ARG
71.7799, 1960, Oct Average, Argentina, ARG
38.6623, 1960, Nov Average, Argentina, ARG
50.9801, 1960, Dec Average, Argentina, ARG
69.5818, 1961, Jan Average, Argentina, ARG
69.3101, 1961, Feb Average, Argentina, ARG
78.2891, 1961, Mar Average, Argentina, ARG
41.9309, 1961, Apr Average, Argentina, ARG
42.9718, 1961, May Average, Argentina, ARG
22.934, 1961, Jun Average, Argentina, ARG
25.1757, 1961, Jul Average, Argentina, ARG
24.8256, 1961, Aug Average, Argentina, ARG
25.8643, 1961, Sep Average, Argentina, ARG
62.8071, 1961, Oct Average, Argentina, ARG
58.7126, 1961, Nov Average, Argentina, ARG
55.0597, 1961, Dec Average, Argentina, ARG
51.1041, 1962, Jan Average, Argentina, ARG
35.5241, 1962, Feb Average, Argentina, ARG
52.5596, 1962, Mar Average, Argentina, ARG
40.7066, 1962, Apr Average, Argentina, ARG
25.4498, 1962, May Average, Argentina, ARG
17.0141, 1962, Jun Average, Argentina, ARG
22.5266, 1962, Jul Average, Argentina, ARG
22.6963, 1962, Aug Average, Argentina, ARG
21.8155, 1962, Sep Average, Argentina, ARG
29.2854, 1962, Oct Average, Argentina, ARG
45.843, 1962, Nov Average, Argentina, ARG
53.0617, 1962, Dec Average, Argentina, ARG
65.6349, 1963, Jan Average, Argentina, ARG
67.7252, 1963, Feb Average, Argentina, ARG
81.0108, 1963, Mar Average, Argentina, ARG
43.5921, 1963, Apr Average, Argentina, ARG
25.8496, 1963, May Average, Argentina, ARG
33.0243, 1963, Jun Average, Argentina, ARG
28.0595, 1963, Jul Average, Argentina, ARG
29.6357, 1963, Aug Average, Argentina, ARG
45.0677, 1963, Sep Average, Argentina, ARG
50.11, 1963, Oct Average, Argentina, ARG
63.6642, 1963, Nov Average, Argentina, ARG
77.3455, 1963, Dec Average, Argentina, ARG
40.0605, 1964, Jan Average, Argentina, ARG
48.5032, 1964, Feb Average, Argentina, ARG
89.5498, 1964, Mar Average, Argentina, ARG
52.3864, 1964, Apr Average, Argentina, ARG
31.9168, 1964, May Average, Argentina, ARG
17.0471, 1964, Jun Average, Argentina, ARG
11.8349, 1964, Jul Average, Argentina, ARG
24.0131, 1964, Aug Average, Argentina, ARG
35.4811, 1964, Sep Average, Argentina, ARG
36.9989, 1964, Oct Average, Argentina, ARG
47.6043, 1964, Nov Average, Argentina, ARG
57.2065, 1964, Dec Average, Argentina, ARG
55.9188, 1965, Jan Average, Argentina, ARG
54.5837, 1965, Feb Average, Argentina, ARG
27.9418, 1965, Mar Average, Argentina, ARG
53.3102, 1965, Apr Average, Argentina, ARG
31.1831, 1965, May Average, Argentina, ARG
35.9379, 1965, Jun Average, Argentina, ARG
28.7003, 1965, Jul Average, Argentina, ARG
31.0228, 1965, Aug Average, Argentina, ARG
20.5761, 1965, Sep Average, Argentina, ARG
50.3106, 1965, Oct Average, Argentina, ARG
70.7593, 1965, Nov Average, Argentina, ARG
83.665, 1965, Dec Average, Argentina, ARG
79.2172, 1966, Jan Average, Argentina, ARG
61.2292, 1966, Feb Average, Argentina, ARG
75.7758, 1966, Mar Average, Argentina, ARG
67.9748, 1966, Apr Average, Argentina, ARG
35.6746, 1966, May Average, Argentina, ARG
32.7174, 1966, Jun Average, Argentina, ARG
32.9947, 1966, Jul Average, Argentina, ARG
11.9062, 1966, Aug Average, Argentina, ARG
14.2547, 1966, Sep Average, Argentina, ARG
28.9953, 1966, Oct Average, Argentina, ARG
73.9387, 1966, Nov Average, Argentina, ARG
72.2187, 1966, Dec Average, Argentina, ARG
51.6248, 1967, Jan Average, Argentina, ARG
50.7177, 1967, Feb Average, Argentina, ARG
47.3958, 1967, Mar Average, Argentina, ARG
28.4354, 1967, Apr Average, Argentina, ARG
42.795, 1967, May Average, Argentina, ARG
19.9545, 1967, Jun Average, Argentina, ARG
30.1715, 1967, Jul Average, Argentina, ARG
33.202, 1967, Aug Average, Argentina, ARG
36.1743, 1967, Sep Average, Argentina, ARG
92.3536, 1967, Oct Average, Argentina, ARG
46.3889, 1967, Nov Average, Argentina, ARG
36.5147, 1967, Dec Average, Argentina, ARG
60.2348, 1968, Jan Average, Argentina, ARG
56.8289, 1968, Feb Average, Argentina, ARG
57.8698, 1968, Mar Average, Argentina, ARG
16.4321, 1968, Apr Average, Argentina, ARG
11.6168, 1968, May Average, Argentina, ARG
28.1209, 1968, Jun Average, Argentina, ARG
20.8011, 1968, Jul Average, Argentina, ARG
30.4234, 1968, Aug Average, Argentina, ARG
28.9993, 1968, Sep Average, Argentina, ARG
61.8523, 1968, Oct Average, Argentina, ARG
54.9015, 1968, Nov Average, Argentina, ARG
74.7909, 1968, Dec Average, Argentina, ARG
48.3258, 1969, Jan Average, Argentina, ARG
63.6862, 1969, Feb Average, Argentina, ARG
62.9934, 1969, Mar Average, Argentina, ARG
50.974, 1969, Apr Average, Argentina, ARG
45.8972, 1969, May Average, Argentina, ARG
34.3517, 1969, Jun Average, Argentina, ARG
22.7897, 1969, Jul Average, Argentina, ARG
16.5519, 1969, Aug Average, Argentina, ARG
24.2755, 1969, Sep Average, Argentina, ARG
35.0817, 1969, Oct Average, Argentina, ARG
60.623, 1969, Nov Average, Argentina, ARG
55.0623, 1969, Dec Average, Argentina, ARG
84.0923, 1970, Jan Average, Argentina, ARG
49.7311, 1970, Feb Average, Argentina, ARG
73.8598, 1970, Mar Average, Argentina, ARG
25.8112, 1970, Apr Average, Argentina, ARG
37.6022, 1970, May Average, Argentina, ARG
21.3619, 1970, Jun Average, Argentina, ARG
23.3803, 1970, Jul Average, Argentina, ARG
16.2381, 1970, Aug Average, Argentina, ARG
39.2586, 1970, Sep Average, Argentina, ARG
43.3275, 1970, Oct Average, Argentina, ARG
28.9141, 1970, Nov Average, Argentina, ARG
56.1796, 1970, Dec Average, Argentina, ARG
89.2139, 1971, Jan Average, Argentina, ARG
63.0942, 1971, Feb Average, Argentina, ARG
64.7589, 1971, Mar Average, Argentina, ARG
35.1905, 1971, Apr Average, Argentina, ARG
32.2056, 1971, May Average, Argentina, ARG
20.6363, 1971, Jun Average, Argentina, ARG
30.6565, 1971, Jul Average, Argentina, ARG
32.1483, 1971, Aug Average, Argentina, ARG
29.4501, 1971, Sep Average, Argentina, ARG
40.4595, 1971, Oct Average, Argentina, ARG
33.7135, 1971, Nov Average, Argentina, ARG
43.3958, 1971, Dec Average, Argentina, ARG
61.2042, 1972, Jan Average, Argentina, ARG
34.2697, 1972, Feb Average, Argentina, ARG
59.4367, 1972, Mar Average, Argentina, ARG
43.4855, 1972, Apr Average, Argentina, ARG
36.8163, 1972, May Average, Argentina, ARG
49.1552, 1972, Jun Average, Argentina, ARG
24.7797, 1972, Jul Average, Argentina, ARG
38.3561, 1972, Aug Average, Argentina, ARG
51.1693, 1972, Sep Average, Argentina, ARG
47.281, 1972, Oct Average, Argentina, ARG
75.0123, 1972, Nov Average, Argentina, ARG
72.1277, 1972, Dec Average, Argentina, ARG
80.5825, 1973, Jan Average, Argentina, ARG
69.7902, 1973, Feb Average, Argentina, ARG
95.2197, 1973, Mar Average, Argentina, ARG
70.7428, 1973, Apr Average, Argentina, ARG
27.7166, 1973, May Average, Argentina, ARG
56.1032, 1973, Jun Average, Argentina, ARG
34.3242, 1973, Jul Average, Argentina, ARG
13.1885, 1973, Aug Average, Argentina, ARG
13.8168, 1973, Sep Average, Argentina, ARG
57.5315, 1973, Oct Average, Argentina, ARG
35.0433, 1973, Nov Average, Argentina, ARG
58.8334, 1973, Dec Average, Argentina, ARG
78.2278, 1974, Jan Average, Argentina, ARG
93.1114, 1974, Feb Average, Argentina, ARG
54.8596, 1974, Mar Average, Argentina, ARG
22.1329, 1974, Apr Average, Argentina, ARG
60.9585, 1974, May Average, Argentina, ARG
24.9238, 1974, Jun Average, Argentina, ARG
23.0927, 1974, Jul Average, Argentina, ARG
21.0097, 1974, Aug Average, Argentina, ARG
19.8687, 1974, Sep Average, Argentina, ARG
31.6386, 1974, Oct Average, Argentina, ARG
31.8225, 1974, Nov Average, Argentina, ARG
63.5673, 1974, Dec Average, Argentina, ARG
62.5307, 1975, Jan Average, Argentina, ARG
62.4462, 1975, Feb Average, Argentina, ARG
102.968, 1975, Mar Average, Argentina, ARG
50.1772, 1975, Apr Average, Argentina, ARG
45.1292, 1975, May Average, Argentina, ARG
36.3314, 1975, Jun Average, Argentina, ARG
18.1633, 1975, Jul Average, Argentina, ARG
28.5992, 1975, Aug Average, Argentina, ARG
36.2591, 1975, Sep Average, Argentina, ARG
27.2039, 1975, Oct Average, Argentina, ARG
53.0621, 1975, Nov Average, Argentina, ARG
37.6687, 1975, Dec Average, Argentina, ARG
88.7632, 1976, Jan Average, Argentina, ARG
76.4967, 1976, Feb Average, Argentina, ARG
60.442, 1976, Mar Average, Argentina, ARG
37.588, 1976, Apr Average, Argentina, ARG
26.1562, 1976, May Average, Argentina, ARG
22.9708, 1976, Jun Average, Argentina, ARG
17.3568, 1976, Jul Average, Argentina, ARG
32.155, 1976, Aug Average, Argentina, ARG
22.1679, 1976, Sep Average, Argentina, ARG
57.3853, 1976, Oct Average, Argentina, ARG
64.1335, 1976, Nov Average, Argentina, ARG
87.3964, 1976, Dec Average, Argentina, ARG
91.0415, 1977, Jan Average, Argentina, ARG
85.2248, 1977, Feb Average, Argentina, ARG
59.916, 1977, Mar Average, Argentina, ARG
46.0221, 1977, Apr Average, Argentina, ARG
29.8994, 1977, May Average, Argentina, ARG
29.3966, 1977, Jun Average, Argentina, ARG
28.1982, 1977, Jul Average, Argentina, ARG
24.2477, 1977, Aug Average, Argentina, ARG
23.0034, 1977, Sep Average, Argentina, ARG
64.4865, 1977, Oct Average, Argentina, ARG
55.0524, 1977, Nov Average, Argentina, ARG
96.5597, 1977, Dec Average, Argentina, ARG
83.7494, 1978, Jan Average, Argentina, ARG
72.252, 1978, Feb Average, Argentina, ARG
76.3766, 1978, Mar Average, Argentina, ARG
19.2175, 1978, Apr Average, Argentina, ARG
29.041, 1978, May Average, Argentina, ARG
27.5061, 1978, Jun Average, Argentina, ARG
50.3336, 1978, Jul Average, Argentina, ARG
11.5643, 1978, Aug Average, Argentina, ARG
49.2688, 1978, Sep Average, Argentina, ARG
53.5067, 1978, Oct Average, Argentina, ARG
64.1318, 1978, Nov Average, Argentina, ARG
71.0329, 1978, Dec Average, Argentina, ARG
66.9123, 1979, Jan Average, Argentina, ARG
61.0093, 1979, Feb Average, Argentina, ARG
59.5261, 1979, Mar Average, Argentina, ARG
41.5144, 1979, Apr Average, Argentina, ARG
32.2458, 1979, May Average, Argentina, ARG
25.7024, 1979, Jun Average, Argentina, ARG
25.7705, 1979, Jul Average, Argentina, ARG
36.1286, 1979, Aug Average, Argentina, ARG
32.9466, 1979, Sep Average, Argentina, ARG
47.4573, 1979, Oct Average, Argentina, ARG
69.7856, 1979, Nov Average, Argentina, ARG
88.4503, 1979, Dec Average, Argentina, ARG
41.8207, 1980, Jan Average, Argentina, ARG
65.9954, 1980, Feb Average, Argentina, ARG
74.7406, 1980, Mar Average, Argentina, ARG
82.9348, 1980, Apr Average, Argentina, ARG
53.3867, 1980, May Average, Argentina, ARG
29.4296, 1980, Jun Average, Argentina, ARG
26.8302, 1980, Jul Average, Argentina, ARG
22.3687, 1980, Aug Average, Argentina, ARG
18.1123, 1980, Sep Average, Argentina, ARG
50.3042, 1980, Oct Average, Argentina, ARG
68.5912, 1980, Nov Average, Argentina, ARG
55.5211, 1980, Dec Average, Argentina, ARG
106.524, 1981, Jan Average, Argentina, ARG
85.0183, 1981, Feb Average, Argentina, ARG
53.6203, 1981, Mar Average, Argentina, ARG
64.4215, 1981, Apr Average, Argentina, ARG
64.6927, 1981, May Average, Argentina, ARG
26.4282, 1981, Jun Average, Argentina, ARG
16.3527, 1981, Jul Average, Argentina, ARG
17.6825, 1981, Aug Average, Argentina, ARG
18.8211, 1981, Sep Average, Argentina, ARG
32.6868, 1981, Oct Average, Argentina, ARG
62.9564, 1981, Nov Average, Argentina, ARG
48.5938, 1981, Dec Average, Argentina, ARG
57.2455, 1982, Jan Average, Argentina, ARG
66.7111, 1982, Feb Average, Argentina, ARG
65.4682, 1982, Mar Average, Argentina, ARG
51.8735, 1982, Apr Average, Argentina, ARG
36.1872, 1982, May Average, Argentina, ARG
49.4333, 1982, Jun Average, Argentina, ARG
31.2833, 1982, Jul Average, Argentina, ARG
26.1661, 1982, Aug Average, Argentina, ARG
62.8876, 1982, Sep Average, Argentina, ARG
38.7552, 1982, Oct Average, Argentina, ARG
67.1622, 1982, Nov Average, Argentina, ARG
57.1338, 1982, Dec Average, Argentina, ARG
92.0839, 1983, Jan Average, Argentina, ARG
66.7069, 1983, Feb Average, Argentina, ARG
57.8174, 1983, Mar Average, Argentina, ARG
58.0423, 1983, Apr Average, Argentina, ARG
60.1205, 1983, May Average, Argentina, ARG
21.0712, 1983, Jun Average, Argentina, ARG
28.3842, 1983, Jul Average, Argentina, ARG
27.1105, 1983, Aug Average, Argentina, ARG
21.4563, 1983, Sep Average, Argentina, ARG
47.5867, 1983, Oct Average, Argentina, ARG
42.483, 1983, Nov Average, Argentina, ARG
57.8043, 1983, Dec Average, Argentina, ARG
86.3682, 1984, Jan Average, Argentina, ARG
109.299, 1984, Feb Average, Argentina, ARG
101.09, 1984, Mar Average, Argentina, ARG
37.0149, 1984, Apr Average, Argentina, ARG
45.5579, 1984, May Average, Argentina, ARG
32.05, 1984, Jun Average, Argentina, ARG
28.2225, 1984, Jul Average, Argentina, ARG
15.817, 1984, Aug Average, Argentina, ARG
44.767, 1984, Sep Average, Argentina, ARG
58.501, 1984, Oct Average, Argentina, ARG
70.7479, 1984, Nov Average, Argentina, ARG
63.9282, 1984, Dec Average, Argentina, ARG
65.9512, 1985, Jan Average, Argentina, ARG
73.3431, 1985, Feb Average, Argentina, ARG
54.6696, 1985, Mar Average, Argentina, ARG
62.5271, 1985, Apr Average, Argentina, ARG
42.3525, 1985, May Average, Argentina, ARG
21.9643, 1985, Jun Average, Argentina, ARG
42.156, 1985, Jul Average, Argentina, ARG
23.3789, 1985, Aug Average, Argentina, ARG
35.9758, 1985, Sep Average, Argentina, ARG
68.4583, 1985, Oct Average, Argentina, ARG
62.0208, 1985, Nov Average, Argentina, ARG
64.379, 1985, Dec Average, Argentina, ARG
68.3778, 1986, Jan Average, Argentina, ARG
55.992, 1986, Feb Average, Argentina, ARG
72.0542, 1986, Mar Average, Argentina, ARG
78.507, 1986, Apr Average, Argentina, ARG
43.556, 1986, May Average, Argentina, ARG
39.8398, 1986, Jun Average, Argentina, ARG
19.6576, 1986, Jul Average, Argentina, ARG
29.0601, 1986, Aug Average, Argentina, ARG
39.3011, 1986, Sep Average, Argentina, ARG
58.081, 1986, Oct Average, Argentina, ARG
75.0658, 1986, Nov Average, Argentina, ARG
55.0353, 1986, Dec Average, Argentina, ARG
79.4621, 1987, Jan Average, Argentina, ARG
63.2943, 1987, Feb Average, Argentina, ARG
87.5547, 1987, Mar Average, Argentina, ARG
52.352, 1987, Apr Average, Argentina, ARG
32.9965, 1987, May Average, Argentina, ARG
19.3863, 1987, Jun Average, Argentina, ARG
56.3079, 1987, Jul Average, Argentina, ARG
31.9939, 1987, Aug Average, Argentina, ARG
16.9345, 1987, Sep Average, Argentina, ARG
41.1821, 1987, Oct Average, Argentina, ARG
68.246, 1987, Nov Average, Argentina, ARG
67.9648, 1987, Dec Average, Argentina, ARG
80.8932, 1988, Jan Average, Argentina, ARG
50.8265, 1988, Feb Average, Argentina, ARG
89.5344, 1988, Mar Average, Argentina, ARG
32.8987, 1988, Apr Average, Argentina, ARG
12.9717, 1988, May Average, Argentina, ARG
19.743, 1988, Jun Average, Argentina, ARG
12.8518, 1988, Jul Average, Argentina, ARG
18.4768, 1988, Aug Average, Argentina, ARG
35.3603, 1988, Sep Average, Argentina, ARG
30.2395, 1988, Oct Average, Argentina, ARG
32.592, 1988, Nov Average, Argentina, ARG
47.6097, 1988, Dec Average, Argentina, ARG
41.6044, 1989, Jan Average, Argentina, ARG
37.5262, 1989, Feb Average, Argentina, ARG
76.4267, 1989, Mar Average, Argentina, ARG
41.9865, 1989, Apr Average, Argentina, ARG
27.5934, 1989, May Average, Argentina, ARG
33.2194, 1989, Jun Average, Argentina, ARG
23.79, 1989, Jul Average, Argentina, ARG
36.4104, 1989, Aug Average, Argentina, ARG
21.6913, 1989, Sep Average, Argentina, ARG
37.1293, 1989, Oct Average, Argentina, ARG
42.8089, 1989, Nov Average, Argentina, ARG
79.2588, 1989, Dec Average, Argentina, ARG
72.3545, 1990, Jan Average, Argentina, ARG
70.4074, 1990, Feb Average, Argentina, ARG
76.6752, 1990, Mar Average, Argentina, ARG
71.2829, 1990, Apr Average, Argentina, ARG
43.7686, 1990, May Average, Argentina, ARG
19.1694, 1990, Jun Average, Argentina, ARG
18.6911, 1990, Jul Average, Argentina, ARG
17.3384, 1990, Aug Average, Argentina, ARG
32.1028, 1990, Sep Average, Argentina, ARG
70.0116, 1990, Oct Average, Argentina, ARG
61.6638, 1990, Nov Average, Argentina, ARG
76.107, 1990, Dec Average, Argentina, ARG
82.5252, 1991, Jan Average, Argentina, ARG
50.5915, 1991, Feb Average, Argentina, ARG
55.3491, 1991, Mar Average, Argentina, ARG
57.0309, 1991, Apr Average, Argentina, ARG
45.3005, 1991, May Average, Argentina, ARG
48.1031, 1991, Jun Average, Argentina, ARG
27.0885, 1991, Jul Average, Argentina, ARG
20.0884, 1991, Aug Average, Argentina, ARG
34.2881, 1991, Sep Average, Argentina, ARG
46.8695, 1991, Oct Average, Argentina, ARG
52.0474, 1991, Nov Average, Argentina, ARG
109.805, 1991, Dec Average, Argentina, ARG
70.0067, 1992, Jan Average, Argentina, ARG
77.5439, 1992, Feb Average, Argentina, ARG
85.4502, 1992, Mar Average, Argentina, ARG
62.1551, 1992, Apr Average, Argentina, ARG
48.2664, 1992, May Average, Argentina, ARG
41.1095, 1992, Jun Average, Argentina, ARG
17.5127, 1992, Jul Average, Argentina, ARG
31.7252, 1992, Aug Average, Argentina, ARG
35.6026, 1992, Sep Average, Argentina, ARG
51.3372, 1992, Oct Average, Argentina, ARG
70.259, 1992, Nov Average, Argentina, ARG
96.0991, 1992, Dec Average, Argentina, ARG
79.7169, 1993, Jan Average, Argentina, ARG
38.1349, 1993, Feb Average, Argentina, ARG
60.8573, 1993, Mar Average, Argentina, ARG
58.9755, 1993, Apr Average, Argentina, ARG
48.8285, 1993, May Average, Argentina, ARG
40.2766, 1993, Jun Average, Argentina, ARG
15.7893, 1993, Jul Average, Argentina, ARG
15.638, 1993, Aug Average, Argentina, ARG
20.8278, 1993, Sep Average, Argentina, ARG
65.473, 1993, Oct Average, Argentina, ARG
74.334, 1993, Nov Average, Argentina, ARG
60.3162, 1993, Dec Average, Argentina, ARG
65.8038, 1994, Jan Average, Argentina, ARG
68.6568, 1994, Feb Average, Argentina, ARG
58.9549, 1994, Mar Average, Argentina, ARG
46.1225, 1994, Apr Average, Argentina, ARG
50.8153, 1994, May Average, Argentina, ARG
31.522, 1994, Jun Average, Argentina, ARG
30.0507, 1994, Jul Average, Argentina, ARG
19.5697, 1994, Aug Average, Argentina, ARG
22.1178, 1994, Sep Average, Argentina, ARG
59.9459, 1994, Oct Average, Argentina, ARG
53.3092, 1994, Nov Average, Argentina, ARG
65.1751, 1994, Dec Average, Argentina, ARG
70.172, 1995, Jan Average, Argentina, ARG
59.8508, 1995, Feb Average, Argentina, ARG
69.2147, 1995, Mar Average, Argentina, ARG
42.6061, 1995, Apr Average, Argentina, ARG
29.2268, 1995, May Average, Argentina, ARG
23.2315, 1995, Jun Average, Argentina, ARG
15.7943, 1995, Jul Average, Argentina, ARG
14.5235, 1995, Aug Average, Argentina, ARG
16.6492, 1995, Sep Average, Argentina, ARG
42.4734, 1995, Oct Average, Argentina, ARG
50.1557, 1995, Nov Average, Argentina, ARG
35.9011, 1995, Dec Average, Argentina, ARG
73.6539, 1996, Jan Average, Argentina, ARG
76.1712, 1996, Feb Average, Argentina, ARG
59.4405, 1996, Mar Average, Argentina, ARG
67.5964, 1996, Apr Average, Argentina, ARG
27.033, 1996, May Average, Argentina, ARG
15.3683, 1996, Jun Average, Argentina, ARG
10.5611, 1996, Jul Average, Argentina, ARG
22.8892, 1996, Aug Average, Argentina, ARG
25.8943, 1996, Sep Average, Argentina, ARG
53.9624, 1996, Oct Average, Argentina, ARG
60.6406, 1996, Nov Average, Argentina, ARG
95.1284, 1996, Dec Average, Argentina, ARG
78.0697, 1997, Jan Average, Argentina, ARG
69.946, 1997, Feb Average, Argentina, ARG
61.0071, 1997, Mar Average, Argentina, ARG
33.4862, 1997, Apr Average, Argentina, ARG
33.821, 1997, May Average, Argentina, ARG
45.9896, 1997, Jun Average, Argentina, ARG
27.4835, 1997, Jul Average, Argentina, ARG
24.747, 1997, Aug Average, Argentina, ARG
30.7138, 1997, Sep Average, Argentina, ARG
62.4819, 1997, Oct Average, Argentina, ARG
63.9429, 1997, Nov Average, Argentina, ARG
95.792, 1997, Dec Average, Argentina, ARG
77.8903, 1998, Jan Average, Argentina, ARG
82.3089, 1998, Feb Average, Argentina, ARG
64.6353, 1998, Mar Average, Argentina, ARG
79.5252, 1998, Apr Average, Argentina, ARG
36.6815, 1998, May Average, Argentina, ARG
23.1886, 1998, Jun Average, Argentina, ARG
20.9065, 1998, Jul Average, Argentina, ARG
21.1344, 1998, Aug Average, Argentina, ARG
28.6111, 1998, Sep Average, Argentina, ARG
44.1627, 1998, Oct Average, Argentina, ARG
53.6958, 1998, Nov Average, Argentina, ARG
54.7824, 1998, Dec Average, Argentina, ARG
70.0203, 1999, Jan Average, Argentina, ARG
59.6731, 1999, Feb Average, Argentina, ARG
101.252, 1999, Mar Average, Argentina, ARG
56.2894, 1999, Apr Average, Argentina, ARG
33.1611, 1999, May Average, Argentina, ARG
34.4102, 1999, Jun Average, Argentina, ARG
26.0188, 1999, Jul Average, Argentina, ARG
20.6785, 1999, Aug Average, Argentina, ARG
31.3939, 1999, Sep Average, Argentina, ARG
55.3148, 1999, Oct Average, Argentina, ARG
45.8907, 1999, Nov Average, Argentina, ARG
60.1609, 1999, Dec Average, Argentina, ARG
69.5799, 2000, Jan Average, Argentina, ARG
89.5367, 2000, Feb Average, Argentina, ARG
76.2297, 2000, Mar Average, Argentina, ARG
65.4788, 2000, Apr Average, Argentina, ARG
60.7249, 2000, May Average, Argentina, ARG
41.7727, 2000, Jun Average, Argentina, ARG
24.4773, 2000, Jul Average, Argentina, ARG
20.5037, 2000, Aug Average, Argentina, ARG
30.912, 2000, Sep Average, Argentina, ARG
80.4636, 2000, Oct Average, Argentina, ARG
67.6174, 2000, Nov Average, Argentina, ARG
57.0624, 2000, Dec Average, Argentina, ARG
93.5104, 2001, Jan Average, Argentina, ARG
62.6162, 2001, Feb Average, Argentina, ARG
93.6292, 2001, Mar Average, Argentina, ARG
60.4332, 2001, Apr Average, Argentina, ARG
38.4079, 2001, May Average, Argentina, ARG
35.1365, 2001, Jun Average, Argentina, ARG
26.5535, 2001, Jul Average, Argentina, ARG
37.4744, 2001, Aug Average, Argentina, ARG
46.8495, 2001, Sep Average, Argentina, ARG
74.385, 2001, Oct Average, Argentina, ARG
61.5054, 2001, Nov Average, Argentina, ARG
45.5543, 2001, Dec Average, Argentina, ARG
68.191, 2002, Jan Average, Argentina, ARG
56.0926, 2002, Feb Average, Argentina, ARG
104.24, 2002, Mar Average, Argentina, ARG
65.1428, 2002, Apr Average, Argentina, ARG
57.3545, 2002, May Average, Argentina, ARG
19.4669, 2002, Jun Average, Argentina, ARG
28.9948, 2002, Jul Average, Argentina, ARG
38.9223, 2002, Aug Average, Argentina, ARG
35.2077, 2002, Sep Average, Argentina, ARG
77.2567, 2002, Oct Average, Argentina, ARG
76.8448, 2002, Nov Average, Argentina, ARG
90.8878, 2002, Dec Average, Argentina, ARG
58.9837, 2003, Jan Average, Argentina, ARG
63.7544, 2003, Feb Average, Argentina, ARG
78.8002, 2003, Mar Average, Argentina, ARG
53.7586, 2003, Apr Average, Argentina, ARG
33.0357, 2003, May Average, Argentina, ARG
29.017, 2003, Jun Average, Argentina, ARG
21.4783, 2003, Jul Average, Argentina, ARG
22.7197, 2003, Aug Average, Argentina, ARG
22.5453, 2003, Sep Average, Argentina, ARG
48.3139, 2003, Oct Average, Argentina, ARG
52.9793, 2003, Nov Average, Argentina, ARG
75.9228, 2003, Dec Average, Argentina, ARG
50.6369, 2004, Jan Average, Argentina, ARG
49.2492, 2004, Feb Average, Argentina, ARG
51.2682, 2004, Mar Average, Argentina, ARG
75.0975, 2004, Apr Average, Argentina, ARG
24.8061, 2004, May Average, Argentina, ARG
28.9608, 2004, Jun Average, Argentina, ARG
31.2015, 2004, Jul Average, Argentina, ARG
17.0111, 2004, Aug Average, Argentina, ARG
21.8911, 2004, Sep Average, Argentina, ARG
49.4869, 2004, Oct Average, Argentina, ARG
70.8219, 2004, Nov Average, Argentina, ARG
73.6174, 2004, Dec Average, Argentina, ARG
61.0114, 2005, Jan Average, Argentina, ARG
50.4368, 2005, Feb Average, Argentina, ARG
79.3808, 2005, Mar Average, Argentina, ARG
46.5165, 2005, Apr Average, Argentina, ARG
38.9496, 2005, May Average, Argentina, ARG
42.3304, 2005, Jun Average, Argentina, ARG
17.5137, 2005, Jul Average, Argentina, ARG
32.4311, 2005, Aug Average, Argentina, ARG
23.0043, 2005, Sep Average, Argentina, ARG
36.9119, 2005, Oct Average, Argentina, ARG
51.855, 2005, Nov Average, Argentina, ARG
55.8842, 2005, Dec Average, Argentina, ARG
76.0461, 2006, Jan Average, Argentina, ARG
56.4505, 2006, Feb Average, Argentina, ARG
58.8053, 2006, Mar Average, Argentina, ARG
49.4808, 2006, Apr Average, Argentina, ARG
12.2503, 2006, May Average, Argentina, ARG
35.0425, 2006, Jun Average, Argentina, ARG
27.1381, 2006, Jul Average, Argentina, ARG
15.7975, 2006, Aug Average, Argentina, ARG
18.253, 2006, Sep Average, Argentina, ARG
69.9848, 2006, Oct Average, Argentina, ARG
53.5624, 2006, Nov Average, Argentina, ARG
86.5242, 2006, Dec Average, Argentina, ARG
78.3501, 2007, Jan Average, Argentina, ARG
79.8785, 2007, Feb Average, Argentina, ARG
103.044, 2007, Mar Average, Argentina, ARG
42.1097, 2007, Apr Average, Argentina, ARG
25.3871, 2007, May Average, Argentina, ARG
14.8893, 2007, Jun Average, Argentina, ARG
14.8273, 2007, Jul Average, Argentina, ARG
13.2909, 2007, Aug Average, Argentina, ARG
44.202, 2007, Sep Average, Argentina, ARG
52.7489, 2007, Oct Average, Argentina, ARG
33.0127, 2007, Nov Average, Argentina, ARG
52.5498, 2007, Dec Average, Argentina, ARG
87.4258, 2008, Jan Average, Argentina, ARG
72.8856, 2008, Feb Average, Argentina, ARG
57.5107, 2008, Mar Average, Argentina, ARG
29.4151, 2008, Apr Average, Argentina, ARG
32.9387, 2008, May Average, Argentina, ARG
20.8559, 2008, Jun Average, Argentina, ARG
21.8683, 2008, Jul Average, Argentina, ARG
25.6189, 2008, Aug Average, Argentina, ARG
21.604, 2008, Sep Average, Argentina, ARG
43.5421, 2008, Oct Average, Argentina, ARG
47.974, 2008, Nov Average, Argentina, ARG
48.0666, 2008, Dec Average, Argentina, ARG
42.8191, 2009, Jan Average, Argentina, ARG
61.5354, 2009, Feb Average, Argentina, ARG
48.0253, 2009, Mar Average, Argentina, ARG
22.4305, 2009, Apr Average, Argentina, ARG
36.7682, 2009, May Average, Argentina, ARG
15.033, 2009, Jun Average, Argentina, ARG
23.6185, 2009, Jul Average, Argentina, ARG
20.684, 2009, Aug Average, Argentina, ARG
33.3153, 2009, Sep Average, Argentina, ARG
29.4294, 2009, Oct Average, Argentina, ARG
76.4059, 2009, Nov Average, Argentina, ARG
91.4053, 2009, Dec Average, Argentina, ARG
61.313, 2010, Jan Average, Argentina, ARG
96.5549, 2010, Feb Average, Argentina, ARG
65.2137, 2010, Mar Average, Argentina, ARG
29.2779, 2010, Apr Average, Argentina, ARG
43.5191, 2010, May Average, Argentina, ARG
23.2262, 2010, Jun Average, Argentina, ARG
27.4998, 2010, Jul Average, Argentina, ARG
14.4193, 2010, Aug Average, Argentina, ARG
38.7812, 2010, Sep Average, Argentina, ARG
34.61, 2010, Oct Average, Argentina, ARG
33.4878, 2010, Nov Average, Argentina, ARG
56.7262, 2010, Dec Average, Argentina, ARG
80.3229, 2011, Jan Average, Argentina, ARG
83.5, 2011, Feb Average, Argentina, ARG
46.5116, 2011, Mar Average, Argentina, ARG
48.4976, 2011, Apr Average, Argentina, ARG
21.8217, 2011, May Average, Argentina, ARG
26.7778, 2011, Jun Average, Argentina, ARG
27.9262, 2011, Jul Average, Argentina, ARG
17.2629, 2011, Aug Average, Argentina, ARG
17.571, 2011, Sep Average, Argentina, ARG
55.2239, 2011, Oct Average, Argentina, ARG
58.3671, 2011, Nov Average, Argentina, ARG
38.8056, 2011, Dec Average, Argentina, ARG
53.5069, 2012, Jan Average, Argentina, ARG
83.7022, 2012, Feb Average, Argentina, ARG
54.1622, 2012, Mar Average, Argentina, ARG
44.9988, 2012, Apr Average, Argentina, ARG
38.329, 2012, May Average, Argentina, ARG
21.2483, 2012, Jun Average, Argentina, ARG
8.77347, 2012, Jul Average, Argentina, ARG
40.6018, 2012, Aug Average, Argentina, ARG
26.5177, 2012, Sep Average, Argentina, ARG
81.2869, 2012, Oct Average, Argentina, ARG
48.669, 2012, Nov Average, Argentina, ARG
85.0985, 2012, Dec Average, Argentina, ARG
50.411, 2013, Jan Average, Argentina, ARG
54.9433, 2013, Feb Average, Argentina, ARG
56.6772, 2013, Mar Average, Argentina, ARG
37.3678, 2013, Apr Average, Argentina, ARG
40.852, 2013, May Average, Argentina, ARG
21.4334, 2013, Jun Average, Argentina, ARG
22.2123, 2013, Jul Average, Argentina, ARG
16.4212, 2013, Aug Average, Argentina, ARG
26.8577, 2013, Sep Average, Argentina, ARG
55.3837, 2013, Oct Average, Argentina, ARG
59.883, 2013, Nov Average, Argentina, ARG
43.6704, 2013, Dec Average, Argentina, ARG
77.3255, 2014, Jan Average, Argentina, ARG
86.0438, 2014, Feb Average, Argentina, ARG
72.8163, 2014, Mar Average, Argentina, ARG
71.2567, 2014, Apr Average, Argentina, ARG
49.0892, 2014, May Average, Argentina, ARG
30.825, 2014, Jun Average, Argentina, ARG
32.6288, 2014, Jul Average, Argentina, ARG
18.8924, 2014, Aug Average, Argentina, ARG
42.2913, 2014, Sep Average, Argentina, ARG
51.5211, 2014, Oct Average, Argentina, ARG
61.6277, 2014, Nov Average, Argentina, ARG
75.8857, 2014, Dec Average, Argentina, ARG
79.6079, 2015, Jan Average, Argentina, ARG
77.6096, 2015, Feb Average, Argentina, ARG
52.4491, 2015, Mar Average, Argentina, ARG
47.7955, 2015, Apr Average, Argentina, ARG
41.319, 2015, May Average, Argentina, ARG
27.8836, 2015, Jun Average, Argentina, ARG
27.7458, 2015, Jul Average, Argentina, ARG
47.287, 2015, Aug Average, Argentina, ARG
19.1646, 2015, Sep Average, Argentina, ARG
52.9467, 2015, Oct Average, Argentina, ARG
66.1146, 2015, Nov Average, Argentina, ARG
77.1702, 2015, Dec Average, Argentina, ARG
83.6754, 2016, Jan Average, Argentina, ARG
95.9226, 2016, Feb Average, Argentina, ARG
43.7074, 2016, Mar Average, Argentina, ARG
74.9587, 2016, Apr Average, Argentina, ARG
32.5816, 2016, May Average, Argentina, ARG
29.9653, 2016, Jun Average, Argentina, ARG
23.3997, 2016, Jul Average, Argentina, ARG
20.8553, 2016, Aug Average, Argentina, ARG
15.1668, 2016, Sep Average, Argentina, ARG
76.6828, 2016, Oct Average, Argentina, ARG
51.628, 2016, Nov Average, Argentina, ARG
72.0875, 2016, Dec Average, Argentina, ARG
