261.401, 1901, Jan Average, Antigua and Barbuda, ATG
63.6785, 1901, Feb Average, Antigua and Barbuda, ATG
151.317, 1901, Mar Average, Antigua and Barbuda, ATG
123.36, 1901, Apr Average, Antigua and Barbuda, ATG
189.902, 1901, May Average, Antigua and Barbuda, ATG
297.992, 1901, Jun Average, Antigua and Barbuda, ATG
314.838, 1901, Jul Average, Antigua and Barbuda, ATG
167.473, 1901, Aug Average, Antigua and Barbuda, ATG
371.008, 1901, Sep Average, Antigua and Barbuda, ATG
303.147, 1901, Oct Average, Antigua and Barbuda, ATG
508.207, 1901, Nov Average, Antigua and Barbuda, ATG
285.365, 1901, Dec Average, Antigua and Barbuda, ATG
146.165, 1902, Jan Average, Antigua and Barbuda, ATG
39.7076, 1902, Feb Average, Antigua and Barbuda, ATG
118.316, 1902, Mar Average, Antigua and Barbuda, ATG
131.362, 1902, Apr Average, Antigua and Barbuda, ATG
435.263, 1902, May Average, Antigua and Barbuda, ATG
423.738, 1902, Jun Average, Antigua and Barbuda, ATG
253.11, 1902, Jul Average, Antigua and Barbuda, ATG
184.918, 1902, Aug Average, Antigua and Barbuda, ATG
223.4, 1902, Sep Average, Antigua and Barbuda, ATG
150.283, 1902, Oct Average, Antigua and Barbuda, ATG
388.456, 1902, Nov Average, Antigua and Barbuda, ATG
218.92, 1902, Dec Average, Antigua and Barbuda, ATG
67.504, 1903, Jan Average, Antigua and Barbuda, ATG
79.7826, 1903, Feb Average, Antigua and Barbuda, ATG
61.5755, 1903, Mar Average, Antigua and Barbuda, ATG
352.29, 1903, Apr Average, Antigua and Barbuda, ATG
136.8, 1903, May Average, Antigua and Barbuda, ATG
287.948, 1903, Jun Average, Antigua and Barbuda, ATG
251.681, 1903, Jul Average, Antigua and Barbuda, ATG
373.526, 1903, Aug Average, Antigua and Barbuda, ATG
241.031, 1903, Sep Average, Antigua and Barbuda, ATG
216.363, 1903, Oct Average, Antigua and Barbuda, ATG
182.602, 1903, Nov Average, Antigua and Barbuda, ATG
263.354, 1903, Dec Average, Antigua and Barbuda, ATG
198.886, 1904, Jan Average, Antigua and Barbuda, ATG
133.024, 1904, Feb Average, Antigua and Barbuda, ATG
176.688, 1904, Mar Average, Antigua and Barbuda, ATG
119.119, 1904, Apr Average, Antigua and Barbuda, ATG
183.397, 1904, May Average, Antigua and Barbuda, ATG
84.7137, 1904, Jun Average, Antigua and Barbuda, ATG
209.619, 1904, Jul Average, Antigua and Barbuda, ATG
195.266, 1904, Aug Average, Antigua and Barbuda, ATG
402.301, 1904, Sep Average, Antigua and Barbuda, ATG
287.205, 1904, Oct Average, Antigua and Barbuda, ATG
166.389, 1904, Nov Average, Antigua and Barbuda, ATG
147.159, 1904, Dec Average, Antigua and Barbuda, ATG
168.426, 1905, Jan Average, Antigua and Barbuda, ATG
78.9647, 1905, Feb Average, Antigua and Barbuda, ATG
163.242, 1905, Mar Average, Antigua and Barbuda, ATG
122.793, 1905, Apr Average, Antigua and Barbuda, ATG
156.461, 1905, May Average, Antigua and Barbuda, ATG
167.308, 1905, Jun Average, Antigua and Barbuda, ATG
148.025, 1905, Jul Average, Antigua and Barbuda, ATG
215.892, 1905, Aug Average, Antigua and Barbuda, ATG
327.907, 1905, Sep Average, Antigua and Barbuda, ATG
388.705, 1905, Oct Average, Antigua and Barbuda, ATG
324.748, 1905, Nov Average, Antigua and Barbuda, ATG
109.498, 1905, Dec Average, Antigua and Barbuda, ATG
92.4078, 1906, Jan Average, Antigua and Barbuda, ATG
77.8718, 1906, Feb Average, Antigua and Barbuda, ATG
108.893, 1906, Mar Average, Antigua and Barbuda, ATG
155.774, 1906, Apr Average, Antigua and Barbuda, ATG
155.379, 1906, May Average, Antigua and Barbuda, ATG
266.999, 1906, Jun Average, Antigua and Barbuda, ATG
256.492, 1906, Jul Average, Antigua and Barbuda, ATG
197.039, 1906, Aug Average, Antigua and Barbuda, ATG
450.594, 1906, Sep Average, Antigua and Barbuda, ATG
206.084, 1906, Oct Average, Antigua and Barbuda, ATG
255.091, 1906, Nov Average, Antigua and Barbuda, ATG
177.164, 1906, Dec Average, Antigua and Barbuda, ATG
108.939, 1907, Jan Average, Antigua and Barbuda, ATG
89.7091, 1907, Feb Average, Antigua and Barbuda, ATG
107.676, 1907, Mar Average, Antigua and Barbuda, ATG
115.272, 1907, Apr Average, Antigua and Barbuda, ATG
198.424, 1907, May Average, Antigua and Barbuda, ATG
142.381, 1907, Jun Average, Antigua and Barbuda, ATG
196.5, 1907, Jul Average, Antigua and Barbuda, ATG
157.849, 1907, Aug Average, Antigua and Barbuda, ATG
197.956, 1907, Sep Average, Antigua and Barbuda, ATG
282.762, 1907, Oct Average, Antigua and Barbuda, ATG
187.426, 1907, Nov Average, Antigua and Barbuda, ATG
280.326, 1907, Dec Average, Antigua and Barbuda, ATG
132.783, 1908, Jan Average, Antigua and Barbuda, ATG
56.6909, 1908, Feb Average, Antigua and Barbuda, ATG
77.2804, 1908, Mar Average, Antigua and Barbuda, ATG
130.584, 1908, Apr Average, Antigua and Barbuda, ATG
82.6972, 1908, May Average, Antigua and Barbuda, ATG
192.417, 1908, Jun Average, Antigua and Barbuda, ATG
210.402, 1908, Jul Average, Antigua and Barbuda, ATG
142.95, 1908, Aug Average, Antigua and Barbuda, ATG
299.317, 1908, Sep Average, Antigua and Barbuda, ATG
165.173, 1908, Oct Average, Antigua and Barbuda, ATG
160.054, 1908, Nov Average, Antigua and Barbuda, ATG
349.159, 1908, Dec Average, Antigua and Barbuda, ATG
121.847, 1909, Jan Average, Antigua and Barbuda, ATG
228.295, 1909, Feb Average, Antigua and Barbuda, ATG
128.496, 1909, Mar Average, Antigua and Barbuda, ATG
120.245, 1909, Apr Average, Antigua and Barbuda, ATG
111.104, 1909, May Average, Antigua and Barbuda, ATG
329.171, 1909, Jun Average, Antigua and Barbuda, ATG
163.741, 1909, Jul Average, Antigua and Barbuda, ATG
496.213, 1909, Aug Average, Antigua and Barbuda, ATG
197.366, 1909, Sep Average, Antigua and Barbuda, ATG
264.385, 1909, Oct Average, Antigua and Barbuda, ATG
559.234, 1909, Nov Average, Antigua and Barbuda, ATG
113.995, 1909, Dec Average, Antigua and Barbuda, ATG
197.746, 1910, Jan Average, Antigua and Barbuda, ATG
158.128, 1910, Feb Average, Antigua and Barbuda, ATG
167.158, 1910, Mar Average, Antigua and Barbuda, ATG
52.4206, 1910, Apr Average, Antigua and Barbuda, ATG
468.611, 1910, May Average, Antigua and Barbuda, ATG
191.801, 1910, Jun Average, Antigua and Barbuda, ATG
204.661, 1910, Jul Average, Antigua and Barbuda, ATG
247.86, 1910, Aug Average, Antigua and Barbuda, ATG
304.004, 1910, Sep Average, Antigua and Barbuda, ATG
107.356, 1910, Oct Average, Antigua and Barbuda, ATG
138.656, 1910, Nov Average, Antigua and Barbuda, ATG
181.468, 1910, Dec Average, Antigua and Barbuda, ATG
201.196, 1911, Jan Average, Antigua and Barbuda, ATG
219.403, 1911, Feb Average, Antigua and Barbuda, ATG
54.4264, 1911, Mar Average, Antigua and Barbuda, ATG
169.883, 1911, Apr Average, Antigua and Barbuda, ATG
264.055, 1911, May Average, Antigua and Barbuda, ATG
101.265, 1911, Jun Average, Antigua and Barbuda, ATG
273.388, 1911, Jul Average, Antigua and Barbuda, ATG
191.322, 1911, Aug Average, Antigua and Barbuda, ATG
253.69, 1911, Sep Average, Antigua and Barbuda, ATG
206.935, 1911, Oct Average, Antigua and Barbuda, ATG
169.57, 1911, Nov Average, Antigua and Barbuda, ATG
545.308, 1911, Dec Average, Antigua and Barbuda, ATG
101.744, 1912, Jan Average, Antigua and Barbuda, ATG
85.2307, 1912, Feb Average, Antigua and Barbuda, ATG
97.4218, 1912, Mar Average, Antigua and Barbuda, ATG
242.191, 1912, Apr Average, Antigua and Barbuda, ATG
105.162, 1912, May Average, Antigua and Barbuda, ATG
128.098, 1912, Jun Average, Antigua and Barbuda, ATG
104.022, 1912, Jul Average, Antigua and Barbuda, ATG
119.429, 1912, Aug Average, Antigua and Barbuda, ATG
188.917, 1912, Sep Average, Antigua and Barbuda, ATG
366.453, 1912, Oct Average, Antigua and Barbuda, ATG
390.23, 1912, Nov Average, Antigua and Barbuda, ATG
151.849, 1912, Dec Average, Antigua and Barbuda, ATG
197.058, 1913, Jan Average, Antigua and Barbuda, ATG
167.074, 1913, Feb Average, Antigua and Barbuda, ATG
189.642, 1913, Mar Average, Antigua and Barbuda, ATG
181.941, 1913, Apr Average, Antigua and Barbuda, ATG
146.233, 1913, May Average, Antigua and Barbuda, ATG
147.929, 1913, Jun Average, Antigua and Barbuda, ATG
130.211, 1913, Jul Average, Antigua and Barbuda, ATG
134.234, 1913, Aug Average, Antigua and Barbuda, ATG
268.086, 1913, Sep Average, Antigua and Barbuda, ATG
442.502, 1913, Oct Average, Antigua and Barbuda, ATG
234.034, 1913, Nov Average, Antigua and Barbuda, ATG
134.794, 1913, Dec Average, Antigua and Barbuda, ATG
114.412, 1914, Jan Average, Antigua and Barbuda, ATG
233.677, 1914, Feb Average, Antigua and Barbuda, ATG
143.334, 1914, Mar Average, Antigua and Barbuda, ATG
119.508, 1914, Apr Average, Antigua and Barbuda, ATG
391.112, 1914, May Average, Antigua and Barbuda, ATG
157.686, 1914, Jun Average, Antigua and Barbuda, ATG
131.677, 1914, Jul Average, Antigua and Barbuda, ATG
195.432, 1914, Aug Average, Antigua and Barbuda, ATG
187.053, 1914, Sep Average, Antigua and Barbuda, ATG
161.288, 1914, Oct Average, Antigua and Barbuda, ATG
303.319, 1914, Nov Average, Antigua and Barbuda, ATG
280.929, 1914, Dec Average, Antigua and Barbuda, ATG
186.683, 1915, Jan Average, Antigua and Barbuda, ATG
192.326, 1915, Feb Average, Antigua and Barbuda, ATG
107.548, 1915, Mar Average, Antigua and Barbuda, ATG
279.798, 1915, Apr Average, Antigua and Barbuda, ATG
137.52, 1915, May Average, Antigua and Barbuda, ATG
238.345, 1915, Jun Average, Antigua and Barbuda, ATG
229.184, 1915, Jul Average, Antigua and Barbuda, ATG
138.579, 1915, Aug Average, Antigua and Barbuda, ATG
262.061, 1915, Sep Average, Antigua and Barbuda, ATG
204.872, 1915, Oct Average, Antigua and Barbuda, ATG
427.486, 1915, Nov Average, Antigua and Barbuda, ATG
211.801, 1915, Dec Average, Antigua and Barbuda, ATG
162.416, 1916, Jan Average, Antigua and Barbuda, ATG
126.475, 1916, Feb Average, Antigua and Barbuda, ATG
37.3222, 1916, Mar Average, Antigua and Barbuda, ATG
146.008, 1916, Apr Average, Antigua and Barbuda, ATG
160.928, 1916, May Average, Antigua and Barbuda, ATG
200.711, 1916, Jun Average, Antigua and Barbuda, ATG
264.897, 1916, Jul Average, Antigua and Barbuda, ATG
396.156, 1916, Aug Average, Antigua and Barbuda, ATG
491.63, 1916, Sep Average, Antigua and Barbuda, ATG
348.132, 1916, Oct Average, Antigua and Barbuda, ATG
418.667, 1916, Nov Average, Antigua and Barbuda, ATG
116.015, 1916, Dec Average, Antigua and Barbuda, ATG
98.7703, 1917, Jan Average, Antigua and Barbuda, ATG
96.3115, 1917, Feb Average, Antigua and Barbuda, ATG
57.352, 1917, Mar Average, Antigua and Barbuda, ATG
137.643, 1917, Apr Average, Antigua and Barbuda, ATG
264.403, 1917, May Average, Antigua and Barbuda, ATG
205.207, 1917, Jun Average, Antigua and Barbuda, ATG
280.978, 1917, Jul Average, Antigua and Barbuda, ATG
191.42, 1917, Aug Average, Antigua and Barbuda, ATG
273.632, 1917, Sep Average, Antigua and Barbuda, ATG
131.694, 1917, Oct Average, Antigua and Barbuda, ATG
380.787, 1917, Nov Average, Antigua and Barbuda, ATG
165.232, 1917, Dec Average, Antigua and Barbuda, ATG
135.773, 1918, Jan Average, Antigua and Barbuda, ATG
142.342, 1918, Feb Average, Antigua and Barbuda, ATG
76.13, 1918, Mar Average, Antigua and Barbuda, ATG
114.142, 1918, Apr Average, Antigua and Barbuda, ATG
102.727, 1918, May Average, Antigua and Barbuda, ATG
168.971, 1918, Jun Average, Antigua and Barbuda, ATG
198.674, 1918, Jul Average, Antigua and Barbuda, ATG
94.6785, 1918, Aug Average, Antigua and Barbuda, ATG
281.082, 1918, Sep Average, Antigua and Barbuda, ATG
220.19, 1918, Oct Average, Antigua and Barbuda, ATG
289.168, 1918, Nov Average, Antigua and Barbuda, ATG
248.919, 1918, Dec Average, Antigua and Barbuda, ATG
130.358, 1919, Jan Average, Antigua and Barbuda, ATG
80.8586, 1919, Feb Average, Antigua and Barbuda, ATG
90.8894, 1919, Mar Average, Antigua and Barbuda, ATG
294.486, 1919, Apr Average, Antigua and Barbuda, ATG
103.247, 1919, May Average, Antigua and Barbuda, ATG
266.292, 1919, Jun Average, Antigua and Barbuda, ATG
405.23, 1919, Jul Average, Antigua and Barbuda, ATG
90.5368, 1919, Aug Average, Antigua and Barbuda, ATG
486.936, 1919, Sep Average, Antigua and Barbuda, ATG
210.953, 1919, Oct Average, Antigua and Barbuda, ATG
274.133, 1919, Nov Average, Antigua and Barbuda, ATG
235.141, 1919, Dec Average, Antigua and Barbuda, ATG
265.005, 1920, Jan Average, Antigua and Barbuda, ATG
175.443, 1920, Feb Average, Antigua and Barbuda, ATG
168.581, 1920, Mar Average, Antigua and Barbuda, ATG
51.2372, 1920, Apr Average, Antigua and Barbuda, ATG
105.361, 1920, May Average, Antigua and Barbuda, ATG
125.219, 1920, Jun Average, Antigua and Barbuda, ATG
184.907, 1920, Jul Average, Antigua and Barbuda, ATG
217.942, 1920, Aug Average, Antigua and Barbuda, ATG
258.398, 1920, Sep Average, Antigua and Barbuda, ATG
239.332, 1920, Oct Average, Antigua and Barbuda, ATG
219.653, 1920, Nov Average, Antigua and Barbuda, ATG
187.653, 1920, Dec Average, Antigua and Barbuda, ATG
275.638, 1921, Jan Average, Antigua and Barbuda, ATG
156.962, 1921, Feb Average, Antigua and Barbuda, ATG
158.162, 1921, Mar Average, Antigua and Barbuda, ATG
149.443, 1921, Apr Average, Antigua and Barbuda, ATG
136.014, 1921, May Average, Antigua and Barbuda, ATG
126.568, 1921, Jun Average, Antigua and Barbuda, ATG
425.06, 1921, Jul Average, Antigua and Barbuda, ATG
186.765, 1921, Aug Average, Antigua and Barbuda, ATG
345.327, 1921, Sep Average, Antigua and Barbuda, ATG
246.826, 1921, Oct Average, Antigua and Barbuda, ATG
180.242, 1921, Nov Average, Antigua and Barbuda, ATG
140.432, 1921, Dec Average, Antigua and Barbuda, ATG
243.495, 1922, Jan Average, Antigua and Barbuda, ATG
186.549, 1922, Feb Average, Antigua and Barbuda, ATG
186.012, 1922, Mar Average, Antigua and Barbuda, ATG
110.263, 1922, Apr Average, Antigua and Barbuda, ATG
96.5213, 1922, May Average, Antigua and Barbuda, ATG
110.049, 1922, Jun Average, Antigua and Barbuda, ATG
208.161, 1922, Jul Average, Antigua and Barbuda, ATG
228.577, 1922, Aug Average, Antigua and Barbuda, ATG
224.814, 1922, Sep Average, Antigua and Barbuda, ATG
224.078, 1922, Oct Average, Antigua and Barbuda, ATG
155.73, 1922, Nov Average, Antigua and Barbuda, ATG
311.322, 1922, Dec Average, Antigua and Barbuda, ATG
109.196, 1923, Jan Average, Antigua and Barbuda, ATG
100.726, 1923, Feb Average, Antigua and Barbuda, ATG
70.558, 1923, Mar Average, Antigua and Barbuda, ATG
206.18, 1923, Apr Average, Antigua and Barbuda, ATG
67.5105, 1923, May Average, Antigua and Barbuda, ATG
219.881, 1923, Jun Average, Antigua and Barbuda, ATG
159.35, 1923, Jul Average, Antigua and Barbuda, ATG
170.581, 1923, Aug Average, Antigua and Barbuda, ATG
211.692, 1923, Sep Average, Antigua and Barbuda, ATG
307.873, 1923, Oct Average, Antigua and Barbuda, ATG
282.121, 1923, Nov Average, Antigua and Barbuda, ATG
99.0353, 1923, Dec Average, Antigua and Barbuda, ATG
134.866, 1924, Jan Average, Antigua and Barbuda, ATG
152.723, 1924, Feb Average, Antigua and Barbuda, ATG
79.3093, 1924, Mar Average, Antigua and Barbuda, ATG
153.705, 1924, Apr Average, Antigua and Barbuda, ATG
148.136, 1924, May Average, Antigua and Barbuda, ATG
185.387, 1924, Jun Average, Antigua and Barbuda, ATG
179.945, 1924, Jul Average, Antigua and Barbuda, ATG
238.752, 1924, Aug Average, Antigua and Barbuda, ATG
173.352, 1924, Sep Average, Antigua and Barbuda, ATG
164.567, 1924, Oct Average, Antigua and Barbuda, ATG
487.664, 1924, Nov Average, Antigua and Barbuda, ATG
203.441, 1924, Dec Average, Antigua and Barbuda, ATG
106.703, 1925, Jan Average, Antigua and Barbuda, ATG
116.914, 1925, Feb Average, Antigua and Barbuda, ATG
99.1922, 1925, Mar Average, Antigua and Barbuda, ATG
193.958, 1925, Apr Average, Antigua and Barbuda, ATG
97.4764, 1925, May Average, Antigua and Barbuda, ATG
168.221, 1925, Jun Average, Antigua and Barbuda, ATG
217.946, 1925, Jul Average, Antigua and Barbuda, ATG
160.299, 1925, Aug Average, Antigua and Barbuda, ATG
241.862, 1925, Sep Average, Antigua and Barbuda, ATG
197.794, 1925, Oct Average, Antigua and Barbuda, ATG
427.935, 1925, Nov Average, Antigua and Barbuda, ATG
71.4795, 1925, Dec Average, Antigua and Barbuda, ATG
187.216, 1926, Jan Average, Antigua and Barbuda, ATG
102.932, 1926, Feb Average, Antigua and Barbuda, ATG
114.602, 1926, Mar Average, Antigua and Barbuda, ATG
91.9225, 1926, Apr Average, Antigua and Barbuda, ATG
127.473, 1926, May Average, Antigua and Barbuda, ATG
87.1056, 1926, Jun Average, Antigua and Barbuda, ATG
292.368, 1926, Jul Average, Antigua and Barbuda, ATG
238.609, 1926, Aug Average, Antigua and Barbuda, ATG
173.475, 1926, Sep Average, Antigua and Barbuda, ATG
343.463, 1926, Oct Average, Antigua and Barbuda, ATG
163.1, 1926, Nov Average, Antigua and Barbuda, ATG
128.877, 1926, Dec Average, Antigua and Barbuda, ATG
188.954, 1927, Jan Average, Antigua and Barbuda, ATG
155.518, 1927, Feb Average, Antigua and Barbuda, ATG
168.224, 1927, Mar Average, Antigua and Barbuda, ATG
193.357, 1927, Apr Average, Antigua and Barbuda, ATG
139.51, 1927, May Average, Antigua and Barbuda, ATG
205.677, 1927, Jun Average, Antigua and Barbuda, ATG
284.934, 1927, Jul Average, Antigua and Barbuda, ATG
173.485, 1927, Aug Average, Antigua and Barbuda, ATG
233.354, 1927, Sep Average, Antigua and Barbuda, ATG
547.708, 1927, Oct Average, Antigua and Barbuda, ATG
359.412, 1927, Nov Average, Antigua and Barbuda, ATG
127.116, 1927, Dec Average, Antigua and Barbuda, ATG
142.695, 1928, Jan Average, Antigua and Barbuda, ATG
89.4137, 1928, Feb Average, Antigua and Barbuda, ATG
77.1928, 1928, Mar Average, Antigua and Barbuda, ATG
75.987, 1928, Apr Average, Antigua and Barbuda, ATG
317.88, 1928, May Average, Antigua and Barbuda, ATG
94.7874, 1928, Jun Average, Antigua and Barbuda, ATG
224.048, 1928, Jul Average, Antigua and Barbuda, ATG
315.121, 1928, Aug Average, Antigua and Barbuda, ATG
629.857, 1928, Sep Average, Antigua and Barbuda, ATG
235.866, 1928, Oct Average, Antigua and Barbuda, ATG
384.244, 1928, Nov Average, Antigua and Barbuda, ATG
252.255, 1928, Dec Average, Antigua and Barbuda, ATG
166.069, 1929, Jan Average, Antigua and Barbuda, ATG
71.2512, 1929, Feb Average, Antigua and Barbuda, ATG
118.412, 1929, Mar Average, Antigua and Barbuda, ATG
89.6216, 1929, Apr Average, Antigua and Barbuda, ATG
267.002, 1929, May Average, Antigua and Barbuda, ATG
209.102, 1929, Jun Average, Antigua and Barbuda, ATG
113.911, 1929, Jul Average, Antigua and Barbuda, ATG
370.686, 1929, Aug Average, Antigua and Barbuda, ATG
349.191, 1929, Sep Average, Antigua and Barbuda, ATG
240.837, 1929, Oct Average, Antigua and Barbuda, ATG
178.028, 1929, Nov Average, Antigua and Barbuda, ATG
114.003, 1929, Dec Average, Antigua and Barbuda, ATG
366.477, 1930, Jan Average, Antigua and Barbuda, ATG
85.4164, 1930, Feb Average, Antigua and Barbuda, ATG
103.293, 1930, Mar Average, Antigua and Barbuda, ATG
95.0501, 1930, Apr Average, Antigua and Barbuda, ATG
160.695, 1930, May Average, Antigua and Barbuda, ATG
183.63, 1930, Jun Average, Antigua and Barbuda, ATG
93.4035, 1930, Jul Average, Antigua and Barbuda, ATG
128.781, 1930, Aug Average, Antigua and Barbuda, ATG
280.395, 1930, Sep Average, Antigua and Barbuda, ATG
206.763, 1930, Oct Average, Antigua and Barbuda, ATG
324.469, 1930, Nov Average, Antigua and Barbuda, ATG
191.709, 1930, Dec Average, Antigua and Barbuda, ATG
90.1332, 1931, Jan Average, Antigua and Barbuda, ATG
260.792, 1931, Feb Average, Antigua and Barbuda, ATG
99.795, 1931, Mar Average, Antigua and Barbuda, ATG
262.438, 1931, Apr Average, Antigua and Barbuda, ATG
288.829, 1931, May Average, Antigua and Barbuda, ATG
419.388, 1931, Jun Average, Antigua and Barbuda, ATG
294.07, 1931, Jul Average, Antigua and Barbuda, ATG
297.27, 1931, Aug Average, Antigua and Barbuda, ATG
551.484, 1931, Sep Average, Antigua and Barbuda, ATG
359.846, 1931, Oct Average, Antigua and Barbuda, ATG
513.551, 1931, Nov Average, Antigua and Barbuda, ATG
162.913, 1931, Dec Average, Antigua and Barbuda, ATG
154.647, 1932, Jan Average, Antigua and Barbuda, ATG
55.7788, 1932, Feb Average, Antigua and Barbuda, ATG
98.7771, 1932, Mar Average, Antigua and Barbuda, ATG
173.91, 1932, Apr Average, Antigua and Barbuda, ATG
269.92, 1932, May Average, Antigua and Barbuda, ATG
272.02, 1932, Jun Average, Antigua and Barbuda, ATG
262.874, 1932, Jul Average, Antigua and Barbuda, ATG
196.193, 1932, Aug Average, Antigua and Barbuda, ATG
315.863, 1932, Sep Average, Antigua and Barbuda, ATG
280.884, 1932, Oct Average, Antigua and Barbuda, ATG
465.952, 1932, Nov Average, Antigua and Barbuda, ATG
153.595, 1932, Dec Average, Antigua and Barbuda, ATG
189.305, 1933, Jan Average, Antigua and Barbuda, ATG
59.1232, 1933, Feb Average, Antigua and Barbuda, ATG
96.2123, 1933, Mar Average, Antigua and Barbuda, ATG
113.579, 1933, Apr Average, Antigua and Barbuda, ATG
356.714, 1933, May Average, Antigua and Barbuda, ATG
231.483, 1933, Jun Average, Antigua and Barbuda, ATG
226.843, 1933, Jul Average, Antigua and Barbuda, ATG
235.652, 1933, Aug Average, Antigua and Barbuda, ATG
527.755, 1933, Sep Average, Antigua and Barbuda, ATG
244.047, 1933, Oct Average, Antigua and Barbuda, ATG
348.332, 1933, Nov Average, Antigua and Barbuda, ATG
158.677, 1933, Dec Average, Antigua and Barbuda, ATG
103.675, 1934, Jan Average, Antigua and Barbuda, ATG
33.2319, 1934, Feb Average, Antigua and Barbuda, ATG
105.293, 1934, Mar Average, Antigua and Barbuda, ATG
92.7303, 1934, Apr Average, Antigua and Barbuda, ATG
164.491, 1934, May Average, Antigua and Barbuda, ATG
88.7047, 1934, Jun Average, Antigua and Barbuda, ATG
201.56, 1934, Jul Average, Antigua and Barbuda, ATG
231.25, 1934, Aug Average, Antigua and Barbuda, ATG
186.135, 1934, Sep Average, Antigua and Barbuda, ATG
137.324, 1934, Oct Average, Antigua and Barbuda, ATG
211.284, 1934, Nov Average, Antigua and Barbuda, ATG
293.498, 1934, Dec Average, Antigua and Barbuda, ATG
115.478, 1935, Jan Average, Antigua and Barbuda, ATG
89.2705, 1935, Feb Average, Antigua and Barbuda, ATG
129.345, 1935, Mar Average, Antigua and Barbuda, ATG
148.952, 1935, Apr Average, Antigua and Barbuda, ATG
232.561, 1935, May Average, Antigua and Barbuda, ATG
107.771, 1935, Jun Average, Antigua and Barbuda, ATG
262.738, 1935, Jul Average, Antigua and Barbuda, ATG
314.992, 1935, Aug Average, Antigua and Barbuda, ATG
262.373, 1935, Sep Average, Antigua and Barbuda, ATG
245.71, 1935, Oct Average, Antigua and Barbuda, ATG
140.03, 1935, Nov Average, Antigua and Barbuda, ATG
173.373, 1935, Dec Average, Antigua and Barbuda, ATG
87.6038, 1936, Jan Average, Antigua and Barbuda, ATG
82.8844, 1936, Feb Average, Antigua and Barbuda, ATG
35.0967, 1936, Mar Average, Antigua and Barbuda, ATG
66.3623, 1936, Apr Average, Antigua and Barbuda, ATG
514.768, 1936, May Average, Antigua and Barbuda, ATG
274.536, 1936, Jun Average, Antigua and Barbuda, ATG
280.415, 1936, Jul Average, Antigua and Barbuda, ATG
323.649, 1936, Aug Average, Antigua and Barbuda, ATG
319.071, 1936, Sep Average, Antigua and Barbuda, ATG
379.275, 1936, Oct Average, Antigua and Barbuda, ATG
236.909, 1936, Nov Average, Antigua and Barbuda, ATG
218.06, 1936, Dec Average, Antigua and Barbuda, ATG
214.289, 1937, Jan Average, Antigua and Barbuda, ATG
57.3072, 1937, Feb Average, Antigua and Barbuda, ATG
43.0018, 1937, Mar Average, Antigua and Barbuda, ATG
158.273, 1937, Apr Average, Antigua and Barbuda, ATG
66.8891, 1937, May Average, Antigua and Barbuda, ATG
101.822, 1937, Jun Average, Antigua and Barbuda, ATG
138.63, 1937, Jul Average, Antigua and Barbuda, ATG
157.545, 1937, Aug Average, Antigua and Barbuda, ATG
232.214, 1937, Sep Average, Antigua and Barbuda, ATG
177.964, 1937, Oct Average, Antigua and Barbuda, ATG
306.393, 1937, Nov Average, Antigua and Barbuda, ATG
96.4858, 1937, Dec Average, Antigua and Barbuda, ATG
108.765, 1938, Jan Average, Antigua and Barbuda, ATG
66.4356, 1938, Feb Average, Antigua and Barbuda, ATG
88.2153, 1938, Mar Average, Antigua and Barbuda, ATG
95.4856, 1938, Apr Average, Antigua and Barbuda, ATG
206.164, 1938, May Average, Antigua and Barbuda, ATG
309.796, 1938, Jun Average, Antigua and Barbuda, ATG
166.687, 1938, Jul Average, Antigua and Barbuda, ATG
286.5, 1938, Aug Average, Antigua and Barbuda, ATG
264.363, 1938, Sep Average, Antigua and Barbuda, ATG
205.676, 1938, Oct Average, Antigua and Barbuda, ATG
530.086, 1938, Nov Average, Antigua and Barbuda, ATG
240.746, 1938, Dec Average, Antigua and Barbuda, ATG
128.759, 1939, Jan Average, Antigua and Barbuda, ATG
90.5676, 1939, Feb Average, Antigua and Barbuda, ATG
137.953, 1939, Mar Average, Antigua and Barbuda, ATG
91.0865, 1939, Apr Average, Antigua and Barbuda, ATG
114.84, 1939, May Average, Antigua and Barbuda, ATG
164.294, 1939, Jun Average, Antigua and Barbuda, ATG
101.32, 1939, Jul Average, Antigua and Barbuda, ATG
140.959, 1939, Aug Average, Antigua and Barbuda, ATG
212.676, 1939, Sep Average, Antigua and Barbuda, ATG
275.813, 1939, Oct Average, Antigua and Barbuda, ATG
344.138, 1939, Nov Average, Antigua and Barbuda, ATG
72.9934, 1939, Dec Average, Antigua and Barbuda, ATG
70.2503, 1940, Jan Average, Antigua and Barbuda, ATG
129.431, 1940, Feb Average, Antigua and Barbuda, ATG
107.436, 1940, Mar Average, Antigua and Barbuda, ATG
129.781, 1940, Apr Average, Antigua and Barbuda, ATG
164.118, 1940, May Average, Antigua and Barbuda, ATG
226.783, 1940, Jun Average, Antigua and Barbuda, ATG
154.985, 1940, Jul Average, Antigua and Barbuda, ATG
126.623, 1940, Aug Average, Antigua and Barbuda, ATG
145.583, 1940, Sep Average, Antigua and Barbuda, ATG
210.125, 1940, Oct Average, Antigua and Barbuda, ATG
349.077, 1940, Nov Average, Antigua and Barbuda, ATG
157.741, 1940, Dec Average, Antigua and Barbuda, ATG
148.607, 1941, Jan Average, Antigua and Barbuda, ATG
15.1388, 1941, Feb Average, Antigua and Barbuda, ATG
83.1044, 1941, Mar Average, Antigua and Barbuda, ATG
198.939, 1941, Apr Average, Antigua and Barbuda, ATG
256.614, 1941, May Average, Antigua and Barbuda, ATG
239.908, 1941, Jun Average, Antigua and Barbuda, ATG
230.968, 1941, Jul Average, Antigua and Barbuda, ATG
153.998, 1941, Aug Average, Antigua and Barbuda, ATG
330.904, 1941, Sep Average, Antigua and Barbuda, ATG
144.795, 1941, Oct Average, Antigua and Barbuda, ATG
321.901, 1941, Nov Average, Antigua and Barbuda, ATG
128.12, 1941, Dec Average, Antigua and Barbuda, ATG
121.567, 1942, Jan Average, Antigua and Barbuda, ATG
128.167, 1942, Feb Average, Antigua and Barbuda, ATG
80.6702, 1942, Mar Average, Antigua and Barbuda, ATG
310.228, 1942, Apr Average, Antigua and Barbuda, ATG
197.077, 1942, May Average, Antigua and Barbuda, ATG
233.649, 1942, Jun Average, Antigua and Barbuda, ATG
205.229, 1942, Jul Average, Antigua and Barbuda, ATG
162.37, 1942, Aug Average, Antigua and Barbuda, ATG
409.396, 1942, Sep Average, Antigua and Barbuda, ATG
278.529, 1942, Oct Average, Antigua and Barbuda, ATG
556.848, 1942, Nov Average, Antigua and Barbuda, ATG
133.481, 1942, Dec Average, Antigua and Barbuda, ATG
178.915, 1943, Jan Average, Antigua and Barbuda, ATG
83.253, 1943, Feb Average, Antigua and Barbuda, ATG
126.562, 1943, Mar Average, Antigua and Barbuda, ATG
150.023, 1943, Apr Average, Antigua and Barbuda, ATG
237.323, 1943, May Average, Antigua and Barbuda, ATG
170.277, 1943, Jun Average, Antigua and Barbuda, ATG
158.118, 1943, Jul Average, Antigua and Barbuda, ATG
252.794, 1943, Aug Average, Antigua and Barbuda, ATG
177.333, 1943, Sep Average, Antigua and Barbuda, ATG
285.22, 1943, Oct Average, Antigua and Barbuda, ATG
178.564, 1943, Nov Average, Antigua and Barbuda, ATG
166.458, 1943, Dec Average, Antigua and Barbuda, ATG
109.093, 1944, Jan Average, Antigua and Barbuda, ATG
100.95, 1944, Feb Average, Antigua and Barbuda, ATG
46.0022, 1944, Mar Average, Antigua and Barbuda, ATG
84.6456, 1944, Apr Average, Antigua and Barbuda, ATG
313.138, 1944, May Average, Antigua and Barbuda, ATG
250.203, 1944, Jun Average, Antigua and Barbuda, ATG
293.436, 1944, Jul Average, Antigua and Barbuda, ATG
237.261, 1944, Aug Average, Antigua and Barbuda, ATG
308.395, 1944, Sep Average, Antigua and Barbuda, ATG
300.79, 1944, Oct Average, Antigua and Barbuda, ATG
199.919, 1944, Nov Average, Antigua and Barbuda, ATG
164.427, 1944, Dec Average, Antigua and Barbuda, ATG
63.963, 1945, Jan Average, Antigua and Barbuda, ATG
100.908, 1945, Feb Average, Antigua and Barbuda, ATG
60.3013, 1945, Mar Average, Antigua and Barbuda, ATG
264.49, 1945, Apr Average, Antigua and Barbuda, ATG
217.499, 1945, May Average, Antigua and Barbuda, ATG
115.687, 1945, Jun Average, Antigua and Barbuda, ATG
217.911, 1945, Jul Average, Antigua and Barbuda, ATG
244.798, 1945, Aug Average, Antigua and Barbuda, ATG
205.596, 1945, Sep Average, Antigua and Barbuda, ATG
288.263, 1945, Oct Average, Antigua and Barbuda, ATG
154.513, 1945, Nov Average, Antigua and Barbuda, ATG
165.726, 1945, Dec Average, Antigua and Barbuda, ATG
120.461, 1946, Jan Average, Antigua and Barbuda, ATG
111.558, 1946, Feb Average, Antigua and Barbuda, ATG
49.6622, 1946, Mar Average, Antigua and Barbuda, ATG
127.108, 1946, Apr Average, Antigua and Barbuda, ATG
310.825, 1946, May Average, Antigua and Barbuda, ATG
128.842, 1946, Jun Average, Antigua and Barbuda, ATG
143.74, 1946, Jul Average, Antigua and Barbuda, ATG
172.541, 1946, Aug Average, Antigua and Barbuda, ATG
200.451, 1946, Sep Average, Antigua and Barbuda, ATG
236.195, 1946, Oct Average, Antigua and Barbuda, ATG
197.15, 1946, Nov Average, Antigua and Barbuda, ATG
148.843, 1946, Dec Average, Antigua and Barbuda, ATG
211.327, 1947, Jan Average, Antigua and Barbuda, ATG
62.4463, 1947, Feb Average, Antigua and Barbuda, ATG
70.9272, 1947, Mar Average, Antigua and Barbuda, ATG
120.257, 1947, Apr Average, Antigua and Barbuda, ATG
208.648, 1947, May Average, Antigua and Barbuda, ATG
120.269, 1947, Jun Average, Antigua and Barbuda, ATG
154.48, 1947, Jul Average, Antigua and Barbuda, ATG
126.869, 1947, Aug Average, Antigua and Barbuda, ATG
244.89, 1947, Sep Average, Antigua and Barbuda, ATG
231.58, 1947, Oct Average, Antigua and Barbuda, ATG
145.376, 1947, Nov Average, Antigua and Barbuda, ATG
107.379, 1947, Dec Average, Antigua and Barbuda, ATG
100.028, 1948, Jan Average, Antigua and Barbuda, ATG
101.039, 1948, Feb Average, Antigua and Barbuda, ATG
110.177, 1948, Mar Average, Antigua and Barbuda, ATG
122.312, 1948, Apr Average, Antigua and Barbuda, ATG
193.005, 1948, May Average, Antigua and Barbuda, ATG
215.287, 1948, Jun Average, Antigua and Barbuda, ATG
249.292, 1948, Jul Average, Antigua and Barbuda, ATG
321.436, 1948, Aug Average, Antigua and Barbuda, ATG
244.434, 1948, Sep Average, Antigua and Barbuda, ATG
350.51, 1948, Oct Average, Antigua and Barbuda, ATG
394.34, 1948, Nov Average, Antigua and Barbuda, ATG
165.399, 1948, Dec Average, Antigua and Barbuda, ATG
128.362, 1949, Jan Average, Antigua and Barbuda, ATG
114.301, 1949, Feb Average, Antigua and Barbuda, ATG
128.235, 1949, Mar Average, Antigua and Barbuda, ATG
99.5915, 1949, Apr Average, Antigua and Barbuda, ATG
142.482, 1949, May Average, Antigua and Barbuda, ATG
227.78, 1949, Jun Average, Antigua and Barbuda, ATG
190.428, 1949, Jul Average, Antigua and Barbuda, ATG
189.769, 1949, Aug Average, Antigua and Barbuda, ATG
481.487, 1949, Sep Average, Antigua and Barbuda, ATG
356.104, 1949, Oct Average, Antigua and Barbuda, ATG
156.764, 1949, Nov Average, Antigua and Barbuda, ATG
166.944, 1949, Dec Average, Antigua and Barbuda, ATG
237.821, 1950, Jan Average, Antigua and Barbuda, ATG
124.129, 1950, Feb Average, Antigua and Barbuda, ATG
118.594, 1950, Mar Average, Antigua and Barbuda, ATG
229.219, 1950, Apr Average, Antigua and Barbuda, ATG
219.932, 1950, May Average, Antigua and Barbuda, ATG
230.407, 1950, Jun Average, Antigua and Barbuda, ATG
145.265, 1950, Jul Average, Antigua and Barbuda, ATG
257.027, 1950, Aug Average, Antigua and Barbuda, ATG
221.015, 1950, Sep Average, Antigua and Barbuda, ATG
330.897, 1950, Oct Average, Antigua and Barbuda, ATG
235.92, 1950, Nov Average, Antigua and Barbuda, ATG
206.546, 1950, Dec Average, Antigua and Barbuda, ATG
154.435, 1951, Jan Average, Antigua and Barbuda, ATG
79.1149, 1951, Feb Average, Antigua and Barbuda, ATG
66.2635, 1951, Mar Average, Antigua and Barbuda, ATG
148.364, 1951, Apr Average, Antigua and Barbuda, ATG
226.967, 1951, May Average, Antigua and Barbuda, ATG
198.087, 1951, Jun Average, Antigua and Barbuda, ATG
241.189, 1951, Jul Average, Antigua and Barbuda, ATG
291.141, 1951, Aug Average, Antigua and Barbuda, ATG
308.341, 1951, Sep Average, Antigua and Barbuda, ATG
217.765, 1951, Oct Average, Antigua and Barbuda, ATG
184.448, 1951, Nov Average, Antigua and Barbuda, ATG
255.312, 1951, Dec Average, Antigua and Barbuda, ATG
200.444, 1952, Jan Average, Antigua and Barbuda, ATG
90.2411, 1952, Feb Average, Antigua and Barbuda, ATG
113.269, 1952, Mar Average, Antigua and Barbuda, ATG
286.906, 1952, Apr Average, Antigua and Barbuda, ATG
210.527, 1952, May Average, Antigua and Barbuda, ATG
157.014, 1952, Jun Average, Antigua and Barbuda, ATG
377.551, 1952, Jul Average, Antigua and Barbuda, ATG
413.986, 1952, Aug Average, Antigua and Barbuda, ATG
397.236, 1952, Sep Average, Antigua and Barbuda, ATG
229.646, 1952, Oct Average, Antigua and Barbuda, ATG
304.821, 1952, Nov Average, Antigua and Barbuda, ATG
114.585, 1952, Dec Average, Antigua and Barbuda, ATG
172.79, 1953, Jan Average, Antigua and Barbuda, ATG
66.276, 1953, Feb Average, Antigua and Barbuda, ATG
121.533, 1953, Mar Average, Antigua and Barbuda, ATG
172.841, 1953, Apr Average, Antigua and Barbuda, ATG
161.202, 1953, May Average, Antigua and Barbuda, ATG
224.869, 1953, Jun Average, Antigua and Barbuda, ATG
201.063, 1953, Jul Average, Antigua and Barbuda, ATG
167.418, 1953, Aug Average, Antigua and Barbuda, ATG
309.505, 1953, Sep Average, Antigua and Barbuda, ATG
145.96, 1953, Oct Average, Antigua and Barbuda, ATG
409.03, 1953, Nov Average, Antigua and Barbuda, ATG
284.226, 1953, Dec Average, Antigua and Barbuda, ATG
235.864, 1954, Jan Average, Antigua and Barbuda, ATG
188.673, 1954, Feb Average, Antigua and Barbuda, ATG
129.04, 1954, Mar Average, Antigua and Barbuda, ATG
226.813, 1954, Apr Average, Antigua and Barbuda, ATG
116.993, 1954, May Average, Antigua and Barbuda, ATG
157.345, 1954, Jun Average, Antigua and Barbuda, ATG
181.648, 1954, Jul Average, Antigua and Barbuda, ATG
335.76, 1954, Aug Average, Antigua and Barbuda, ATG
442.149, 1954, Sep Average, Antigua and Barbuda, ATG
516.566, 1954, Oct Average, Antigua and Barbuda, ATG
151.949, 1954, Nov Average, Antigua and Barbuda, ATG
236.136, 1954, Dec Average, Antigua and Barbuda, ATG
150.106, 1955, Jan Average, Antigua and Barbuda, ATG
111.207, 1955, Feb Average, Antigua and Barbuda, ATG
114.27, 1955, Mar Average, Antigua and Barbuda, ATG
249.178, 1955, Apr Average, Antigua and Barbuda, ATG
219.903, 1955, May Average, Antigua and Barbuda, ATG
146.247, 1955, Jun Average, Antigua and Barbuda, ATG
176.259, 1955, Jul Average, Antigua and Barbuda, ATG
443.328, 1955, Aug Average, Antigua and Barbuda, ATG
350.947, 1955, Sep Average, Antigua and Barbuda, ATG
422.649, 1955, Oct Average, Antigua and Barbuda, ATG
319.793, 1955, Nov Average, Antigua and Barbuda, ATG
145.825, 1955, Dec Average, Antigua and Barbuda, ATG
145.586, 1956, Jan Average, Antigua and Barbuda, ATG
201.228, 1956, Feb Average, Antigua and Barbuda, ATG
109.021, 1956, Mar Average, Antigua and Barbuda, ATG
262.165, 1956, Apr Average, Antigua and Barbuda, ATG
102.924, 1956, May Average, Antigua and Barbuda, ATG
277.16, 1956, Jun Average, Antigua and Barbuda, ATG
170.574, 1956, Jul Average, Antigua and Barbuda, ATG
314.956, 1956, Aug Average, Antigua and Barbuda, ATG
173.648, 1956, Sep Average, Antigua and Barbuda, ATG
293.07, 1956, Oct Average, Antigua and Barbuda, ATG
292.37, 1956, Nov Average, Antigua and Barbuda, ATG
407.378, 1956, Dec Average, Antigua and Barbuda, ATG
169.464, 1957, Jan Average, Antigua and Barbuda, ATG
73.2563, 1957, Feb Average, Antigua and Barbuda, ATG
52.4246, 1957, Mar Average, Antigua and Barbuda, ATG
95.4841, 1957, Apr Average, Antigua and Barbuda, ATG
77.3715, 1957, May Average, Antigua and Barbuda, ATG
283.212, 1957, Jun Average, Antigua and Barbuda, ATG
229.294, 1957, Jul Average, Antigua and Barbuda, ATG
256.053, 1957, Aug Average, Antigua and Barbuda, ATG
137.462, 1957, Sep Average, Antigua and Barbuda, ATG
244.12, 1957, Oct Average, Antigua and Barbuda, ATG
334.485, 1957, Nov Average, Antigua and Barbuda, ATG
271.805, 1957, Dec Average, Antigua and Barbuda, ATG
75.1646, 1958, Jan Average, Antigua and Barbuda, ATG
66.6438, 1958, Feb Average, Antigua and Barbuda, ATG
35.1261, 1958, Mar Average, Antigua and Barbuda, ATG
259.32, 1958, Apr Average, Antigua and Barbuda, ATG
535.63, 1958, May Average, Antigua and Barbuda, ATG
294.154, 1958, Jun Average, Antigua and Barbuda, ATG
352.579, 1958, Jul Average, Antigua and Barbuda, ATG
231.898, 1958, Aug Average, Antigua and Barbuda, ATG
302.764, 1958, Sep Average, Antigua and Barbuda, ATG
438.158, 1958, Oct Average, Antigua and Barbuda, ATG
327.135, 1958, Nov Average, Antigua and Barbuda, ATG
181.527, 1958, Dec Average, Antigua and Barbuda, ATG
191.764, 1959, Jan Average, Antigua and Barbuda, ATG
115.489, 1959, Feb Average, Antigua and Barbuda, ATG
120.846, 1959, Mar Average, Antigua and Barbuda, ATG
161.016, 1959, Apr Average, Antigua and Barbuda, ATG
330.209, 1959, May Average, Antigua and Barbuda, ATG
116.66, 1959, Jun Average, Antigua and Barbuda, ATG
312.043, 1959, Jul Average, Antigua and Barbuda, ATG
163.993, 1959, Aug Average, Antigua and Barbuda, ATG
223.112, 1959, Sep Average, Antigua and Barbuda, ATG
175.023, 1959, Oct Average, Antigua and Barbuda, ATG
182.938, 1959, Nov Average, Antigua and Barbuda, ATG
202.142, 1959, Dec Average, Antigua and Barbuda, ATG
94.9238, 1960, Jan Average, Antigua and Barbuda, ATG
138.111, 1960, Feb Average, Antigua and Barbuda, ATG
169.344, 1960, Mar Average, Antigua and Barbuda, ATG
239.51, 1960, Apr Average, Antigua and Barbuda, ATG
204.482, 1960, May Average, Antigua and Barbuda, ATG
159.054, 1960, Jun Average, Antigua and Barbuda, ATG
290.068, 1960, Jul Average, Antigua and Barbuda, ATG
235.074, 1960, Aug Average, Antigua and Barbuda, ATG
353.022, 1960, Sep Average, Antigua and Barbuda, ATG
242.859, 1960, Oct Average, Antigua and Barbuda, ATG
340.555, 1960, Nov Average, Antigua and Barbuda, ATG
355.307, 1960, Dec Average, Antigua and Barbuda, ATG
160.692, 1961, Jan Average, Antigua and Barbuda, ATG
99.0246, 1961, Feb Average, Antigua and Barbuda, ATG
87.3415, 1961, Mar Average, Antigua and Barbuda, ATG
82.9187, 1961, Apr Average, Antigua and Barbuda, ATG
130.824, 1961, May Average, Antigua and Barbuda, ATG
137.215, 1961, Jun Average, Antigua and Barbuda, ATG
229.11, 1961, Jul Average, Antigua and Barbuda, ATG
294.09, 1961, Aug Average, Antigua and Barbuda, ATG
164.769, 1961, Sep Average, Antigua and Barbuda, ATG
304.69, 1961, Oct Average, Antigua and Barbuda, ATG
351.72, 1961, Nov Average, Antigua and Barbuda, ATG
232.057, 1961, Dec Average, Antigua and Barbuda, ATG
217.368, 1962, Jan Average, Antigua and Barbuda, ATG
121.412, 1962, Feb Average, Antigua and Barbuda, ATG
111.118, 1962, Mar Average, Antigua and Barbuda, ATG
286.275, 1962, Apr Average, Antigua and Barbuda, ATG
147.026, 1962, May Average, Antigua and Barbuda, ATG
280.385, 1962, Jun Average, Antigua and Barbuda, ATG
186.917, 1962, Jul Average, Antigua and Barbuda, ATG
263.575, 1962, Aug Average, Antigua and Barbuda, ATG
226.343, 1962, Sep Average, Antigua and Barbuda, ATG
291.921, 1962, Oct Average, Antigua and Barbuda, ATG
149.855, 1962, Nov Average, Antigua and Barbuda, ATG
136.814, 1962, Dec Average, Antigua and Barbuda, ATG
277.879, 1963, Jan Average, Antigua and Barbuda, ATG
110.857, 1963, Feb Average, Antigua and Barbuda, ATG
80.9403, 1963, Mar Average, Antigua and Barbuda, ATG
161.406, 1963, Apr Average, Antigua and Barbuda, ATG
206.498, 1963, May Average, Antigua and Barbuda, ATG
175.67, 1963, Jun Average, Antigua and Barbuda, ATG
309.459, 1963, Jul Average, Antigua and Barbuda, ATG
199.897, 1963, Aug Average, Antigua and Barbuda, ATG
261.745, 1963, Sep Average, Antigua and Barbuda, ATG
212.109, 1963, Oct Average, Antigua and Barbuda, ATG
226.411, 1963, Nov Average, Antigua and Barbuda, ATG
76.3525, 1963, Dec Average, Antigua and Barbuda, ATG
118.448, 1964, Jan Average, Antigua and Barbuda, ATG
116.457, 1964, Feb Average, Antigua and Barbuda, ATG
121.618, 1964, Mar Average, Antigua and Barbuda, ATG
221.338, 1964, Apr Average, Antigua and Barbuda, ATG
151.159, 1964, May Average, Antigua and Barbuda, ATG
164.935, 1964, Jun Average, Antigua and Barbuda, ATG
306.33, 1964, Jul Average, Antigua and Barbuda, ATG
225.292, 1964, Aug Average, Antigua and Barbuda, ATG
185.519, 1964, Sep Average, Antigua and Barbuda, ATG
224.584, 1964, Oct Average, Antigua and Barbuda, ATG
108.088, 1964, Nov Average, Antigua and Barbuda, ATG
124.72, 1964, Dec Average, Antigua and Barbuda, ATG
182.854, 1965, Jan Average, Antigua and Barbuda, ATG
50.4206, 1965, Feb Average, Antigua and Barbuda, ATG
52.0643, 1965, Mar Average, Antigua and Barbuda, ATG
169.492, 1965, Apr Average, Antigua and Barbuda, ATG
274.258, 1965, May Average, Antigua and Barbuda, ATG
200.148, 1965, Jun Average, Antigua and Barbuda, ATG
226.79, 1965, Jul Average, Antigua and Barbuda, ATG
170.761, 1965, Aug Average, Antigua and Barbuda, ATG
247.008, 1965, Sep Average, Antigua and Barbuda, ATG
198.239, 1965, Oct Average, Antigua and Barbuda, ATG
247.195, 1965, Nov Average, Antigua and Barbuda, ATG
355.023, 1965, Dec Average, Antigua and Barbuda, ATG
100.749, 1966, Jan Average, Antigua and Barbuda, ATG
156.958, 1966, Feb Average, Antigua and Barbuda, ATG
187.036, 1966, Mar Average, Antigua and Barbuda, ATG
166.646, 1966, Apr Average, Antigua and Barbuda, ATG
298.475, 1966, May Average, Antigua and Barbuda, ATG
199.275, 1966, Jun Average, Antigua and Barbuda, ATG
308.813, 1966, Jul Average, Antigua and Barbuda, ATG
176.106, 1966, Aug Average, Antigua and Barbuda, ATG
263.187, 1966, Sep Average, Antigua and Barbuda, ATG
199.239, 1966, Oct Average, Antigua and Barbuda, ATG
295.565, 1966, Nov Average, Antigua and Barbuda, ATG
219.252, 1966, Dec Average, Antigua and Barbuda, ATG
179.144, 1967, Jan Average, Antigua and Barbuda, ATG
111.886, 1967, Feb Average, Antigua and Barbuda, ATG
156.084, 1967, Mar Average, Antigua and Barbuda, ATG
110.542, 1967, Apr Average, Antigua and Barbuda, ATG
156.237, 1967, May Average, Antigua and Barbuda, ATG
112.623, 1967, Jun Average, Antigua and Barbuda, ATG
180.713, 1967, Jul Average, Antigua and Barbuda, ATG
156.05, 1967, Aug Average, Antigua and Barbuda, ATG
396.662, 1967, Sep Average, Antigua and Barbuda, ATG
252.199, 1967, Oct Average, Antigua and Barbuda, ATG
249.526, 1967, Nov Average, Antigua and Barbuda, ATG
119.025, 1967, Dec Average, Antigua and Barbuda, ATG
88.2417, 1968, Jan Average, Antigua and Barbuda, ATG
39.2619, 1968, Feb Average, Antigua and Barbuda, ATG
81.9234, 1968, Mar Average, Antigua and Barbuda, ATG
167.948, 1968, Apr Average, Antigua and Barbuda, ATG
197.731, 1968, May Average, Antigua and Barbuda, ATG
235.391, 1968, Jun Average, Antigua and Barbuda, ATG
161.11, 1968, Jul Average, Antigua and Barbuda, ATG
230.99, 1968, Aug Average, Antigua and Barbuda, ATG
200.499, 1968, Sep Average, Antigua and Barbuda, ATG
169.451, 1968, Oct Average, Antigua and Barbuda, ATG
173.596, 1968, Nov Average, Antigua and Barbuda, ATG
313.849, 1968, Dec Average, Antigua and Barbuda, ATG
153.555, 1969, Jan Average, Antigua and Barbuda, ATG
104.535, 1969, Feb Average, Antigua and Barbuda, ATG
76.5021, 1969, Mar Average, Antigua and Barbuda, ATG
148.315, 1969, Apr Average, Antigua and Barbuda, ATG
520.662, 1969, May Average, Antigua and Barbuda, ATG
220.299, 1969, Jun Average, Antigua and Barbuda, ATG
341.768, 1969, Jul Average, Antigua and Barbuda, ATG
216.835, 1969, Aug Average, Antigua and Barbuda, ATG
297.8, 1969, Sep Average, Antigua and Barbuda, ATG
234.252, 1969, Oct Average, Antigua and Barbuda, ATG
315.465, 1969, Nov Average, Antigua and Barbuda, ATG
146.563, 1969, Dec Average, Antigua and Barbuda, ATG
45.8133, 1970, Jan Average, Antigua and Barbuda, ATG
67.6425, 1970, Feb Average, Antigua and Barbuda, ATG
64.8206, 1970, Mar Average, Antigua and Barbuda, ATG
124.076, 1970, Apr Average, Antigua and Barbuda, ATG
256.179, 1970, May Average, Antigua and Barbuda, ATG
307.592, 1970, Jun Average, Antigua and Barbuda, ATG
306.31, 1970, Jul Average, Antigua and Barbuda, ATG
348.767, 1970, Aug Average, Antigua and Barbuda, ATG
219.707, 1970, Sep Average, Antigua and Barbuda, ATG
336.848, 1970, Oct Average, Antigua and Barbuda, ATG
279.491, 1970, Nov Average, Antigua and Barbuda, ATG
399.251, 1970, Dec Average, Antigua and Barbuda, ATG
179.048, 1971, Jan Average, Antigua and Barbuda, ATG
179.438, 1971, Feb Average, Antigua and Barbuda, ATG
89.7309, 1971, Mar Average, Antigua and Barbuda, ATG
234.946, 1971, Apr Average, Antigua and Barbuda, ATG
302.402, 1971, May Average, Antigua and Barbuda, ATG
67.6585, 1971, Jun Average, Antigua and Barbuda, ATG
150.95, 1971, Jul Average, Antigua and Barbuda, ATG
246.339, 1971, Aug Average, Antigua and Barbuda, ATG
174.629, 1971, Sep Average, Antigua and Barbuda, ATG
280.551, 1971, Oct Average, Antigua and Barbuda, ATG
103.734, 1971, Nov Average, Antigua and Barbuda, ATG
318.44, 1971, Dec Average, Antigua and Barbuda, ATG
225.719, 1972, Jan Average, Antigua and Barbuda, ATG
163.092, 1972, Feb Average, Antigua and Barbuda, ATG
151.469, 1972, Mar Average, Antigua and Barbuda, ATG
132.257, 1972, Apr Average, Antigua and Barbuda, ATG
114.524, 1972, May Average, Antigua and Barbuda, ATG
194.009, 1972, Jun Average, Antigua and Barbuda, ATG
168.005, 1972, Jul Average, Antigua and Barbuda, ATG
179.342, 1972, Aug Average, Antigua and Barbuda, ATG
218.958, 1972, Sep Average, Antigua and Barbuda, ATG
353.848, 1972, Oct Average, Antigua and Barbuda, ATG
187.693, 1972, Nov Average, Antigua and Barbuda, ATG
204.389, 1972, Dec Average, Antigua and Barbuda, ATG
100.788, 1973, Jan Average, Antigua and Barbuda, ATG
84.0526, 1973, Feb Average, Antigua and Barbuda, ATG
95.7912, 1973, Mar Average, Antigua and Barbuda, ATG
175.129, 1973, Apr Average, Antigua and Barbuda, ATG
71.7807, 1973, May Average, Antigua and Barbuda, ATG
209.992, 1973, Jun Average, Antigua and Barbuda, ATG
160.657, 1973, Jul Average, Antigua and Barbuda, ATG
187.967, 1973, Aug Average, Antigua and Barbuda, ATG
320.748, 1973, Sep Average, Antigua and Barbuda, ATG
169.306, 1973, Oct Average, Antigua and Barbuda, ATG
99.8943, 1973, Nov Average, Antigua and Barbuda, ATG
121.534, 1973, Dec Average, Antigua and Barbuda, ATG
224.478, 1974, Jan Average, Antigua and Barbuda, ATG
128.945, 1974, Feb Average, Antigua and Barbuda, ATG
198.633, 1974, Mar Average, Antigua and Barbuda, ATG
116, 1974, Apr Average, Antigua and Barbuda, ATG
120.984, 1974, May Average, Antigua and Barbuda, ATG
104.704, 1974, Jun Average, Antigua and Barbuda, ATG
100.209, 1974, Jul Average, Antigua and Barbuda, ATG
174.625, 1974, Aug Average, Antigua and Barbuda, ATG
327.232, 1974, Sep Average, Antigua and Barbuda, ATG
253.553, 1974, Oct Average, Antigua and Barbuda, ATG
347.072, 1974, Nov Average, Antigua and Barbuda, ATG
86.5523, 1974, Dec Average, Antigua and Barbuda, ATG
212.53, 1975, Jan Average, Antigua and Barbuda, ATG
105.99, 1975, Feb Average, Antigua and Barbuda, ATG
68.6023, 1975, Mar Average, Antigua and Barbuda, ATG
144.137, 1975, Apr Average, Antigua and Barbuda, ATG
105.945, 1975, May Average, Antigua and Barbuda, ATG
89.5791, 1975, Jun Average, Antigua and Barbuda, ATG
96.0772, 1975, Jul Average, Antigua and Barbuda, ATG
174.825, 1975, Aug Average, Antigua and Barbuda, ATG
380.785, 1975, Sep Average, Antigua and Barbuda, ATG
441.912, 1975, Oct Average, Antigua and Barbuda, ATG
316.868, 1975, Nov Average, Antigua and Barbuda, ATG
347.709, 1975, Dec Average, Antigua and Barbuda, ATG
131.141, 1976, Jan Average, Antigua and Barbuda, ATG
183.772, 1976, Feb Average, Antigua and Barbuda, ATG
119.296, 1976, Mar Average, Antigua and Barbuda, ATG
101.229, 1976, Apr Average, Antigua and Barbuda, ATG
103.465, 1976, May Average, Antigua and Barbuda, ATG
153.352, 1976, Jun Average, Antigua and Barbuda, ATG
98.8192, 1976, Jul Average, Antigua and Barbuda, ATG
214.209, 1976, Aug Average, Antigua and Barbuda, ATG
176.823, 1976, Sep Average, Antigua and Barbuda, ATG
322.352, 1976, Oct Average, Antigua and Barbuda, ATG
279.582, 1976, Nov Average, Antigua and Barbuda, ATG
229.55, 1976, Dec Average, Antigua and Barbuda, ATG
64.9795, 1977, Jan Average, Antigua and Barbuda, ATG
50.7781, 1977, Feb Average, Antigua and Barbuda, ATG
66.1609, 1977, Mar Average, Antigua and Barbuda, ATG
204.284, 1977, Apr Average, Antigua and Barbuda, ATG
95.1067, 1977, May Average, Antigua and Barbuda, ATG
92.9373, 1977, Jun Average, Antigua and Barbuda, ATG
142.28, 1977, Jul Average, Antigua and Barbuda, ATG
287.383, 1977, Aug Average, Antigua and Barbuda, ATG
255.286, 1977, Sep Average, Antigua and Barbuda, ATG
422.557, 1977, Oct Average, Antigua and Barbuda, ATG
443.252, 1977, Nov Average, Antigua and Barbuda, ATG
146.09, 1977, Dec Average, Antigua and Barbuda, ATG
123.168, 1978, Jan Average, Antigua and Barbuda, ATG
57.5136, 1978, Feb Average, Antigua and Barbuda, ATG
147.892, 1978, Mar Average, Antigua and Barbuda, ATG
144.135, 1978, Apr Average, Antigua and Barbuda, ATG
249.802, 1978, May Average, Antigua and Barbuda, ATG
169.571, 1978, Jun Average, Antigua and Barbuda, ATG
212.576, 1978, Jul Average, Antigua and Barbuda, ATG
254.592, 1978, Aug Average, Antigua and Barbuda, ATG
167.301, 1978, Sep Average, Antigua and Barbuda, ATG
251.691, 1978, Oct Average, Antigua and Barbuda, ATG
257.851, 1978, Nov Average, Antigua and Barbuda, ATG
127.266, 1978, Dec Average, Antigua and Barbuda, ATG
84.0255, 1979, Jan Average, Antigua and Barbuda, ATG
105.66, 1979, Feb Average, Antigua and Barbuda, ATG
196.657, 1979, Mar Average, Antigua and Barbuda, ATG
85.1835, 1979, Apr Average, Antigua and Barbuda, ATG
377.932, 1979, May Average, Antigua and Barbuda, ATG
399.386, 1979, Jun Average, Antigua and Barbuda, ATG
256.131, 1979, Jul Average, Antigua and Barbuda, ATG
350.494, 1979, Aug Average, Antigua and Barbuda, ATG
460.418, 1979, Sep Average, Antigua and Barbuda, ATG
247.687, 1979, Oct Average, Antigua and Barbuda, ATG
417.837, 1979, Nov Average, Antigua and Barbuda, ATG
233.86, 1979, Dec Average, Antigua and Barbuda, ATG
92.2249, 1980, Jan Average, Antigua and Barbuda, ATG
90.5145, 1980, Feb Average, Antigua and Barbuda, ATG
65.4227, 1980, Mar Average, Antigua and Barbuda, ATG
252.489, 1980, Apr Average, Antigua and Barbuda, ATG
127.374, 1980, May Average, Antigua and Barbuda, ATG
113.022, 1980, Jun Average, Antigua and Barbuda, ATG
210.763, 1980, Jul Average, Antigua and Barbuda, ATG
272.679, 1980, Aug Average, Antigua and Barbuda, ATG
252.278, 1980, Sep Average, Antigua and Barbuda, ATG
285.259, 1980, Oct Average, Antigua and Barbuda, ATG
203.398, 1980, Nov Average, Antigua and Barbuda, ATG
280.357, 1980, Dec Average, Antigua and Barbuda, ATG
146.886, 1981, Jan Average, Antigua and Barbuda, ATG
170.714, 1981, Feb Average, Antigua and Barbuda, ATG
89.2519, 1981, Mar Average, Antigua and Barbuda, ATG
377.193, 1981, Apr Average, Antigua and Barbuda, ATG
464.014, 1981, May Average, Antigua and Barbuda, ATG
216.898, 1981, Jun Average, Antigua and Barbuda, ATG
248.278, 1981, Jul Average, Antigua and Barbuda, ATG
233.652, 1981, Aug Average, Antigua and Barbuda, ATG
128.06, 1981, Sep Average, Antigua and Barbuda, ATG
226.727, 1981, Oct Average, Antigua and Barbuda, ATG
194.507, 1981, Nov Average, Antigua and Barbuda, ATG
319.979, 1981, Dec Average, Antigua and Barbuda, ATG
170.109, 1982, Jan Average, Antigua and Barbuda, ATG
194.069, 1982, Feb Average, Antigua and Barbuda, ATG
103.183, 1982, Mar Average, Antigua and Barbuda, ATG
169.586, 1982, Apr Average, Antigua and Barbuda, ATG
233.152, 1982, May Average, Antigua and Barbuda, ATG
119.82, 1982, Jun Average, Antigua and Barbuda, ATG
194.051, 1982, Jul Average, Antigua and Barbuda, ATG
222.275, 1982, Aug Average, Antigua and Barbuda, ATG
285.087, 1982, Sep Average, Antigua and Barbuda, ATG
256.822, 1982, Oct Average, Antigua and Barbuda, ATG
375.393, 1982, Nov Average, Antigua and Barbuda, ATG
233.691, 1982, Dec Average, Antigua and Barbuda, ATG
125.33, 1983, Jan Average, Antigua and Barbuda, ATG
47.9895, 1983, Feb Average, Antigua and Barbuda, ATG
99.5296, 1983, Mar Average, Antigua and Barbuda, ATG
206.926, 1983, Apr Average, Antigua and Barbuda, ATG
312.483, 1983, May Average, Antigua and Barbuda, ATG
132.9, 1983, Jun Average, Antigua and Barbuda, ATG
273.718, 1983, Jul Average, Antigua and Barbuda, ATG
248.969, 1983, Aug Average, Antigua and Barbuda, ATG
303.816, 1983, Sep Average, Antigua and Barbuda, ATG
175.759, 1983, Oct Average, Antigua and Barbuda, ATG
235.222, 1983, Nov Average, Antigua and Barbuda, ATG
155.936, 1983, Dec Average, Antigua and Barbuda, ATG
150.697, 1984, Jan Average, Antigua and Barbuda, ATG
100.955, 1984, Feb Average, Antigua and Barbuda, ATG
138.905, 1984, Mar Average, Antigua and Barbuda, ATG
140.782, 1984, Apr Average, Antigua and Barbuda, ATG
168.417, 1984, May Average, Antigua and Barbuda, ATG
183.883, 1984, Jun Average, Antigua and Barbuda, ATG
254.482, 1984, Jul Average, Antigua and Barbuda, ATG
166.984, 1984, Aug Average, Antigua and Barbuda, ATG
261.39, 1984, Sep Average, Antigua and Barbuda, ATG
307.164, 1984, Oct Average, Antigua and Barbuda, ATG
684.555, 1984, Nov Average, Antigua and Barbuda, ATG
132.188, 1984, Dec Average, Antigua and Barbuda, ATG
89.2483, 1985, Jan Average, Antigua and Barbuda, ATG
100.782, 1985, Feb Average, Antigua and Barbuda, ATG
189.519, 1985, Mar Average, Antigua and Barbuda, ATG
130.891, 1985, Apr Average, Antigua and Barbuda, ATG
126.192, 1985, May Average, Antigua and Barbuda, ATG
100.206, 1985, Jun Average, Antigua and Barbuda, ATG
122.316, 1985, Jul Average, Antigua and Barbuda, ATG
185.049, 1985, Aug Average, Antigua and Barbuda, ATG
280.572, 1985, Sep Average, Antigua and Barbuda, ATG
510.784, 1985, Oct Average, Antigua and Barbuda, ATG
286.081, 1985, Nov Average, Antigua and Barbuda, ATG
156.882, 1985, Dec Average, Antigua and Barbuda, ATG
205.652, 1986, Jan Average, Antigua and Barbuda, ATG
30.0591, 1986, Feb Average, Antigua and Barbuda, ATG
134.04, 1986, Mar Average, Antigua and Barbuda, ATG
214.277, 1986, Apr Average, Antigua and Barbuda, ATG
399.405, 1986, May Average, Antigua and Barbuda, ATG
137.434, 1986, Jun Average, Antigua and Barbuda, ATG
140.481, 1986, Jul Average, Antigua and Barbuda, ATG
221.514, 1986, Aug Average, Antigua and Barbuda, ATG
114.037, 1986, Sep Average, Antigua and Barbuda, ATG
270.856, 1986, Oct Average, Antigua and Barbuda, ATG
625.786, 1986, Nov Average, Antigua and Barbuda, ATG
197.652, 1986, Dec Average, Antigua and Barbuda, ATG
98.9774, 1987, Jan Average, Antigua and Barbuda, ATG
49.1407, 1987, Feb Average, Antigua and Barbuda, ATG
167.517, 1987, Mar Average, Antigua and Barbuda, ATG
117.536, 1987, Apr Average, Antigua and Barbuda, ATG
522.127, 1987, May Average, Antigua and Barbuda, ATG
368.35, 1987, Jun Average, Antigua and Barbuda, ATG
162.511, 1987, Jul Average, Antigua and Barbuda, ATG
184.16, 1987, Aug Average, Antigua and Barbuda, ATG
275.361, 1987, Sep Average, Antigua and Barbuda, ATG
232.723, 1987, Oct Average, Antigua and Barbuda, ATG
663.453, 1987, Nov Average, Antigua and Barbuda, ATG
216.516, 1987, Dec Average, Antigua and Barbuda, ATG
180.094, 1988, Jan Average, Antigua and Barbuda, ATG
186.208, 1988, Feb Average, Antigua and Barbuda, ATG
78.595, 1988, Mar Average, Antigua and Barbuda, ATG
202.929, 1988, Apr Average, Antigua and Barbuda, ATG
129.351, 1988, May Average, Antigua and Barbuda, ATG
234.289, 1988, Jun Average, Antigua and Barbuda, ATG
258.068, 1988, Jul Average, Antigua and Barbuda, ATG
414.561, 1988, Aug Average, Antigua and Barbuda, ATG
276.344, 1988, Sep Average, Antigua and Barbuda, ATG
299.332, 1988, Oct Average, Antigua and Barbuda, ATG
306.909, 1988, Nov Average, Antigua and Barbuda, ATG
228.094, 1988, Dec Average, Antigua and Barbuda, ATG
224.545, 1989, Jan Average, Antigua and Barbuda, ATG
305.003, 1989, Feb Average, Antigua and Barbuda, ATG
126.846, 1989, Mar Average, Antigua and Barbuda, ATG
186.216, 1989, Apr Average, Antigua and Barbuda, ATG
86.6011, 1989, May Average, Antigua and Barbuda, ATG
266.818, 1989, Jun Average, Antigua and Barbuda, ATG
171.982, 1989, Jul Average, Antigua and Barbuda, ATG
424.755, 1989, Aug Average, Antigua and Barbuda, ATG
559.808, 1989, Sep Average, Antigua and Barbuda, ATG
192.193, 1989, Oct Average, Antigua and Barbuda, ATG
181.939, 1989, Nov Average, Antigua and Barbuda, ATG
124.306, 1989, Dec Average, Antigua and Barbuda, ATG
164.429, 1990, Jan Average, Antigua and Barbuda, ATG
130.939, 1990, Feb Average, Antigua and Barbuda, ATG
195.135, 1990, Mar Average, Antigua and Barbuda, ATG
148.536, 1990, Apr Average, Antigua and Barbuda, ATG
130.404, 1990, May Average, Antigua and Barbuda, ATG
214.471, 1990, Jun Average, Antigua and Barbuda, ATG
189.699, 1990, Jul Average, Antigua and Barbuda, ATG
193.803, 1990, Aug Average, Antigua and Barbuda, ATG
195.509, 1990, Sep Average, Antigua and Barbuda, ATG
579.783, 1990, Oct Average, Antigua and Barbuda, ATG
185.903, 1990, Nov Average, Antigua and Barbuda, ATG
224.109, 1990, Dec Average, Antigua and Barbuda, ATG
163.548, 1991, Jan Average, Antigua and Barbuda, ATG
104.716, 1991, Feb Average, Antigua and Barbuda, ATG
169.743, 1991, Mar Average, Antigua and Barbuda, ATG
173.657, 1991, Apr Average, Antigua and Barbuda, ATG
165.69, 1991, May Average, Antigua and Barbuda, ATG
111.618, 1991, Jun Average, Antigua and Barbuda, ATG
149.86, 1991, Jul Average, Antigua and Barbuda, ATG
148.991, 1991, Aug Average, Antigua and Barbuda, ATG
247.028, 1991, Sep Average, Antigua and Barbuda, ATG
163.315, 1991, Oct Average, Antigua and Barbuda, ATG
382.52, 1991, Nov Average, Antigua and Barbuda, ATG
170.345, 1991, Dec Average, Antigua and Barbuda, ATG
123.618, 1992, Jan Average, Antigua and Barbuda, ATG
91.5628, 1992, Feb Average, Antigua and Barbuda, ATG
105.967, 1992, Mar Average, Antigua and Barbuda, ATG
150.592, 1992, Apr Average, Antigua and Barbuda, ATG
416.424, 1992, May Average, Antigua and Barbuda, ATG
216.328, 1992, Jun Average, Antigua and Barbuda, ATG
149.243, 1992, Jul Average, Antigua and Barbuda, ATG
251.319, 1992, Aug Average, Antigua and Barbuda, ATG
337.017, 1992, Sep Average, Antigua and Barbuda, ATG
213.445, 1992, Oct Average, Antigua and Barbuda, ATG
528.19, 1992, Nov Average, Antigua and Barbuda, ATG
450.842, 1992, Dec Average, Antigua and Barbuda, ATG
248.058, 1993, Jan Average, Antigua and Barbuda, ATG
73.2963, 1993, Feb Average, Antigua and Barbuda, ATG
159.377, 1993, Mar Average, Antigua and Barbuda, ATG
170.629, 1993, Apr Average, Antigua and Barbuda, ATG
534.675, 1993, May Average, Antigua and Barbuda, ATG
158.666, 1993, Jun Average, Antigua and Barbuda, ATG
186.056, 1993, Jul Average, Antigua and Barbuda, ATG
103.939, 1993, Aug Average, Antigua and Barbuda, ATG
262.997, 1993, Sep Average, Antigua and Barbuda, ATG
153.718, 1993, Oct Average, Antigua and Barbuda, ATG
228.503, 1993, Nov Average, Antigua and Barbuda, ATG
243.781, 1993, Dec Average, Antigua and Barbuda, ATG
170.623, 1994, Jan Average, Antigua and Barbuda, ATG
87.96, 1994, Feb Average, Antigua and Barbuda, ATG
55.9395, 1994, Mar Average, Antigua and Barbuda, ATG
141.586, 1994, Apr Average, Antigua and Barbuda, ATG
113.763, 1994, May Average, Antigua and Barbuda, ATG
120.28, 1994, Jun Average, Antigua and Barbuda, ATG
45.1678, 1994, Jul Average, Antigua and Barbuda, ATG
145.521, 1994, Aug Average, Antigua and Barbuda, ATG
273.131, 1994, Sep Average, Antigua and Barbuda, ATG
221.688, 1994, Oct Average, Antigua and Barbuda, ATG
140.692, 1994, Nov Average, Antigua and Barbuda, ATG
188.309, 1994, Dec Average, Antigua and Barbuda, ATG
76.1012, 1995, Jan Average, Antigua and Barbuda, ATG
160.083, 1995, Feb Average, Antigua and Barbuda, ATG
122.017, 1995, Mar Average, Antigua and Barbuda, ATG
109.448, 1995, Apr Average, Antigua and Barbuda, ATG
51.2146, 1995, May Average, Antigua and Barbuda, ATG
84.0337, 1995, Jun Average, Antigua and Barbuda, ATG
201.122, 1995, Jul Average, Antigua and Barbuda, ATG
282.153, 1995, Aug Average, Antigua and Barbuda, ATG
316.185, 1995, Sep Average, Antigua and Barbuda, ATG
304.347, 1995, Oct Average, Antigua and Barbuda, ATG
175.567, 1995, Nov Average, Antigua and Barbuda, ATG
393.335, 1995, Dec Average, Antigua and Barbuda, ATG
188.343, 1996, Jan Average, Antigua and Barbuda, ATG
84.0318, 1996, Feb Average, Antigua and Barbuda, ATG
195.769, 1996, Mar Average, Antigua and Barbuda, ATG
171.218, 1996, Apr Average, Antigua and Barbuda, ATG
63.2223, 1996, May Average, Antigua and Barbuda, ATG
215.29, 1996, Jun Average, Antigua and Barbuda, ATG
419.36, 1996, Jul Average, Antigua and Barbuda, ATG
170.403, 1996, Aug Average, Antigua and Barbuda, ATG
243.558, 1996, Sep Average, Antigua and Barbuda, ATG
333.26, 1996, Oct Average, Antigua and Barbuda, ATG
332.158, 1996, Nov Average, Antigua and Barbuda, ATG
223.106, 1996, Dec Average, Antigua and Barbuda, ATG
168.891, 1997, Jan Average, Antigua and Barbuda, ATG
231.338, 1997, Feb Average, Antigua and Barbuda, ATG
84.9798, 1997, Mar Average, Antigua and Barbuda, ATG
56.4435, 1997, Apr Average, Antigua and Barbuda, ATG
262.714, 1997, May Average, Antigua and Barbuda, ATG
81.623, 1997, Jun Average, Antigua and Barbuda, ATG
353.512, 1997, Jul Average, Antigua and Barbuda, ATG
168.894, 1997, Aug Average, Antigua and Barbuda, ATG
286.258, 1997, Sep Average, Antigua and Barbuda, ATG
375.083, 1997, Oct Average, Antigua and Barbuda, ATG
151.719, 1997, Nov Average, Antigua and Barbuda, ATG
67.7305, 1997, Dec Average, Antigua and Barbuda, ATG
208.314, 1998, Jan Average, Antigua and Barbuda, ATG
45.3162, 1998, Feb Average, Antigua and Barbuda, ATG
112.6, 1998, Mar Average, Antigua and Barbuda, ATG
200.562, 1998, Apr Average, Antigua and Barbuda, ATG
279.836, 1998, May Average, Antigua and Barbuda, ATG
165.511, 1998, Jun Average, Antigua and Barbuda, ATG
198.805, 1998, Jul Average, Antigua and Barbuda, ATG
237.113, 1998, Aug Average, Antigua and Barbuda, ATG
220.162, 1998, Sep Average, Antigua and Barbuda, ATG
409.114, 1998, Oct Average, Antigua and Barbuda, ATG
496.848, 1998, Nov Average, Antigua and Barbuda, ATG
439.973, 1998, Dec Average, Antigua and Barbuda, ATG
177.406, 1999, Jan Average, Antigua and Barbuda, ATG
77.8603, 1999, Feb Average, Antigua and Barbuda, ATG
48.5555, 1999, Mar Average, Antigua and Barbuda, ATG
166.111, 1999, Apr Average, Antigua and Barbuda, ATG
53.7144, 1999, May Average, Antigua and Barbuda, ATG
441.987, 1999, Jun Average, Antigua and Barbuda, ATG
226.588, 1999, Jul Average, Antigua and Barbuda, ATG
291.575, 1999, Aug Average, Antigua and Barbuda, ATG
194.426, 1999, Sep Average, Antigua and Barbuda, ATG
205.119, 1999, Oct Average, Antigua and Barbuda, ATG
425.116, 1999, Nov Average, Antigua and Barbuda, ATG
329.198, 1999, Dec Average, Antigua and Barbuda, ATG
193.737, 2000, Jan Average, Antigua and Barbuda, ATG
223.75, 2000, Feb Average, Antigua and Barbuda, ATG
59.6832, 2000, Mar Average, Antigua and Barbuda, ATG
100.608, 2000, Apr Average, Antigua and Barbuda, ATG
183.055, 2000, May Average, Antigua and Barbuda, ATG
87.7635, 2000, Jun Average, Antigua and Barbuda, ATG
136.229, 2000, Jul Average, Antigua and Barbuda, ATG
166.966, 2000, Aug Average, Antigua and Barbuda, ATG
177.582, 2000, Sep Average, Antigua and Barbuda, ATG
154.872, 2000, Oct Average, Antigua and Barbuda, ATG
377.498, 2000, Nov Average, Antigua and Barbuda, ATG
164.345, 2000, Dec Average, Antigua and Barbuda, ATG
60.4702, 2001, Jan Average, Antigua and Barbuda, ATG
158.065, 2001, Feb Average, Antigua and Barbuda, ATG
54.31, 2001, Mar Average, Antigua and Barbuda, ATG
166.51, 2001, Apr Average, Antigua and Barbuda, ATG
82.8919, 2001, May Average, Antigua and Barbuda, ATG
133.094, 2001, Jun Average, Antigua and Barbuda, ATG
174.839, 2001, Jul Average, Antigua and Barbuda, ATG
355.852, 2001, Aug Average, Antigua and Barbuda, ATG
156.657, 2001, Sep Average, Antigua and Barbuda, ATG
392.934, 2001, Oct Average, Antigua and Barbuda, ATG
187.367, 2001, Nov Average, Antigua and Barbuda, ATG
407.697, 2001, Dec Average, Antigua and Barbuda, ATG
152.928, 2002, Jan Average, Antigua and Barbuda, ATG
109.596, 2002, Feb Average, Antigua and Barbuda, ATG
225.801, 2002, Mar Average, Antigua and Barbuda, ATG
334.781, 2002, Apr Average, Antigua and Barbuda, ATG
134.13, 2002, May Average, Antigua and Barbuda, ATG
196.289, 2002, Jun Average, Antigua and Barbuda, ATG
188.956, 2002, Jul Average, Antigua and Barbuda, ATG
172.099, 2002, Aug Average, Antigua and Barbuda, ATG
283.787, 2002, Sep Average, Antigua and Barbuda, ATG
314.982, 2002, Oct Average, Antigua and Barbuda, ATG
256.642, 2002, Nov Average, Antigua and Barbuda, ATG
164.812, 2002, Dec Average, Antigua and Barbuda, ATG
148.851, 2003, Jan Average, Antigua and Barbuda, ATG
135.212, 2003, Feb Average, Antigua and Barbuda, ATG
51.9546, 2003, Mar Average, Antigua and Barbuda, ATG
149.507, 2003, Apr Average, Antigua and Barbuda, ATG
123.706, 2003, May Average, Antigua and Barbuda, ATG
140.657, 2003, Jun Average, Antigua and Barbuda, ATG
191.158, 2003, Jul Average, Antigua and Barbuda, ATG
288.891, 2003, Aug Average, Antigua and Barbuda, ATG
160.31, 2003, Sep Average, Antigua and Barbuda, ATG
406.148, 2003, Oct Average, Antigua and Barbuda, ATG
327.049, 2003, Nov Average, Antigua and Barbuda, ATG
447.813, 2003, Dec Average, Antigua and Barbuda, ATG
145.172, 2004, Jan Average, Antigua and Barbuda, ATG
145.492, 2004, Feb Average, Antigua and Barbuda, ATG
265.719, 2004, Mar Average, Antigua and Barbuda, ATG
103.437, 2004, Apr Average, Antigua and Barbuda, ATG
441.789, 2004, May Average, Antigua and Barbuda, ATG
172.399, 2004, Jun Average, Antigua and Barbuda, ATG
352.85, 2004, Jul Average, Antigua and Barbuda, ATG
115.321, 2004, Aug Average, Antigua and Barbuda, ATG
266.658, 2004, Sep Average, Antigua and Barbuda, ATG
320.345, 2004, Oct Average, Antigua and Barbuda, ATG
657.364, 2004, Nov Average, Antigua and Barbuda, ATG
205.212, 2004, Dec Average, Antigua and Barbuda, ATG
247.185, 2005, Jan Average, Antigua and Barbuda, ATG
102.632, 2005, Feb Average, Antigua and Barbuda, ATG
42.4345, 2005, Mar Average, Antigua and Barbuda, ATG
265.576, 2005, Apr Average, Antigua and Barbuda, ATG
273.6, 2005, May Average, Antigua and Barbuda, ATG
424.601, 2005, Jun Average, Antigua and Barbuda, ATG
234.251, 2005, Jul Average, Antigua and Barbuda, ATG
434.509, 2005, Aug Average, Antigua and Barbuda, ATG
125.626, 2005, Sep Average, Antigua and Barbuda, ATG
563.096, 2005, Oct Average, Antigua and Barbuda, ATG
354.993, 2005, Nov Average, Antigua and Barbuda, ATG
186.458, 2005, Dec Average, Antigua and Barbuda, ATG
316.394, 2006, Jan Average, Antigua and Barbuda, ATG
96.454, 2006, Feb Average, Antigua and Barbuda, ATG
86.7305, 2006, Mar Average, Antigua and Barbuda, ATG
177.902, 2006, Apr Average, Antigua and Barbuda, ATG
466.696, 2006, May Average, Antigua and Barbuda, ATG
391.52, 2006, Jun Average, Antigua and Barbuda, ATG
324.418, 2006, Jul Average, Antigua and Barbuda, ATG
377.87, 2006, Aug Average, Antigua and Barbuda, ATG
168.597, 2006, Sep Average, Antigua and Barbuda, ATG
296.081, 2006, Oct Average, Antigua and Barbuda, ATG
285.105, 2006, Nov Average, Antigua and Barbuda, ATG
205.343, 2006, Dec Average, Antigua and Barbuda, ATG
184.555, 2007, Jan Average, Antigua and Barbuda, ATG
122.964, 2007, Feb Average, Antigua and Barbuda, ATG
107.341, 2007, Mar Average, Antigua and Barbuda, ATG
106.02, 2007, Apr Average, Antigua and Barbuda, ATG
148.93, 2007, May Average, Antigua and Barbuda, ATG
200.166, 2007, Jun Average, Antigua and Barbuda, ATG
275.674, 2007, Jul Average, Antigua and Barbuda, ATG
266.336, 2007, Aug Average, Antigua and Barbuda, ATG
289.959, 2007, Sep Average, Antigua and Barbuda, ATG
299.225, 2007, Oct Average, Antigua and Barbuda, ATG
124.293, 2007, Nov Average, Antigua and Barbuda, ATG
290.141, 2007, Dec Average, Antigua and Barbuda, ATG
197.96, 2008, Jan Average, Antigua and Barbuda, ATG
211.633, 2008, Feb Average, Antigua and Barbuda, ATG
124.313, 2008, Mar Average, Antigua and Barbuda, ATG
135.726, 2008, Apr Average, Antigua and Barbuda, ATG
89.4245, 2008, May Average, Antigua and Barbuda, ATG
212.088, 2008, Jun Average, Antigua and Barbuda, ATG
233.994, 2008, Jul Average, Antigua and Barbuda, ATG
443.273, 2008, Aug Average, Antigua and Barbuda, ATG
442.622, 2008, Sep Average, Antigua and Barbuda, ATG
648.129, 2008, Oct Average, Antigua and Barbuda, ATG
232.026, 2008, Nov Average, Antigua and Barbuda, ATG
200.553, 2008, Dec Average, Antigua and Barbuda, ATG
205.908, 2009, Jan Average, Antigua and Barbuda, ATG
51.8191, 2009, Feb Average, Antigua and Barbuda, ATG
69.0438, 2009, Mar Average, Antigua and Barbuda, ATG
138.572, 2009, Apr Average, Antigua and Barbuda, ATG
271.915, 2009, May Average, Antigua and Barbuda, ATG
187.248, 2009, Jun Average, Antigua and Barbuda, ATG
157.798, 2009, Jul Average, Antigua and Barbuda, ATG
172.077, 2009, Aug Average, Antigua and Barbuda, ATG
157.361, 2009, Sep Average, Antigua and Barbuda, ATG
222.825, 2009, Oct Average, Antigua and Barbuda, ATG
181.568, 2009, Nov Average, Antigua and Barbuda, ATG
122.222, 2009, Dec Average, Antigua and Barbuda, ATG
140.722, 2010, Jan Average, Antigua and Barbuda, ATG
52.8085, 2010, Feb Average, Antigua and Barbuda, ATG
83.7869, 2010, Mar Average, Antigua and Barbuda, ATG
173.801, 2010, Apr Average, Antigua and Barbuda, ATG
237.801, 2010, May Average, Antigua and Barbuda, ATG
354.934, 2010, Jun Average, Antigua and Barbuda, ATG
437.697, 2010, Jul Average, Antigua and Barbuda, ATG
391.523, 2010, Aug Average, Antigua and Barbuda, ATG
238.165, 2010, Sep Average, Antigua and Barbuda, ATG
408.122, 2010, Oct Average, Antigua and Barbuda, ATG
411.298, 2010, Nov Average, Antigua and Barbuda, ATG
182.784, 2010, Dec Average, Antigua and Barbuda, ATG
97.7651, 2011, Jan Average, Antigua and Barbuda, ATG
116.054, 2011, Feb Average, Antigua and Barbuda, ATG
245.02, 2011, Mar Average, Antigua and Barbuda, ATG
203.656, 2011, Apr Average, Antigua and Barbuda, ATG
268.254, 2011, May Average, Antigua and Barbuda, ATG
220.935, 2011, Jun Average, Antigua and Barbuda, ATG
333.003, 2011, Jul Average, Antigua and Barbuda, ATG
434.563, 2011, Aug Average, Antigua and Barbuda, ATG
297.45, 2011, Sep Average, Antigua and Barbuda, ATG
204.274, 2011, Oct Average, Antigua and Barbuda, ATG
353.648, 2011, Nov Average, Antigua and Barbuda, ATG
275.253, 2011, Dec Average, Antigua and Barbuda, ATG
129.883, 2012, Jan Average, Antigua and Barbuda, ATG
114.148, 2012, Feb Average, Antigua and Barbuda, ATG
97.6815, 2012, Mar Average, Antigua and Barbuda, ATG
379.98, 2012, Apr Average, Antigua and Barbuda, ATG
581.098, 2012, May Average, Antigua and Barbuda, ATG
23.4604, 2012, Jun Average, Antigua and Barbuda, ATG
315.348, 2012, Jul Average, Antigua and Barbuda, ATG
212.834, 2012, Aug Average, Antigua and Barbuda, ATG
106.187, 2012, Sep Average, Antigua and Barbuda, ATG
277.447, 2012, Oct Average, Antigua and Barbuda, ATG
134.591, 2012, Nov Average, Antigua and Barbuda, ATG
253.856, 2012, Dec Average, Antigua and Barbuda, ATG
138.311, 2013, Jan Average, Antigua and Barbuda, ATG
84.206, 2013, Feb Average, Antigua and Barbuda, ATG
61.7522, 2013, Mar Average, Antigua and Barbuda, ATG
89.9737, 2013, Apr Average, Antigua and Barbuda, ATG
378.124, 2013, May Average, Antigua and Barbuda, ATG
156.915, 2013, Jun Average, Antigua and Barbuda, ATG
268.006, 2013, Jul Average, Antigua and Barbuda, ATG
209.606, 2013, Aug Average, Antigua and Barbuda, ATG
131.528, 2013, Sep Average, Antigua and Barbuda, ATG
259.114, 2013, Oct Average, Antigua and Barbuda, ATG
217.902, 2013, Nov Average, Antigua and Barbuda, ATG
326.997, 2013, Dec Average, Antigua and Barbuda, ATG
163.797, 2014, Jan Average, Antigua and Barbuda, ATG
157.402, 2014, Feb Average, Antigua and Barbuda, ATG
74.7176, 2014, Mar Average, Antigua and Barbuda, ATG
160.46, 2014, Apr Average, Antigua and Barbuda, ATG
315.388, 2014, May Average, Antigua and Barbuda, ATG
81.0429, 2014, Jun Average, Antigua and Barbuda, ATG
116.455, 2014, Jul Average, Antigua and Barbuda, ATG
225.164, 2014, Aug Average, Antigua and Barbuda, ATG
215.692, 2014, Sep Average, Antigua and Barbuda, ATG
483.45, 2014, Oct Average, Antigua and Barbuda, ATG
429.41, 2014, Nov Average, Antigua and Barbuda, ATG
163.952, 2014, Dec Average, Antigua and Barbuda, ATG
114.711, 2015, Jan Average, Antigua and Barbuda, ATG
82.5122, 2015, Feb Average, Antigua and Barbuda, ATG
78.6369, 2015, Mar Average, Antigua and Barbuda, ATG
122.944, 2015, Apr Average, Antigua and Barbuda, ATG
60.3164, 2015, May Average, Antigua and Barbuda, ATG
67.1729, 2015, Jun Average, Antigua and Barbuda, ATG
54.3823, 2015, Jul Average, Antigua and Barbuda, ATG
134.526, 2015, Aug Average, Antigua and Barbuda, ATG
92.9727, 2015, Sep Average, Antigua and Barbuda, ATG
195.17, 2015, Oct Average, Antigua and Barbuda, ATG
298.539, 2015, Nov Average, Antigua and Barbuda, ATG
156.344, 2015, Dec Average, Antigua and Barbuda, ATG
98.5743, 2016, Jan Average, Antigua and Barbuda, ATG
97.546, 2016, Feb Average, Antigua and Barbuda, ATG
191.972, 2016, Mar Average, Antigua and Barbuda, ATG
118.217, 2016, Apr Average, Antigua and Barbuda, ATG
159.734, 2016, May Average, Antigua and Barbuda, ATG
257.31, 2016, Jun Average, Antigua and Barbuda, ATG
300.212, 2016, Jul Average, Antigua and Barbuda, ATG
185.296, 2016, Aug Average, Antigua and Barbuda, ATG
383.499, 2016, Sep Average, Antigua and Barbuda, ATG
126.154, 2016, Oct Average, Antigua and Barbuda, ATG
373.944, 2016, Nov Average, Antigua and Barbuda, ATG
381.029, 2016, Dec Average, Antigua and Barbuda, ATG
